year,location,crop,season,soil_type,soil_awc_mm,duration_days,rainfall_tot_mm,effective_rain_mm,etc_mm,irrigation_supply_ratio,water_deficit_ratio,irrigation_applied_m3_ha,max_dry_spell_days,extreme_heat_days,mean_temp_c,mean_solar_rad_mj,gdd,yield_quintal_ha,yield_kg_ha
2014,solapur,Cotton,Kharif,Medium Black (Vertisol),180.0,165,425.8,207.8,658.1,0.0,0.684,0.0,56,78,28.69,21.49,3083.7,7.67,767.0
2014,solapur,Cotton,Kharif,Medium Black (Vertisol),180.0,165,425.8,207.8,658.1,0.5,0.4,3122.5,56,78,28.69,21.49,3083.7,12.35,1235.0
2014,solapur,Cotton,Kharif,Medium Black (Vertisol),180.0,165,425.8,207.8,658.1,1.0,0.115,6245.0,56,78,28.69,21.49,3083.7,17.4,1740.0
2014,solapur,Cotton,Kharif,Deep Black (Heavy Vertisol),200.0,165,425.8,207.8,658.1,0.0,0.684,0.0,56,78,28.69,21.49,3083.7,8.06,806.0
2014,solapur,Cotton,Kharif,Deep Black (Heavy Vertisol),200.0,165,425.8,207.8,658.1,0.5,0.406,3052.5,56,78,28.69,21.49,3083.7,15.56,1556.0
2014,solapur,Cotton,Kharif,Deep Black (Heavy Vertisol),200.0,165,425.8,207.8,658.1,1.0,0.128,6105.0,56,78,28.69,21.49,3083.7,21.29,2129.0
2014,solapur,Cotton,Kharif,Light Loam (Sandy Loam),140.0,165,425.8,207.8,658.1,0.0,0.684,0.0,56,78,28.69,21.49,3083.7,5.6,560.0
2014,solapur,Cotton,Kharif,Light Loam (Sandy Loam),140.0,165,425.8,207.8,658.1,0.5,0.387,3262.5,56,78,28.69,21.49,3083.7,11.4,1140.0
2014,solapur,Cotton,Kharif,Light Loam (Sandy Loam),140.0,165,425.8,207.8,658.1,1.0,0.089,6525.0,56,78,28.69,21.49,3083.7,19.2,1920.0
2014,solapur,Soybean,Kharif,Medium Black (Vertisol),180.0,105,311.3,143.4,445.4,0.0,0.678,0.0,56,26,26.37,20.6,1719.0,10.27,1027.0
2014,solapur,Soybean,Kharif,Medium Black (Vertisol),180.0,105,311.3,143.4,445.4,0.5,0.375,2247.5,56,26,26.37,20.6,1719.0,17.08,1708.0
2014,solapur,Soybean,Kharif,Medium Black (Vertisol),180.0,105,311.3,143.4,445.4,1.0,0.073,4495.0,56,26,26.37,20.6,1719.0,20.27,2027.0
2014,solapur,Soybean,Kharif,Deep Black (Heavy Vertisol),200.0,105,311.3,143.4,445.4,0.0,0.678,0.0,56,26,26.37,20.6,1719.0,11.75,1175.0
2014,solapur,Soybean,Kharif,Deep Black (Heavy Vertisol),200.0,105,311.3,143.4,445.4,0.5,0.379,2217.5,56,26,26.37,20.6,1719.0,16.72,1672.0
2014,solapur,Soybean,Kharif,Deep Black (Heavy Vertisol),200.0,105,311.3,143.4,445.4,1.0,0.081,4435.0,56,26,26.37,20.6,1719.0,23.02,2302.0
2014,solapur,Soybean,Kharif,Light Loam (Sandy Loam),140.0,105,311.3,143.4,445.4,0.0,0.678,0.0,56,26,26.37,20.6,1719.0,9.16,916.0
2014,solapur,Soybean,Kharif,Light Loam (Sandy Loam),140.0,105,311.3,143.4,445.4,0.5,0.367,2307.5,56,26,26.37,20.6,1719.0,15.97,1597.0
2014,solapur,Soybean,Kharif,Light Loam (Sandy Loam),140.0,105,311.3,143.4,445.4,1.0,0.056,4615.0,56,26,26.37,20.6,1719.0,22.01,2201.0
2014,solapur,Maize,Kharif,Medium Black (Vertisol),180.0,110,316.7,145.8,458.7,0.0,0.682,0.0,56,30,26.64,20.63,1830.5,14.27,1427.0
2014,solapur,Maize,Kharif,Medium Black (Vertisol),180.0,110,316.7,145.8,458.7,0.5,0.39,2234.0,56,30,26.64,20.63,1830.5,13.3,1330.0
2014,solapur,Maize,Kharif,Medium Black (Vertisol),180.0,110,316.7,145.8,458.7,1.0,0.098,4468.0,56,30,26.64,20.63,1830.5,40.04,4004.0
2014,solapur,Maize,Kharif,Deep Black (Heavy Vertisol),200.0,110,316.7,145.8,458.7,0.0,0.682,0.0,56,30,26.64,20.63,1830.5,11.63,1163.0
2014,solapur,Maize,Kharif,Deep Black (Heavy Vertisol),200.0,110,316.7,145.8,458.7,0.5,0.395,2192.5,56,30,26.64,20.63,1830.5,20.06,2006.0
2014,solapur,Maize,Kharif,Deep Black (Heavy Vertisol),200.0,110,316.7,145.8,458.7,1.0,0.109,4385.0,56,30,26.64,20.63,1830.5,40.45,4045.0
2014,solapur,Maize,Kharif,Light Loam (Sandy Loam),140.0,110,316.7,145.8,458.7,0.0,0.682,0.0,56,30,26.64,20.63,1830.5,19.47,1947.0
2014,solapur,Maize,Kharif,Light Loam (Sandy Loam),140.0,110,316.7,145.8,458.7,0.5,0.379,2317.5,56,30,26.64,20.63,1830.5,17.9,1790.0
2014,solapur,Maize,Kharif,Light Loam (Sandy Loam),140.0,110,316.7,145.8,458.7,1.0,0.076,4635.0,56,30,26.64,20.63,1830.5,36.33,3633.0
2014,solapur,Gram,Rabi / Late Kharif,Medium Black (Vertisol),180.0,100,182.2,111.2,312.7,0.0,0.644,0.0,56,21,26.1,20.29,1610.1,9.51,951.0
2014,solapur,Gram,Rabi / Late Kharif,Medium Black (Vertisol),180.0,100,182.2,111.2,312.7,0.5,0.35,1536.0,56,21,26.1,20.29,1610.1,13.88,1388.0
2014,solapur,Gram,Rabi / Late Kharif,Medium Black (Vertisol),180.0,100,182.2,111.2,312.7,1.0,0.055,3072.0,56,21,26.1,20.29,1610.1,21.13,2113.0
2014,solapur,Gram,Rabi / Late Kharif,Deep Black (Heavy Vertisol),200.0,100,182.2,111.2,312.7,0.0,0.644,0.0,56,21,26.1,20.29,1610.1,9.6,960.0
2014,solapur,Gram,Rabi / Late Kharif,Deep Black (Heavy Vertisol),200.0,100,182.2,111.2,312.7,0.5,0.359,1486.0,56,21,26.1,20.29,1610.1,15.77,1577.0
2014,solapur,Gram,Rabi / Late Kharif,Deep Black (Heavy Vertisol),200.0,100,182.2,111.2,312.7,1.0,0.074,2972.0,56,21,26.1,20.29,1610.1,22.4,2240.0
2014,solapur,Gram,Rabi / Late Kharif,Light Loam (Sandy Loam),140.0,100,182.2,111.2,312.7,0.0,0.644,0.0,56,21,26.1,20.29,1610.1,7.38,738.0
2014,solapur,Gram,Rabi / Late Kharif,Light Loam (Sandy Loam),140.0,100,182.2,111.2,312.7,0.5,0.331,1636.0,56,21,26.1,20.29,1610.1,14.02,1402.0
2014,solapur,Gram,Rabi / Late Kharif,Light Loam (Sandy Loam),140.0,100,182.2,111.2,312.7,1.0,0.017,3272.0,56,21,26.1,20.29,1610.1,22.86,2286.0
2014,solapur,Jowar,Kharif / Rabi,Medium Black (Vertisol),180.0,105,182.2,111.2,341.2,0.0,0.674,0.0,56,26,26.37,20.6,1719.0,12.55,1255.0
2014,solapur,Jowar,Kharif / Rabi,Medium Black (Vertisol),180.0,105,182.2,111.2,341.2,0.5,0.411,1496.0,56,26,26.37,20.6,1719.0,18.83,1883.0
2014,solapur,Jowar,Kharif / Rabi,Medium Black (Vertisol),180.0,105,182.2,111.2,341.2,1.0,0.148,2992.0,56,26,26.37,20.6,1719.0,25.1,2510.0
2014,solapur,Jowar,Kharif / Rabi,Deep Black (Heavy Vertisol),200.0,105,182.2,111.2,341.2,0.0,0.674,0.0,56,26,26.37,20.6,1719.0,13.34,1334.0
2014,solapur,Jowar,Kharif / Rabi,Deep Black (Heavy Vertisol),200.0,105,182.2,111.2,341.2,0.5,0.422,1436.0,56,26,26.37,20.6,1719.0,20.63,2063.0
2014,solapur,Jowar,Kharif / Rabi,Deep Black (Heavy Vertisol),200.0,105,182.2,111.2,341.2,1.0,0.169,2872.0,56,26,26.37,20.6,1719.0,26.01,2601.0
2014,solapur,Jowar,Kharif / Rabi,Light Loam (Sandy Loam),140.0,105,182.2,111.2,341.2,0.0,0.674,0.0,56,26,26.37,20.6,1719.0,14.27,1427.0
2014,solapur,Jowar,Kharif / Rabi,Light Loam (Sandy Loam),140.0,105,182.2,111.2,341.2,0.5,0.39,1616.0,56,26,26.37,20.6,1719.0,17.81,1781.0
2014,solapur,Jowar,Kharif / Rabi,Light Loam (Sandy Loam),140.0,105,182.2,111.2,341.2,1.0,0.106,3232.0,56,26,26.37,20.6,1719.0,23.68,2368.0
2015,solapur,Cotton,Kharif,Medium Black (Vertisol),180.0,165,293.7,141.6,683.1,0.0,0.793,0.0,58,58,28.03,22.08,2975.7,6.92,692.0
2015,solapur,Cotton,Kharif,Medium Black (Vertisol),180.0,165,293.7,141.6,683.1,0.5,0.452,3882.5,58,58,28.03,22.08,2975.7,11.28,1128.0
2015,solapur,Cotton,Kharif,Medium Black (Vertisol),180.0,165,293.7,141.6,683.1,1.0,0.111,7765.0,58,58,28.03,22.08,2975.7,19.18,1918.0
2015,solapur,Cotton,Kharif,Deep Black (Heavy Vertisol),200.0,165,293.7,141.6,683.1,0.0,0.793,0.0,58,58,28.03,22.08,2975.7,6.19,619.0
2015,solapur,Cotton,Kharif,Deep Black (Heavy Vertisol),200.0,165,293.7,141.6,683.1,0.5,0.458,3812.5,58,58,28.03,22.08,2975.7,11.43,1143.0
2015,solapur,Cotton,Kharif,Deep Black (Heavy Vertisol),200.0,165,293.7,141.6,683.1,1.0,0.123,7625.0,58,58,28.03,22.08,2975.7,20.32,2032.0
2015,solapur,Cotton,Kharif,Light Loam (Sandy Loam),140.0,165,293.7,141.6,683.1,0.0,0.793,0.0,58,58,28.03,22.08,2975.7,9.01,901.0
2015,solapur,Cotton,Kharif,Light Loam (Sandy Loam),140.0,165,293.7,141.6,683.1,0.5,0.439,4022.5,58,58,28.03,22.08,2975.7,11.4,1140.0
2015,solapur,Cotton,Kharif,Light Loam (Sandy Loam),140.0,165,293.7,141.6,683.1,1.0,0.086,8045.0,58,58,28.03,22.08,2975.7,18.91,1891.0
2015,solapur,Soybean,Kharif,Medium Black (Vertisol),180.0,105,239.5,113.3,474.1,0.0,0.761,0.0,58,19,25.87,21.08,1666.2,7.59,759.0
2015,solapur,Soybean,Kharif,Medium Black (Vertisol),180.0,105,239.5,113.3,474.1,0.5,0.414,2738.5,58,19,25.87,21.08,1666.2,17.23,1723.0
2015,solapur,Soybean,Kharif,Medium Black (Vertisol),180.0,105,239.5,113.3,474.1,1.0,0.068,5477.0,58,19,25.87,21.08,1666.2,21.47,2147.0
2015,solapur,Soybean,Kharif,Deep Black (Heavy Vertisol),200.0,105,239.5,113.3,474.1,0.0,0.761,0.0,58,19,25.87,21.08,1666.2,9.29,929.0
2015,solapur,Soybean,Kharif,Deep Black (Heavy Vertisol),200.0,105,239.5,113.3,474.1,0.5,0.418,2708.5,58,19,25.87,21.08,1666.2,18.04,1804.0
2015,solapur,Soybean,Kharif,Deep Black (Heavy Vertisol),200.0,105,239.5,113.3,474.1,1.0,0.076,5417.0,58,19,25.87,21.08,1666.2,25.2,2520.0
2015,solapur,Soybean,Kharif,Light Loam (Sandy Loam),140.0,105,239.5,113.3,474.1,0.0,0.761,0.0,58,19,25.87,21.08,1666.2,7.81,781.0
2015,solapur,Soybean,Kharif,Light Loam (Sandy Loam),140.0,105,239.5,113.3,474.1,0.5,0.407,2798.5,58,19,25.87,21.08,1666.2,13.83,1383.0
2015,solapur,Soybean,Kharif,Light Loam (Sandy Loam),140.0,105,239.5,113.3,474.1,1.0,0.053,5597.0,58,19,25.87,21.08,1666.2,20.23,2023.0
2015,solapur,Maize,Kharif,Medium Black (Vertisol),180.0,110,280.6,138.2,484.8,0.0,0.715,0.0,58,22,26.11,21.26,1771.8,12.86,1286.0
2015,solapur,Maize,Kharif,Medium Black (Vertisol),180.0,110,280.6,138.2,484.8,0.5,0.391,2619.0,58,22,26.11,21.26,1771.8,21.92,2192.0
2015,solapur,Maize,Kharif,Medium Black (Vertisol),180.0,110,280.6,138.2,484.8,1.0,0.067,5238.0,58,22,26.11,21.26,1771.8,41.34,4134.0
2015,solapur,Maize,Kharif,Deep Black (Heavy Vertisol),200.0,110,280.6,138.2,484.8,0.0,0.715,0.0,58,22,26.11,21.26,1771.8,14.57,1457.0
2015,solapur,Maize,Kharif,Deep Black (Heavy Vertisol),200.0,110,280.6,138.2,484.8,0.5,0.396,2577.5,58,22,26.11,21.26,1771.8,21.86,2186.0
2015,solapur,Maize,Kharif,Deep Black (Heavy Vertisol),200.0,110,280.6,138.2,484.8,1.0,0.077,5155.0,58,22,26.11,21.26,1771.8,42.52,4252.0
2015,solapur,Maize,Kharif,Light Loam (Sandy Loam),140.0,110,280.6,138.2,484.8,0.0,0.715,0.0,58,22,26.11,21.26,1771.8,14.08,1408.0
2015,solapur,Maize,Kharif,Light Loam (Sandy Loam),140.0,110,280.6,138.2,484.8,0.5,0.38,2702.5,58,22,26.11,21.26,1771.8,12.6,1260.0
2015,solapur,Maize,Kharif,Light Loam (Sandy Loam),140.0,110,280.6,138.2,484.8,1.0,0.046,5405.0,58,22,26.11,21.26,1771.8,37.49,3749.0
2015,solapur,Gram,Rabi / Late Kharif,Medium Black (Vertisol),180.0,100,11.1,3.5,332.5,0.0,0.989,0.0,58,19,25.78,21.03,1578.0,4.4,440.0
2015,solapur,Gram,Rabi / Late Kharif,Medium Black (Vertisol),180.0,100,11.1,3.5,332.5,0.5,0.576,2291.5,58,19,25.78,21.03,1578.0,9.67,967.0
2015,solapur,Gram,Rabi / Late Kharif,Medium Black (Vertisol),180.0,100,11.1,3.5,332.5,1.0,0.162,4583.0,58,19,25.78,21.03,1578.0,19.41,1941.0
2015,solapur,Gram,Rabi / Late Kharif,Deep Black (Heavy Vertisol),200.0,100,11.1,3.5,332.5,0.0,0.989,0.0,58,19,25.78,21.03,1578.0,5.3,530.0
2015,solapur,Gram,Rabi / Late Kharif,Deep Black (Heavy Vertisol),200.0,100,11.1,3.5,332.5,0.5,0.585,2241.5,58,19,25.78,21.03,1578.0,10.63,1063.0
2015,solapur,Gram,Rabi / Late Kharif,Deep Black (Heavy Vertisol),200.0,100,11.1,3.5,332.5,1.0,0.18,4483.0,58,19,25.78,21.03,1578.0,20.34,2034.0
2015,solapur,Gram,Rabi / Late Kharif,Light Loam (Sandy Loam),140.0,100,11.1,3.5,332.5,0.0,0.989,0.0,58,19,25.78,21.03,1578.0,6.17,617.0
2015,solapur,Gram,Rabi / Late Kharif,Light Loam (Sandy Loam),140.0,100,11.1,3.5,332.5,0.5,0.558,2391.5,58,19,25.78,21.03,1578.0,9.6,960.0
2015,solapur,Gram,Rabi / Late Kharif,Light Loam (Sandy Loam),140.0,100,11.1,3.5,332.5,1.0,0.126,4783.0,58,19,25.78,21.03,1578.0,17.39,1739.0
2015,solapur,Jowar,Kharif / Rabi,Medium Black (Vertisol),180.0,105,11.1,3.5,361.9,0.0,0.99,0.0,58,19,25.87,21.08,1666.2,7.28,728.0
2015,solapur,Jowar,Kharif / Rabi,Medium Black (Vertisol),180.0,105,11.1,3.5,361.9,0.5,0.585,2446.5,58,19,25.87,21.08,1666.2,15.53,1553.0
2015,solapur,Jowar,Kharif / Rabi,Medium Black (Vertisol),180.0,105,11.1,3.5,361.9,1.0,0.179,4893.0,58,19,25.87,21.08,1666.2,20.95,2095.0
2015,solapur,Jowar,Kharif / Rabi,Deep Black (Heavy Vertisol),200.0,105,11.1,3.5,361.9,0.0,0.99,0.0,58,19,25.87,21.08,1666.2,9.33,933.0
2015,solapur,Jowar,Kharif / Rabi,Deep Black (Heavy Vertisol),200.0,105,11.1,3.5,361.9,0.5,0.595,2386.5,58,19,25.87,21.08,1666.2,15.05,1505.0
2015,solapur,Jowar,Kharif / Rabi,Deep Black (Heavy Vertisol),200.0,105,11.1,3.5,361.9,1.0,0.199,4773.0,58,19,25.87,21.08,1666.2,24.52,2452.0
2015,solapur,Jowar,Kharif / Rabi,Light Loam (Sandy Loam),140.0,105,11.1,3.5,361.9,0.0,0.99,0.0,58,19,25.87,21.08,1666.2,7.63,763.0
2015,solapur,Jowar,Kharif / Rabi,Light Loam (Sandy Loam),140.0,105,11.1,3.5,361.9,0.5,0.565,2566.5,58,19,25.87,21.08,1666.2,14.92,1492.0
2015,solapur,Jowar,Kharif / Rabi,Light Loam (Sandy Loam),140.0,105,11.1,3.5,361.9,1.0,0.139,5133.0,58,19,25.87,21.08,1666.2,23.35,2335.0
2016,solapur,Cotton,Kharif,Medium Black (Vertisol),180.0,165,528.8,287.2,628.4,0.0,0.543,0.0,61,85,30.02,21.97,3303.8,9.41,941.0
2016,solapur,Cotton,Kharif,Medium Black (Vertisol),180.0,165,528.8,287.2,628.4,0.5,0.332,2213.5,61,85,30.02,21.97,3303.8,15.11,1511.0
2016,solapur,Cotton,Kharif,Medium Black (Vertisol),180.0,165,528.8,287.2,628.4,1.0,0.12,4427.0,61,85,30.02,21.97,3303.8,19.41,1941.0
2016,solapur,Cotton,Kharif,Deep Black (Heavy Vertisol),200.0,165,528.8,287.2,628.4,0.0,0.543,0.0,61,85,30.02,21.97,3303.8,10.55,1055.0
2016,solapur,Cotton,Kharif,Deep Black (Heavy Vertisol),200.0,165,528.8,287.2,628.4,0.5,0.338,2143.5,61,85,30.02,21.97,3303.8,17.05,1705.0
2016,solapur,Cotton,Kharif,Deep Black (Heavy Vertisol),200.0,165,528.8,287.2,628.4,1.0,0.134,4287.0,61,85,30.02,21.97,3303.8,21.54,2154.0
2016,solapur,Cotton,Kharif,Light Loam (Sandy Loam),140.0,165,528.8,287.2,628.4,0.0,0.543,0.0,61,85,30.02,21.97,3303.8,8.98,898.0
2016,solapur,Cotton,Kharif,Light Loam (Sandy Loam),140.0,165,528.8,287.2,628.4,0.5,0.318,2353.5,61,85,30.02,21.97,3303.8,14.12,1412.0
2016,solapur,Cotton,Kharif,Light Loam (Sandy Loam),140.0,165,528.8,287.2,628.4,1.0,0.094,4707.0,61,85,30.02,21.97,3303.8,17.66,1766.0
2016,solapur,Soybean,Kharif,Medium Black (Vertisol),180.0,105,486.2,265.5,423.9,0.0,0.374,0.0,61,37,28.21,21.03,1912.3,16.7,1670.0
2016,solapur,Soybean,Kharif,Medium Black (Vertisol),180.0,105,486.2,265.5,423.9,0.5,0.143,1628.5,61,37,28.21,21.03,1912.3,22.54,2254.0
2016,solapur,Soybean,Kharif,Medium Black (Vertisol),180.0,105,486.2,265.5,423.9,1.0,0.0,3257.0,61,37,28.21,21.03,1912.3,22.79,2279.0
2016,solapur,Soybean,Kharif,Deep Black (Heavy Vertisol),200.0,105,486.2,265.5,423.9,0.0,0.374,0.0,61,37,28.21,21.03,1912.3,18.29,1829.0
2016,solapur,Soybean,Kharif,Deep Black (Heavy Vertisol),200.0,105,486.2,265.5,423.9,0.5,0.147,1598.5,61,37,28.21,21.03,1912.3,22.87,2287.0
2016,solapur,Soybean,Kharif,Deep Black (Heavy Vertisol),200.0,105,486.2,265.5,423.9,1.0,0.0,3197.0,61,37,28.21,21.03,1912.3,25.2,2520.0
2016,solapur,Soybean,Kharif,Light Loam (Sandy Loam),140.0,105,486.2,265.5,423.9,0.0,0.374,0.0,61,37,28.21,21.03,1912.3,15.49,1549.0
2016,solapur,Soybean,Kharif,Light Loam (Sandy Loam),140.0,105,486.2,265.5,423.9,0.5,0.135,1688.5,61,37,28.21,21.03,1912.3,18.59,1859.0
2016,solapur,Soybean,Kharif,Light Loam (Sandy Loam),140.0,105,486.2,265.5,423.9,1.0,0.0,3377.0,61,37,28.21,21.03,1912.3,21.43,2143.0
2016,solapur,Maize,Kharif,Medium Black (Vertisol),180.0,110,523.0,287.2,434.6,0.0,0.339,0.0,61,42,28.53,21.22,2038.0,21.06,2106.0
2016,solapur,Maize,Kharif,Medium Black (Vertisol),180.0,110,523.0,287.2,434.6,0.5,0.145,1410.0,61,42,28.53,21.22,2038.0,32.74,3274.0
2016,solapur,Maize,Kharif,Medium Black (Vertisol),180.0,110,523.0,287.2,434.6,1.0,0.0,2820.0,61,42,28.53,21.22,2038.0,43.77,4377.0
2016,solapur,Maize,Kharif,Deep Black (Heavy Vertisol),200.0,110,523.0,287.2,434.6,0.0,0.339,0.0,61,42,28.53,21.22,2038.0,24.94,2494.0
2016,solapur,Maize,Kharif,Deep Black (Heavy Vertisol),200.0,110,523.0,287.2,434.6,0.5,0.15,1368.5,61,42,28.53,21.22,2038.0,31.75,3175.0
2016,solapur,Maize,Kharif,Deep Black (Heavy Vertisol),200.0,110,523.0,287.2,434.6,1.0,0.0,2737.0,61,42,28.53,21.22,2038.0,49.63,4963.0
2016,solapur,Maize,Kharif,Light Loam (Sandy Loam),140.0,110,523.0,287.2,434.6,0.0,0.339,0.0,61,42,28.53,21.22,2038.0,18.15,1815.0
2016,solapur,Maize,Kharif,Light Loam (Sandy Loam),140.0,110,523.0,287.2,434.6,0.5,0.133,1493.5,61,42,28.53,21.22,2038.0,28.65,2865.0
2016,solapur,Maize,Kharif,Light Loam (Sandy Loam),140.0,110,523.0,287.2,434.6,1.0,0.0,2987.0,61,42,28.53,21.22,2038.0,42.21,4221.0
2016,solapur,Gram,Rabi / Late Kharif,Medium Black (Vertisol),180.0,100,5.1,0.0,321.0,0.0,1.0,0.0,61,32,27.91,20.77,1790.7,5.5,550.0
2016,solapur,Gram,Rabi / Late Kharif,Medium Black (Vertisol),180.0,100,5.1,0.0,321.0,0.5,0.584,2225.0,61,32,27.91,20.77,1790.7,11.29,1129.0
2016,solapur,Gram,Rabi / Late Kharif,Medium Black (Vertisol),180.0,100,5.1,0.0,321.0,1.0,0.168,4450.0,61,32,27.91,20.77,1790.7,20.09,2009.0
2016,solapur,Gram,Rabi / Late Kharif,Deep Black (Heavy Vertisol),200.0,100,5.1,0.0,321.0,0.0,1.0,0.0,61,32,27.91,20.77,1790.7,6.49,649.0
2016,solapur,Gram,Rabi / Late Kharif,Deep Black (Heavy Vertisol),200.0,100,5.1,0.0,321.0,0.5,0.593,2176.0,61,32,27.91,20.77,1790.7,10.64,1064.0
2016,solapur,Gram,Rabi / Late Kharif,Deep Black (Heavy Vertisol),200.0,100,5.1,0.0,321.0,1.0,0.187,4352.0,61,32,27.91,20.77,1790.7,17.49,1749.0
2016,solapur,Gram,Rabi / Late Kharif,Light Loam (Sandy Loam),140.0,100,5.1,0.0,321.0,0.0,1.0,0.0,61,32,27.91,20.77,1790.7,5.0,500.0
2016,solapur,Gram,Rabi / Late Kharif,Light Loam (Sandy Loam),140.0,100,5.1,0.0,321.0,0.5,0.565,2325.0,61,32,27.91,20.77,1790.7,9.38,938.0
2016,solapur,Gram,Rabi / Late Kharif,Light Loam (Sandy Loam),140.0,100,5.1,0.0,321.0,1.0,0.131,4650.0,61,32,27.91,20.77,1790.7,17.21,1721.0
2016,solapur,Jowar,Kharif / Rabi,Medium Black (Vertisol),180.0,105,5.1,0.0,349.7,0.0,1.0,0.0,61,37,28.21,21.03,1912.3,8.4,840.0
2016,solapur,Jowar,Kharif / Rabi,Medium Black (Vertisol),180.0,105,5.1,0.0,349.7,0.5,0.593,2374.0,61,37,28.21,21.03,1912.3,14.86,1486.0
2016,solapur,Jowar,Kharif / Rabi,Medium Black (Vertisol),180.0,105,5.1,0.0,349.7,1.0,0.185,4748.0,61,37,28.21,21.03,1912.3,22.47,2247.0
2016,solapur,Jowar,Kharif / Rabi,Deep Black (Heavy Vertisol),200.0,105,5.1,0.0,349.7,0.0,1.0,0.0,61,37,28.21,21.03,1912.3,8.5,850.0
2016,solapur,Jowar,Kharif / Rabi,Deep Black (Heavy Vertisol),200.0,105,5.1,0.0,349.7,0.5,0.603,2314.0,61,37,28.21,21.03,1912.3,15.92,1592.0
2016,solapur,Jowar,Kharif / Rabi,Deep Black (Heavy Vertisol),200.0,105,5.1,0.0,349.7,1.0,0.206,4628.0,61,37,28.21,21.03,1912.3,23.75,2375.0
2016,solapur,Jowar,Kharif / Rabi,Light Loam (Sandy Loam),140.0,105,5.1,0.0,349.7,0.0,1.0,0.0,61,37,28.21,21.03,1912.3,6.94,694.0
2016,solapur,Jowar,Kharif / Rabi,Light Loam (Sandy Loam),140.0,105,5.1,0.0,349.7,0.5,0.572,2494.0,61,37,28.21,21.03,1912.3,13.83,1383.0
2016,solapur,Jowar,Kharif / Rabi,Light Loam (Sandy Loam),140.0,105,5.1,0.0,349.7,1.0,0.144,4988.0,61,37,28.21,21.03,1912.3,21.8,2180.0
2017,solapur,Cotton,Kharif,Medium Black (Vertisol),180.0,165,519.0,268.0,632.5,0.0,0.576,0.0,74,76,28.82,22.68,3104.9,8.07,807.0
2017,solapur,Cotton,Kharif,Medium Black (Vertisol),180.0,165,519.0,268.0,632.5,0.5,0.348,2407.5,74,76,28.82,22.68,3104.9,13.23,1323.0
2017,solapur,Cotton,Kharif,Medium Black (Vertisol),180.0,165,519.0,268.0,632.5,1.0,0.12,4815.0,74,76,28.82,22.68,3104.9,19.4,1940.0
2017,solapur,Cotton,Kharif,Deep Black (Heavy Vertisol),200.0,165,519.0,268.0,632.5,0.0,0.576,0.0,74,76,28.82,22.68,3104.9,10.97,1097.0
2017,solapur,Cotton,Kharif,Deep Black (Heavy Vertisol),200.0,165,519.0,268.0,632.5,0.5,0.355,2337.5,74,76,28.82,22.68,3104.9,16.38,1638.0
2017,solapur,Cotton,Kharif,Deep Black (Heavy Vertisol),200.0,165,519.0,268.0,632.5,1.0,0.133,4675.0,74,76,28.82,22.68,3104.9,18.42,1842.0
2017,solapur,Cotton,Kharif,Light Loam (Sandy Loam),140.0,165,519.0,268.0,632.5,0.0,0.576,0.0,74,76,28.82,22.68,3104.9,8.4,840.0
2017,solapur,Cotton,Kharif,Light Loam (Sandy Loam),140.0,165,519.0,268.0,632.5,0.5,0.335,2547.5,74,76,28.82,22.68,3104.9,10.67,1067.0
2017,solapur,Cotton,Kharif,Light Loam (Sandy Loam),140.0,165,519.0,268.0,632.5,1.0,0.093,5095.0,74,76,28.82,22.68,3104.9,19.22,1922.0
2017,solapur,Soybean,Kharif,Medium Black (Vertisol),180.0,105,383.5,188.8,446.9,0.0,0.578,0.0,74,29,26.69,22.17,1752.9,12.83,1283.0
2017,solapur,Soybean,Kharif,Medium Black (Vertisol),180.0,105,383.5,188.8,446.9,0.5,0.319,1926.5,74,29,26.69,22.17,1752.9,17.31,1731.0
2017,solapur,Soybean,Kharif,Medium Black (Vertisol),180.0,105,383.5,188.8,446.9,1.0,0.06,3853.0,74,29,26.69,22.17,1752.9,22.55,2255.0
2017,solapur,Soybean,Kharif,Deep Black (Heavy Vertisol),200.0,105,383.5,188.8,446.9,0.0,0.578,0.0,74,29,26.69,22.17,1752.9,13.06,1306.0
2017,solapur,Soybean,Kharif,Deep Black (Heavy Vertisol),200.0,105,383.5,188.8,446.9,0.5,0.323,1896.5,74,29,26.69,22.17,1752.9,17.69,1769.0
2017,solapur,Soybean,Kharif,Deep Black (Heavy Vertisol),200.0,105,383.5,188.8,446.9,1.0,0.068,3793.0,74,29,26.69,22.17,1752.9,24.6,2460.0
2017,solapur,Soybean,Kharif,Light Loam (Sandy Loam),140.0,105,383.5,188.8,446.9,0.0,0.578,0.0,74,29,26.69,22.17,1752.9,10.33,1033.0
2017,solapur,Soybean,Kharif,Light Loam (Sandy Loam),140.0,105,383.5,188.8,446.9,0.5,0.311,1986.5,74,29,26.69,22.17,1752.9,14.88,1488.0
2017,solapur,Soybean,Kharif,Light Loam (Sandy Loam),140.0,105,383.5,188.8,446.9,1.0,0.044,3973.0,74,29,26.69,22.17,1752.9,22.47,2247.0
2017,solapur,Maize,Kharif,Medium Black (Vertisol),180.0,110,399.9,195.4,456.9,0.0,0.572,0.0,74,34,27.0,22.39,1870.2,16.81,1681.0
2017,solapur,Maize,Kharif,Medium Black (Vertisol),180.0,110,399.9,195.4,456.9,0.5,0.332,1826.5,74,34,27.0,22.39,1870.2,20.3,2030.0
2017,solapur,Maize,Kharif,Medium Black (Vertisol),180.0,110,399.9,195.4,456.9,1.0,0.093,3653.0,74,34,27.0,22.39,1870.2,35.39,3539.0
2017,solapur,Maize,Kharif,Deep Black (Heavy Vertisol),200.0,110,399.9,195.4,456.9,0.0,0.572,0.0,74,34,27.0,22.39,1870.2,11.65,1165.0
2017,solapur,Maize,Kharif,Deep Black (Heavy Vertisol),200.0,110,399.9,195.4,456.9,0.5,0.338,1785.0,74,34,27.0,22.39,1870.2,22.61,2261.0
2017,solapur,Maize,Kharif,Deep Black (Heavy Vertisol),200.0,110,399.9,195.4,456.9,1.0,0.104,3570.0,74,34,27.0,22.39,1870.2,39.78,3978.0
2017,solapur,Maize,Kharif,Light Loam (Sandy Loam),140.0,110,399.9,195.4,456.9,0.0,0.572,0.0,74,34,27.0,22.39,1870.2,11.64,1164.0
2017,solapur,Maize,Kharif,Light Loam (Sandy Loam),140.0,110,399.9,195.4,456.9,0.5,0.322,1910.0,74,34,27.0,22.39,1870.2,20.6,2060.0
2017,solapur,Maize,Kharif,Light Loam (Sandy Loam),140.0,110,399.9,195.4,456.9,1.0,0.071,3820.0,74,34,27.0,22.39,1870.2,37.09,3709.0
2017,solapur,Gram,Rabi / Late Kharif,Medium Black (Vertisol),180.0,100,109.0,61.5,302.2,0.0,0.796,0.0,74,24,26.42,21.91,1642.2,6.75,675.0
2017,solapur,Gram,Rabi / Late Kharif,Medium Black (Vertisol),180.0,100,109.0,61.5,302.2,0.5,0.488,1556.0,74,24,26.42,21.91,1642.2,11.79,1179.0
2017,solapur,Gram,Rabi / Late Kharif,Medium Black (Vertisol),180.0,100,109.0,61.5,302.2,1.0,0.179,3112.0,74,24,26.42,21.91,1642.2,18.87,1887.0
2017,solapur,Gram,Rabi / Late Kharif,Deep Black (Heavy Vertisol),200.0,100,109.0,61.5,302.2,0.0,0.796,0.0,74,24,26.42,21.91,1642.2,8.3,830.0
2017,solapur,Gram,Rabi / Late Kharif,Deep Black (Heavy Vertisol),200.0,100,109.0,61.5,302.2,0.5,0.498,1506.0,74,24,26.42,21.91,1642.2,14.05,1405.0
2017,solapur,Gram,Rabi / Late Kharif,Deep Black (Heavy Vertisol),200.0,100,109.0,61.5,302.2,1.0,0.199,3012.0,74,24,26.42,21.91,1642.2,22.09,2209.0
2017,solapur,Gram,Rabi / Late Kharif,Light Loam (Sandy Loam),140.0,100,109.0,61.5,302.2,0.0,0.796,0.0,74,24,26.42,21.91,1642.2,4.6,460.0
2017,solapur,Gram,Rabi / Late Kharif,Light Loam (Sandy Loam),140.0,100,109.0,61.5,302.2,0.5,0.468,1656.0,74,24,26.42,21.91,1642.2,12.26,1226.0
2017,solapur,Gram,Rabi / Late Kharif,Light Loam (Sandy Loam),140.0,100,109.0,61.5,302.2,1.0,0.139,3312.0,74,24,26.42,21.91,1642.2,17.11,1711.0
2017,solapur,Jowar,Kharif / Rabi,Medium Black (Vertisol),180.0,105,109.0,61.5,329.7,0.0,0.813,0.0,74,29,26.69,22.17,1752.9,12.24,1224.0
2017,solapur,Jowar,Kharif / Rabi,Medium Black (Vertisol),180.0,105,109.0,61.5,329.7,0.5,0.505,1695.0,74,29,26.69,22.17,1752.9,17.03,1703.0
2017,solapur,Jowar,Kharif / Rabi,Medium Black (Vertisol),180.0,105,109.0,61.5,329.7,1.0,0.197,3390.0,74,29,26.69,22.17,1752.9,21.43,2143.0
2017,solapur,Jowar,Kharif / Rabi,Deep Black (Heavy Vertisol),200.0,105,109.0,61.5,329.7,0.0,0.813,0.0,74,29,26.69,22.17,1752.9,11.47,1147.0
2017,solapur,Jowar,Kharif / Rabi,Deep Black (Heavy Vertisol),200.0,105,109.0,61.5,329.7,0.5,0.516,1635.0,74,29,26.69,22.17,1752.9,18.67,1867.0
2017,solapur,Jowar,Kharif / Rabi,Deep Black (Heavy Vertisol),200.0,105,109.0,61.5,329.7,1.0,0.218,3270.0,74,29,26.69,22.17,1752.9,23.27,2327.0
2017,solapur,Jowar,Kharif / Rabi,Light Loam (Sandy Loam),140.0,105,109.0,61.5,329.7,0.0,0.813,0.0,74,29,26.69,22.17,1752.9,8.47,847.0
2017,solapur,Jowar,Kharif / Rabi,Light Loam (Sandy Loam),140.0,105,109.0,61.5,329.7,0.5,0.483,1815.0,74,29,26.69,22.17,1752.9,16.76,1676.0
2017,solapur,Jowar,Kharif / Rabi,Light Loam (Sandy Loam),140.0,105,109.0,61.5,329.7,1.0,0.153,3630.0,74,29,26.69,22.17,1752.9,22.2,2220.0
2018,solapur,Cotton,Kharif,Medium Black (Vertisol),180.0,165,301.2,130.7,691.9,0.0,0.811,0.0,130,69,28.66,21.01,3079.1,7.25,725.0
2018,solapur,Cotton,Kharif,Medium Black (Vertisol),180.0,165,301.2,130.7,691.9,0.5,0.46,4046.5,130,69,28.66,21.01,3079.1,10.66,1066.0
2018,solapur,Cotton,Kharif,Medium Black (Vertisol),180.0,165,301.2,130.7,691.9,1.0,0.109,8093.0,130,69,28.66,21.01,3079.1,19.45,1945.0
2018,solapur,Cotton,Kharif,Deep Black (Heavy Vertisol),200.0,165,301.2,130.7,691.9,0.0,0.811,0.0,130,69,28.66,21.01,3079.1,7.63,763.0
2018,solapur,Cotton,Kharif,Deep Black (Heavy Vertisol),200.0,165,301.2,130.7,691.9,0.5,0.466,3976.5,130,69,28.66,21.01,3079.1,13.45,1345.0
2018,solapur,Cotton,Kharif,Deep Black (Heavy Vertisol),200.0,165,301.2,130.7,691.9,1.0,0.121,7953.0,130,69,28.66,21.01,3079.1,18.89,1889.0
2018,solapur,Cotton,Kharif,Light Loam (Sandy Loam),140.0,165,301.2,130.7,691.9,0.0,0.811,0.0,130,69,28.66,21.01,3079.1,5.76,576.0
2018,solapur,Cotton,Kharif,Light Loam (Sandy Loam),140.0,165,301.2,130.7,691.9,0.5,0.448,4186.5,130,69,28.66,21.01,3079.1,10.54,1054.0
2018,solapur,Cotton,Kharif,Light Loam (Sandy Loam),140.0,165,301.2,130.7,691.9,1.0,0.085,8373.0,130,69,28.66,21.01,3079.1,19.45,1945.0
2018,solapur,Soybean,Kharif,Medium Black (Vertisol),180.0,105,256.5,107.8,455.6,0.0,0.763,0.0,105,26,26.69,20.21,1752.9,9.42,942.0
2018,solapur,Soybean,Kharif,Medium Black (Vertisol),180.0,105,256.5,107.8,455.6,0.5,0.417,2627.5,105,26,26.69,20.21,1752.9,14.77,1477.0
2018,solapur,Soybean,Kharif,Medium Black (Vertisol),180.0,105,256.5,107.8,455.6,1.0,0.071,5255.0,105,26,26.69,20.21,1752.9,22.25,2225.0
2018,solapur,Soybean,Kharif,Deep Black (Heavy Vertisol),200.0,105,256.5,107.8,455.6,0.0,0.763,0.0,105,26,26.69,20.21,1752.9,9.63,963.0
2018,solapur,Soybean,Kharif,Deep Black (Heavy Vertisol),200.0,105,256.5,107.8,455.6,0.5,0.421,2597.5,105,26,26.69,20.21,1752.9,16.9,1690.0
2018,solapur,Soybean,Kharif,Deep Black (Heavy Vertisol),200.0,105,256.5,107.8,455.6,1.0,0.079,5195.0,105,26,26.69,20.21,1752.9,24.58,2458.0
2018,solapur,Soybean,Kharif,Light Loam (Sandy Loam),140.0,105,256.5,107.8,455.6,0.0,0.763,0.0,105,26,26.69,20.21,1752.9,6.93,693.0
2018,solapur,Soybean,Kharif,Light Loam (Sandy Loam),140.0,105,256.5,107.8,455.6,0.5,0.409,2687.5,105,26,26.69,20.21,1752.9,14.62,1462.0
2018,solapur,Soybean,Kharif,Light Loam (Sandy Loam),140.0,105,256.5,107.8,455.6,1.0,0.056,5375.0,105,26,26.69,20.21,1752.9,20.57,2057.0
2018,solapur,Maize,Kharif,Medium Black (Vertisol),180.0,110,257.9,107.8,471.3,0.0,0.771,0.0,110,31,27.05,20.36,1875.2,15.02,1502.0
2018,solapur,Maize,Kharif,Medium Black (Vertisol),180.0,110,257.9,107.8,471.3,0.5,0.433,2653.5,110,31,27.05,20.36,1875.2,14.87,1487.0
2018,solapur,Maize,Kharif,Medium Black (Vertisol),180.0,110,257.9,107.8,471.3,1.0,0.096,5307.0,110,31,27.05,20.36,1875.2,34.71,3471.0
2018,solapur,Maize,Kharif,Deep Black (Heavy Vertisol),200.0,110,257.9,107.8,471.3,0.0,0.771,0.0,110,31,27.05,20.36,1875.2,11.0,1100.0
2018,solapur,Maize,Kharif,Deep Black (Heavy Vertisol),200.0,110,257.9,107.8,471.3,0.5,0.439,2611.5,110,31,27.05,20.36,1875.2,14.64,1464.0
2018,solapur,Maize,Kharif,Deep Black (Heavy Vertisol),200.0,110,257.9,107.8,471.3,1.0,0.106,5223.0,110,31,27.05,20.36,1875.2,39.24,3924.0
2018,solapur,Maize,Kharif,Light Loam (Sandy Loam),140.0,110,257.9,107.8,471.3,0.0,0.771,0.0,110,31,27.05,20.36,1875.2,17.11,1711.0
2018,solapur,Maize,Kharif,Light Loam (Sandy Loam),140.0,110,257.9,107.8,471.3,0.5,0.423,2736.5,110,31,27.05,20.36,1875.2,13.73,1373.0
2018,solapur,Maize,Kharif,Light Loam (Sandy Loam),140.0,110,257.9,107.8,471.3,1.0,0.074,5473.0,110,31,27.05,20.36,1875.2,37.07,3707.0
2018,solapur,Gram,Rabi / Late Kharif,Medium Black (Vertisol),180.0,100,78.6,42.7,331.1,0.0,0.871,0.0,100,22,26.38,20.14,1637.8,4.54,454.0
2018,solapur,Gram,Rabi / Late Kharif,Medium Black (Vertisol),180.0,100,78.6,42.7,331.1,0.5,0.517,1953.5,100,22,26.38,20.14,1637.8,11.66,1166.0
2018,solapur,Gram,Rabi / Late Kharif,Medium Black (Vertisol),180.0,100,78.6,42.7,331.1,1.0,0.163,3907.0,100,22,26.38,20.14,1637.8,17.38,1738.0
2018,solapur,Gram,Rabi / Late Kharif,Deep Black (Heavy Vertisol),200.0,100,78.6,42.7,331.1,0.0,0.871,0.0,100,22,26.38,20.14,1637.8,5.79,579.0
2018,solapur,Gram,Rabi / Late Kharif,Deep Black (Heavy Vertisol),200.0,100,78.6,42.7,331.1,0.5,0.526,1903.5,100,22,26.38,20.14,1637.8,14.28,1428.0
2018,solapur,Gram,Rabi / Late Kharif,Deep Black (Heavy Vertisol),200.0,100,78.6,42.7,331.1,1.0,0.181,3807.0,100,22,26.38,20.14,1637.8,20.03,2003.0
2018,solapur,Gram,Rabi / Late Kharif,Light Loam (Sandy Loam),140.0,100,78.6,42.7,331.1,0.0,0.871,0.0,100,22,26.38,20.14,1637.8,4.53,453.0
2018,solapur,Gram,Rabi / Late Kharif,Light Loam (Sandy Loam),140.0,100,78.6,42.7,331.1,0.5,0.499,2053.5,100,22,26.38,20.14,1637.8,9.7,970.0
2018,solapur,Gram,Rabi / Late Kharif,Light Loam (Sandy Loam),140.0,100,78.6,42.7,331.1,1.0,0.127,4107.0,100,22,26.38,20.14,1637.8,18.72,1872.0
2018,solapur,Jowar,Kharif / Rabi,Medium Black (Vertisol),180.0,105,78.8,42.7,361.5,0.0,0.882,0.0,105,26,26.69,20.21,1752.9,9.55,955.0
2018,solapur,Jowar,Kharif / Rabi,Medium Black (Vertisol),180.0,105,78.8,42.7,361.5,0.5,0.531,2116.5,105,26,26.69,20.21,1752.9,16.41,1641.0
2018,solapur,Jowar,Kharif / Rabi,Medium Black (Vertisol),180.0,105,78.8,42.7,361.5,1.0,0.179,4233.0,105,26,26.69,20.21,1752.9,22.57,2257.0
2018,solapur,Jowar,Kharif / Rabi,Deep Black (Heavy Vertisol),200.0,105,78.8,42.7,361.5,0.0,0.882,0.0,105,26,26.69,20.21,1752.9,12.72,1272.0
2018,solapur,Jowar,Kharif / Rabi,Deep Black (Heavy Vertisol),200.0,105,78.8,42.7,361.5,0.5,0.541,2056.5,105,26,26.69,20.21,1752.9,18.88,1888.0
2018,solapur,Jowar,Kharif / Rabi,Deep Black (Heavy Vertisol),200.0,105,78.8,42.7,361.5,1.0,0.199,4113.0,105,26,26.69,20.21,1752.9,25.54,2554.0
2018,solapur,Jowar,Kharif / Rabi,Light Loam (Sandy Loam),140.0,105,78.8,42.7,361.5,0.0,0.882,0.0,105,26,26.69,20.21,1752.9,9.25,925.0
2018,solapur,Jowar,Kharif / Rabi,Light Loam (Sandy Loam),140.0,105,78.8,42.7,361.5,0.5,0.511,2236.5,105,26,26.69,20.21,1752.9,15.12,1512.0
2018,solapur,Jowar,Kharif / Rabi,Light Loam (Sandy Loam),140.0,105,78.8,42.7,361.5,1.0,0.139,4473.0,105,26,26.69,20.21,1752.9,22.38,2238.0
2019,solapur,Cotton,Kharif,Medium Black (Vertisol),180.0,165,639.7,329.8,590.4,0.0,0.441,0.0,93,95,29.44,22.83,3207.6,11.5,1150.0
2019,solapur,Cotton,Kharif,Medium Black (Vertisol),180.0,165,639.7,329.8,590.4,0.5,0.285,1541.5,93,95,29.44,22.83,3207.6,14.22,1422.0
2019,solapur,Cotton,Kharif,Medium Black (Vertisol),180.0,165,639.7,329.8,590.4,1.0,0.128,3083.0,93,95,29.44,22.83,3207.6,19.95,1995.0
2019,solapur,Cotton,Kharif,Deep Black (Heavy Vertisol),200.0,165,639.7,329.8,590.4,0.0,0.441,0.0,93,95,29.44,22.83,3207.6,14.5,1450.0
2019,solapur,Cotton,Kharif,Deep Black (Heavy Vertisol),200.0,165,639.7,329.8,590.4,0.5,0.292,1471.5,93,95,29.44,22.83,3207.6,17.23,1723.0
2019,solapur,Cotton,Kharif,Deep Black (Heavy Vertisol),200.0,165,639.7,329.8,590.4,1.0,0.142,2943.0,93,95,29.44,22.83,3207.6,18.29,1829.0
2019,solapur,Cotton,Kharif,Light Loam (Sandy Loam),140.0,165,639.7,329.8,590.4,0.0,0.441,0.0,93,95,29.44,22.83,3207.6,12.16,1216.0
2019,solapur,Cotton,Kharif,Light Loam (Sandy Loam),140.0,165,639.7,329.8,590.4,0.5,0.27,1681.5,93,95,29.44,22.83,3207.6,14.2,1420.0
2019,solapur,Cotton,Kharif,Light Loam (Sandy Loam),140.0,165,639.7,329.8,590.4,1.0,0.1,3363.0,93,95,29.44,22.83,3207.6,17.5,1750.0
2019,solapur,Soybean,Kharif,Medium Black (Vertisol),180.0,105,416.7,205.3,423.6,0.0,0.515,0.0,93,42,27.07,21.77,1792.2,13.66,1366.0
2019,solapur,Soybean,Kharif,Medium Black (Vertisol),180.0,105,416.7,205.3,423.6,0.5,0.237,1968.5,93,42,27.07,21.77,1792.2,18.99,1899.0
2019,solapur,Soybean,Kharif,Medium Black (Vertisol),180.0,105,416.7,205.3,423.6,1.0,0.0,3937.0,93,42,27.07,21.77,1792.2,23.12,2312.0
2019,solapur,Soybean,Kharif,Deep Black (Heavy Vertisol),200.0,105,416.7,205.3,423.6,0.0,0.515,0.0,93,42,27.07,21.77,1792.2,13.12,1312.0
2019,solapur,Soybean,Kharif,Deep Black (Heavy Vertisol),200.0,105,416.7,205.3,423.6,0.5,0.241,1938.5,93,42,27.07,21.77,1792.2,21.08,2108.0
2019,solapur,Soybean,Kharif,Deep Black (Heavy Vertisol),200.0,105,416.7,205.3,423.6,1.0,0.0,3877.0,93,42,27.07,21.77,1792.2,24.73,2473.0
2019,solapur,Soybean,Kharif,Light Loam (Sandy Loam),140.0,105,416.7,205.3,423.6,0.0,0.515,0.0,93,42,27.07,21.77,1792.2,12.17,1217.0
2019,solapur,Soybean,Kharif,Light Loam (Sandy Loam),140.0,105,416.7,205.3,423.6,0.5,0.228,2028.5,93,42,27.07,21.77,1792.2,15.32,1532.0
2019,solapur,Soybean,Kharif,Light Loam (Sandy Loam),140.0,105,416.7,205.3,423.6,1.0,0.0,4057.0,93,42,27.07,21.77,1792.2,21.55,2155.0
2019,solapur,Maize,Kharif,Medium Black (Vertisol),180.0,110,454.4,226.9,434.0,0.0,0.477,0.0,93,47,27.29,21.99,1902.4,13.1,1310.0
2019,solapur,Maize,Kharif,Medium Black (Vertisol),180.0,110,454.4,226.9,434.0,0.5,0.232,1773.5,93,47,27.29,21.99,1902.4,32.12,3212.0
2019,solapur,Maize,Kharif,Medium Black (Vertisol),180.0,110,454.4,226.9,434.0,1.0,0.0,3547.0,93,47,27.29,21.99,1902.4,46.18,4618.0
2019,solapur,Maize,Kharif,Deep Black (Heavy Vertisol),200.0,110,454.4,226.9,434.0,0.0,0.477,0.0,93,47,27.29,21.99,1902.4,14.86,1486.0
2019,solapur,Maize,Kharif,Deep Black (Heavy Vertisol),200.0,110,454.4,226.9,434.0,0.5,0.238,1731.5,93,47,27.29,21.99,1902.4,30.3,3030.0
2019,solapur,Maize,Kharif,Deep Black (Heavy Vertisol),200.0,110,454.4,226.9,434.0,1.0,0.0,3463.0,93,47,27.29,21.99,1902.4,42.69,4269.0
2019,solapur,Maize,Kharif,Light Loam (Sandy Loam),140.0,110,454.4,226.9,434.0,0.0,0.477,0.0,93,47,27.29,21.99,1902.4,15.23,1523.0
2019,solapur,Maize,Kharif,Light Loam (Sandy Loam),140.0,110,454.4,226.9,434.0,0.5,0.221,1856.5,93,47,27.29,21.99,1902.4,26.8,2680.0
2019,solapur,Maize,Kharif,Light Loam (Sandy Loam),140.0,110,454.4,226.9,434.0,1.0,0.0,3713.0,93,47,27.29,21.99,1902.4,40.52,4052.0
2019,solapur,Gram,Rabi / Late Kharif,Medium Black (Vertisol),180.0,100,314.1,182.9,267.6,0.0,0.317,0.0,93,37,26.71,21.66,1671.1,16.77,1677.0
2019,solapur,Gram,Rabi / Late Kharif,Medium Black (Vertisol),180.0,100,314.1,182.9,267.6,0.5,0.114,903.5,93,37,26.71,21.66,1671.1,22.05,2205.0
2019,solapur,Gram,Rabi / Late Kharif,Medium Black (Vertisol),180.0,100,314.1,182.9,267.6,1.0,0.0,1807.0,93,37,26.71,21.66,1671.1,23.09,2309.0
2019,solapur,Gram,Rabi / Late Kharif,Deep Black (Heavy Vertisol),200.0,100,314.1,182.9,267.6,0.0,0.317,0.0,93,37,26.71,21.66,1671.1,16.55,1655.0
2019,solapur,Gram,Rabi / Late Kharif,Deep Black (Heavy Vertisol),200.0,100,314.1,182.9,267.6,0.5,0.136,803.5,93,37,26.71,21.66,1671.1,18.94,1894.0
2019,solapur,Gram,Rabi / Late Kharif,Deep Black (Heavy Vertisol),200.0,100,314.1,182.9,267.6,1.0,0.0,1607.0,93,37,26.71,21.66,1671.1,23.1,2310.0
2019,solapur,Gram,Rabi / Late Kharif,Light Loam (Sandy Loam),140.0,100,314.1,182.9,267.6,0.0,0.317,0.0,93,37,26.71,21.66,1671.1,15.99,1599.0
2019,solapur,Gram,Rabi / Late Kharif,Light Loam (Sandy Loam),140.0,100,314.1,182.9,267.6,0.5,0.069,1103.5,93,37,26.71,21.66,1671.1,17.45,1745.0
2019,solapur,Gram,Rabi / Late Kharif,Light Loam (Sandy Loam),140.0,100,314.1,182.9,267.6,1.0,0.0,2207.0,93,37,26.71,21.66,1671.1,22.65,2265.0
2019,solapur,Jowar,Kharif / Rabi,Medium Black (Vertisol),180.0,105,320.5,182.9,289.7,0.0,0.369,0.0,93,42,27.07,21.77,1792.2,18.36,1836.0
2019,solapur,Jowar,Kharif / Rabi,Medium Black (Vertisol),180.0,105,320.5,182.9,289.7,0.5,0.216,736.5,93,42,27.07,21.77,1792.2,21.87,2187.0
2019,solapur,Jowar,Kharif / Rabi,Medium Black (Vertisol),180.0,105,320.5,182.9,289.7,1.0,0.064,1473.0,93,42,27.07,21.77,1792.2,24.54,2454.0
2019,solapur,Jowar,Kharif / Rabi,Deep Black (Heavy Vertisol),200.0,105,320.5,182.9,289.7,0.0,0.369,0.0,93,42,27.07,21.77,1792.2,19.73,1973.0
2019,solapur,Jowar,Kharif / Rabi,Deep Black (Heavy Vertisol),200.0,105,320.5,182.9,289.7,0.5,0.239,624.0,93,42,27.07,21.77,1792.2,23.07,2307.0
2019,solapur,Jowar,Kharif / Rabi,Deep Black (Heavy Vertisol),200.0,105,320.5,182.9,289.7,1.0,0.11,1248.0,93,42,27.07,21.77,1792.2,25.57,2557.0
2019,solapur,Jowar,Kharif / Rabi,Light Loam (Sandy Loam),140.0,105,320.5,182.9,289.7,0.0,0.369,0.0,93,42,27.07,21.77,1792.2,18.28,1828.0
2019,solapur,Jowar,Kharif / Rabi,Light Loam (Sandy Loam),140.0,105,320.5,182.9,289.7,0.5,0.166,976.5,93,42,27.07,21.77,1792.2,22.37,2237.0
2019,solapur,Jowar,Kharif / Rabi,Light Loam (Sandy Loam),140.0,105,320.5,182.9,289.7,1.0,0.0,1953.0,93,42,27.07,21.77,1792.2,25.21,2521.0
2020,solapur,Cotton,Kharif,Medium Black (Vertisol),180.0,165,803.4,447.9,573.9,0.0,0.22,0.0,60,71,29.01,21.56,3137.3,15.08,1508.0
2020,solapur,Cotton,Kharif,Medium Black (Vertisol),180.0,165,803.4,447.9,573.9,0.5,0.153,638.5,60,71,29.01,21.56,3137.3,17.84,1784.0
2020,solapur,Cotton,Kharif,Medium Black (Vertisol),180.0,165,803.4,447.9,573.9,1.0,0.086,1277.0,60,71,29.01,21.56,3137.3,20.87,2087.0
2020,solapur,Cotton,Kharif,Deep Black (Heavy Vertisol),200.0,165,803.4,447.9,573.9,0.0,0.22,0.0,60,71,29.01,21.56,3137.3,18.63,1863.0
2020,solapur,Cotton,Kharif,Deep Black (Heavy Vertisol),200.0,165,803.4,447.9,573.9,0.5,0.166,508.5,60,71,29.01,21.56,3137.3,18.99,1899.0
2020,solapur,Cotton,Kharif,Deep Black (Heavy Vertisol),200.0,165,803.4,447.9,573.9,1.0,0.113,1017.0,60,71,29.01,21.56,3137.3,20.22,2022.0
2020,solapur,Cotton,Kharif,Light Loam (Sandy Loam),140.0,165,803.4,447.9,573.9,0.0,0.22,0.0,60,71,29.01,21.56,3137.3,17.05,1705.0
2020,solapur,Cotton,Kharif,Light Loam (Sandy Loam),140.0,165,803.4,447.9,573.9,0.5,0.126,898.5,60,71,29.01,21.56,3137.3,19.43,1943.0
2020,solapur,Cotton,Kharif,Light Loam (Sandy Loam),140.0,165,803.4,447.9,573.9,1.0,0.032,1797.0,60,71,29.01,21.56,3137.3,19.23,1923.0
2020,solapur,Soybean,Kharif,Medium Black (Vertisol),180.0,105,555.2,300.5,395.4,0.0,0.24,0.0,60,29,26.71,20.42,1755.0,19.69,1969.0
2020,solapur,Soybean,Kharif,Medium Black (Vertisol),180.0,105,555.2,300.5,395.4,0.5,0.145,623.5,60,29,26.71,20.42,1755.0,21.22,2122.0
2020,solapur,Soybean,Kharif,Medium Black (Vertisol),180.0,105,555.2,300.5,395.4,1.0,0.051,1247.0,60,29,26.71,20.42,1755.0,23.75,2375.0
2020,solapur,Soybean,Kharif,Deep Black (Heavy Vertisol),200.0,105,555.2,300.5,395.4,0.0,0.24,0.0,60,29,26.71,20.42,1755.0,20.86,2086.0
2020,solapur,Soybean,Kharif,Deep Black (Heavy Vertisol),200.0,105,555.2,300.5,395.4,0.5,0.157,548.5,60,29,26.71,20.42,1755.0,23.35,2335.0
2020,solapur,Soybean,Kharif,Deep Black (Heavy Vertisol),200.0,105,555.2,300.5,395.4,1.0,0.074,1097.0,60,29,26.71,20.42,1755.0,25.2,2520.0
2020,solapur,Soybean,Kharif,Light Loam (Sandy Loam),140.0,105,555.2,300.5,395.4,0.0,0.24,0.0,60,29,26.71,20.42,1755.0,18.03,1803.0
2020,solapur,Soybean,Kharif,Light Loam (Sandy Loam),140.0,105,555.2,300.5,395.4,0.5,0.123,773.5,60,29,26.71,20.42,1755.0,19.36,1936.0
2020,solapur,Soybean,Kharif,Light Loam (Sandy Loam),140.0,105,555.2,300.5,395.4,1.0,0.005,1547.0,60,29,26.71,20.42,1755.0,22.07,2207.0
2020,solapur,Maize,Kharif,Medium Black (Vertisol),180.0,110,558.8,300.5,405.7,0.0,0.259,0.0,60,34,27.05,20.54,1876.0,22.54,2254.0
2020,solapur,Maize,Kharif,Medium Black (Vertisol),180.0,110,558.8,300.5,405.7,0.5,0.16,668.5,60,34,27.05,20.54,1876.0,31.4,3140.0
2020,solapur,Maize,Kharif,Medium Black (Vertisol),180.0,110,558.8,300.5,405.7,1.0,0.062,1337.0,60,34,27.05,20.54,1876.0,43.43,4343.0
2020,solapur,Maize,Kharif,Deep Black (Heavy Vertisol),200.0,110,558.8,300.5,405.7,0.0,0.259,0.0,60,34,27.05,20.54,1876.0,23.62,2362.0
2020,solapur,Maize,Kharif,Deep Black (Heavy Vertisol),200.0,110,558.8,300.5,405.7,0.5,0.174,576.5,60,34,27.05,20.54,1876.0,32.47,3247.0
2020,solapur,Maize,Kharif,Deep Black (Heavy Vertisol),200.0,110,558.8,300.5,405.7,1.0,0.089,1153.0,60,34,27.05,20.54,1876.0,42.58,4258.0
2020,solapur,Maize,Kharif,Light Loam (Sandy Loam),140.0,110,558.8,300.5,405.7,0.0,0.259,0.0,60,34,27.05,20.54,1876.0,23.43,2343.0
2020,solapur,Maize,Kharif,Light Loam (Sandy Loam),140.0,110,558.8,300.5,405.7,0.5,0.133,851.5,60,34,27.05,20.54,1876.0,33.07,3307.0
2020,solapur,Maize,Kharif,Light Loam (Sandy Loam),140.0,110,558.8,300.5,405.7,1.0,0.007,1703.0,60,34,27.05,20.54,1876.0,40.25,4025.0
2020,solapur,Gram,Rabi / Late Kharif,Medium Black (Vertisol),180.0,100,457.3,274.3,274.5,0.0,0.001,0.0,60,24,26.39,20.25,1638.9,22.03,2203.0
2020,solapur,Gram,Rabi / Late Kharif,Medium Black (Vertisol),180.0,100,457.3,274.3,274.5,0.5,0.0,876.5,60,24,26.39,20.25,1638.9,21.27,2127.0
2020,solapur,Gram,Rabi / Late Kharif,Medium Black (Vertisol),180.0,100,457.3,274.3,274.5,1.0,0.0,1753.0,60,24,26.39,20.25,1638.9,20.95,2095.0
2020,solapur,Gram,Rabi / Late Kharif,Deep Black (Heavy Vertisol),200.0,100,457.3,274.3,274.5,0.0,0.001,0.0,60,24,26.39,20.25,1638.9,23.1,2310.0
2020,solapur,Gram,Rabi / Late Kharif,Deep Black (Heavy Vertisol),200.0,100,457.3,274.3,274.5,0.5,0.0,776.5,60,24,26.39,20.25,1638.9,23.1,2310.0
2020,solapur,Gram,Rabi / Late Kharif,Deep Black (Heavy Vertisol),200.0,100,457.3,274.3,274.5,1.0,0.0,1553.0,60,24,26.39,20.25,1638.9,22.44,2244.0
2020,solapur,Gram,Rabi / Late Kharif,Light Loam (Sandy Loam),140.0,100,457.3,274.3,274.5,0.0,0.001,0.0,60,24,26.39,20.25,1638.9,21.22,2122.0
2020,solapur,Gram,Rabi / Late Kharif,Light Loam (Sandy Loam),140.0,100,457.3,274.3,274.5,0.5,0.0,1076.5,60,24,26.39,20.25,1638.9,22.47,2247.0
2020,solapur,Gram,Rabi / Late Kharif,Light Loam (Sandy Loam),140.0,100,457.3,274.3,274.5,1.0,0.0,2153.0,60,24,26.39,20.25,1638.9,21.44,2144.0
2020,solapur,Jowar,Kharif / Rabi,Medium Black (Vertisol),180.0,105,457.4,274.3,299.3,0.0,0.084,0.0,60,29,26.71,20.42,1755.0,24.82,2482.0
2020,solapur,Jowar,Kharif / Rabi,Medium Black (Vertisol),180.0,105,457.4,274.3,299.3,0.5,0.0,651.0,60,29,26.71,20.42,1755.0,26.4,2640.0
2020,solapur,Jowar,Kharif / Rabi,Medium Black (Vertisol),180.0,105,457.4,274.3,299.3,1.0,0.0,1302.0,60,29,26.71,20.42,1755.0,26.43,2643.0
2020,solapur,Jowar,Kharif / Rabi,Deep Black (Heavy Vertisol),200.0,105,457.4,274.3,299.3,0.0,0.084,0.0,60,29,26.71,20.42,1755.0,24.89,2489.0
2020,solapur,Jowar,Kharif / Rabi,Deep Black (Heavy Vertisol),200.0,105,457.4,274.3,299.3,0.5,0.0,531.0,60,29,26.71,20.42,1755.0,26.24,2624.0
2020,solapur,Jowar,Kharif / Rabi,Deep Black (Heavy Vertisol),200.0,105,457.4,274.3,299.3,1.0,0.0,1062.0,60,29,26.71,20.42,1755.0,24.89,2489.0
2020,solapur,Jowar,Kharif / Rabi,Light Loam (Sandy Loam),140.0,105,457.4,274.3,299.3,0.0,0.084,0.0,60,29,26.71,20.42,1755.0,22.12,2212.0
2020,solapur,Jowar,Kharif / Rabi,Light Loam (Sandy Loam),140.0,105,457.4,274.3,299.3,0.5,0.0,891.0,60,29,26.71,20.42,1755.0,24.41,2441.0
2020,solapur,Jowar,Kharif / Rabi,Light Loam (Sandy Loam),140.0,105,457.4,274.3,299.3,1.0,0.0,1782.0,60,29,26.71,20.42,1755.0,25.45,2545.0
2021,solapur,Cotton,Kharif,Medium Black (Vertisol),180.0,165,594.6,312.9,593.7,0.0,0.473,0.0,100,43,28.1,20.57,2987.1,10.35,1035.0
2021,solapur,Cotton,Kharif,Medium Black (Vertisol),180.0,165,594.6,312.9,593.7,0.5,0.3,1710.0,100,43,28.1,20.57,2987.1,16.08,1608.0
2021,solapur,Cotton,Kharif,Medium Black (Vertisol),180.0,165,594.6,312.9,593.7,1.0,0.127,3420.0,100,43,28.1,20.57,2987.1,18.94,1894.0
2021,solapur,Cotton,Kharif,Deep Black (Heavy Vertisol),200.0,165,594.6,312.9,593.7,0.0,0.473,0.0,100,43,28.1,20.57,2987.1,11.52,1152.0
2021,solapur,Cotton,Kharif,Deep Black (Heavy Vertisol),200.0,165,594.6,312.9,593.7,0.5,0.307,1640.0,100,43,28.1,20.57,2987.1,14.99,1499.0
2021,solapur,Cotton,Kharif,Deep Black (Heavy Vertisol),200.0,165,594.6,312.9,593.7,1.0,0.141,3280.0,100,43,28.1,20.57,2987.1,20.11,2011.0
2021,solapur,Cotton,Kharif,Light Loam (Sandy Loam),140.0,165,594.6,312.9,593.7,0.0,0.473,0.0,100,43,28.1,20.57,2987.1,8.92,892.0
2021,solapur,Cotton,Kharif,Light Loam (Sandy Loam),140.0,165,594.6,312.9,593.7,0.5,0.281,1896.5,100,43,28.1,20.57,2987.1,15.87,1587.0
2021,solapur,Cotton,Kharif,Light Loam (Sandy Loam),140.0,165,594.6,312.9,593.7,1.0,0.09,3793.0,100,43,28.1,20.57,2987.1,20.4,2040.0
2021,solapur,Soybean,Kharif,Medium Black (Vertisol),180.0,105,497.2,273.0,418.6,0.0,0.348,0.0,100,25,26.84,19.99,1768.5,16.78,1678.0
2021,solapur,Soybean,Kharif,Medium Black (Vertisol),180.0,105,497.2,273.0,418.6,0.5,0.154,1351.5,100,25,26.84,19.99,1768.5,21.22,2122.0
2021,solapur,Soybean,Kharif,Medium Black (Vertisol),180.0,105,497.2,273.0,418.6,1.0,0.0,2703.0,100,25,26.84,19.99,1768.5,24.25,2425.0
2021,solapur,Soybean,Kharif,Deep Black (Heavy Vertisol),200.0,105,497.2,273.0,418.6,0.0,0.348,0.0,100,25,26.84,19.99,1768.5,18.31,1831.0
2021,solapur,Soybean,Kharif,Deep Black (Heavy Vertisol),200.0,105,497.2,273.0,418.6,0.5,0.158,1321.5,100,25,26.84,19.99,1768.5,23.64,2364.0
2021,solapur,Soybean,Kharif,Deep Black (Heavy Vertisol),200.0,105,497.2,273.0,418.6,1.0,0.0,2643.0,100,25,26.84,19.99,1768.5,24.13,2413.0
2021,solapur,Soybean,Kharif,Light Loam (Sandy Loam),140.0,105,497.2,273.0,418.6,0.0,0.348,0.0,100,25,26.84,19.99,1768.5,16.61,1661.0
2021,solapur,Soybean,Kharif,Light Loam (Sandy Loam),140.0,105,497.2,273.0,418.6,0.5,0.145,1411.5,100,25,26.84,19.99,1768.5,19.96,1996.0
2021,solapur,Soybean,Kharif,Light Loam (Sandy Loam),140.0,105,497.2,273.0,418.6,1.0,0.0,2823.0,100,25,26.84,19.99,1768.5,21.91,2191.0
2021,solapur,Maize,Kharif,Medium Black (Vertisol),180.0,110,540.2,297.8,428.1,0.0,0.304,0.0,100,29,27.04,20.22,1874.0,17.25,1725.0
2021,solapur,Maize,Kharif,Medium Black (Vertisol),180.0,110,540.2,297.8,428.1,0.5,0.143,1151.0,100,29,27.04,20.22,1874.0,32.83,3283.0
2021,solapur,Maize,Kharif,Medium Black (Vertisol),180.0,110,540.2,297.8,428.1,1.0,0.0,2302.0,100,29,27.04,20.22,1874.0,42.65,4265.0
2021,solapur,Maize,Kharif,Deep Black (Heavy Vertisol),200.0,110,540.2,297.8,428.1,0.0,0.304,0.0,100,29,27.04,20.22,1874.0,23.85,2385.0
2021,solapur,Maize,Kharif,Deep Black (Heavy Vertisol),200.0,110,540.2,297.8,428.1,0.5,0.149,1109.0,100,29,27.04,20.22,1874.0,37.67,3767.0
2021,solapur,Maize,Kharif,Deep Black (Heavy Vertisol),200.0,110,540.2,297.8,428.1,1.0,0.0,2218.0,100,29,27.04,20.22,1874.0,48.96,4896.0
2021,solapur,Maize,Kharif,Light Loam (Sandy Loam),140.0,110,540.2,297.8,428.1,0.0,0.304,0.0,100,29,27.04,20.22,1874.0,20.53,2053.0
2021,solapur,Maize,Kharif,Light Loam (Sandy Loam),140.0,110,540.2,297.8,428.1,0.5,0.12,1317.5,100,29,27.04,20.22,1874.0,29.3,2930.0
2021,solapur,Maize,Kharif,Light Loam (Sandy Loam),140.0,110,540.2,297.8,428.1,1.0,0.0,2635.0,100,29,27.04,20.22,1874.0,43.19,4319.0
2021,solapur,Gram,Rabi / Late Kharif,Medium Black (Vertisol),180.0,100,61.0,20.0,279.2,0.0,0.928,0.0,100,24,26.66,19.94,1666.0,6.86,686.0
2021,solapur,Gram,Rabi / Late Kharif,Medium Black (Vertisol),180.0,100,61.0,20.0,279.2,0.5,0.561,1710.0,100,24,26.66,19.94,1666.0,10.08,1008.0
2021,solapur,Gram,Rabi / Late Kharif,Medium Black (Vertisol),180.0,100,61.0,20.0,279.2,1.0,0.193,3420.0,100,24,26.66,19.94,1666.0,18.42,1842.0
2021,solapur,Gram,Rabi / Late Kharif,Deep Black (Heavy Vertisol),200.0,100,61.0,20.0,279.2,0.0,0.928,0.0,100,24,26.66,19.94,1666.0,7.34,734.0
2021,solapur,Gram,Rabi / Late Kharif,Deep Black (Heavy Vertisol),200.0,100,61.0,20.0,279.2,0.5,0.572,1660.0,100,24,26.66,19.94,1666.0,12.19,1219.0
2021,solapur,Gram,Rabi / Late Kharif,Deep Black (Heavy Vertisol),200.0,100,61.0,20.0,279.2,1.0,0.215,3320.0,100,24,26.66,19.94,1666.0,18.97,1897.0
2021,solapur,Gram,Rabi / Late Kharif,Light Loam (Sandy Loam),140.0,100,61.0,20.0,279.2,0.0,0.928,0.0,100,24,26.66,19.94,1666.0,5.86,586.0
2021,solapur,Gram,Rabi / Late Kharif,Light Loam (Sandy Loam),140.0,100,61.0,20.0,279.2,0.5,0.539,1810.0,100,24,26.66,19.94,1666.0,9.18,918.0
2021,solapur,Gram,Rabi / Late Kharif,Light Loam (Sandy Loam),140.0,100,61.0,20.0,279.2,1.0,0.15,3620.0,100,24,26.66,19.94,1666.0,17.66,1766.0
2021,solapur,Jowar,Kharif / Rabi,Medium Black (Vertisol),180.0,105,66.8,20.0,305.1,0.0,0.934,0.0,100,25,26.84,19.99,1768.5,8.69,869.0
2021,solapur,Jowar,Kharif / Rabi,Medium Black (Vertisol),180.0,105,66.8,20.0,305.1,0.5,0.573,1836.0,100,25,26.84,19.99,1768.5,14.6,1460.0
2021,solapur,Jowar,Kharif / Rabi,Medium Black (Vertisol),180.0,105,66.8,20.0,305.1,1.0,0.212,3672.0,100,25,26.84,19.99,1768.5,23.04,2304.0
2021,solapur,Jowar,Kharif / Rabi,Deep Black (Heavy Vertisol),200.0,105,66.8,20.0,305.1,0.0,0.934,0.0,100,25,26.84,19.99,1768.5,11.33,1133.0
2021,solapur,Jowar,Kharif / Rabi,Deep Black (Heavy Vertisol),200.0,105,66.8,20.0,305.1,0.5,0.585,1776.0,100,25,26.84,19.99,1768.5,18.1,1810.0
2021,solapur,Jowar,Kharif / Rabi,Deep Black (Heavy Vertisol),200.0,105,66.8,20.0,305.1,1.0,0.236,3552.0,100,25,26.84,19.99,1768.5,23.06,2306.0
2021,solapur,Jowar,Kharif / Rabi,Light Loam (Sandy Loam),140.0,105,66.8,20.0,305.1,0.0,0.934,0.0,100,25,26.84,19.99,1768.5,8.29,829.0
2021,solapur,Jowar,Kharif / Rabi,Light Loam (Sandy Loam),140.0,105,66.8,20.0,305.1,0.5,0.55,1956.0,100,25,26.84,19.99,1768.5,14.39,1439.0
2021,solapur,Jowar,Kharif / Rabi,Light Loam (Sandy Loam),140.0,105,66.8,20.0,305.1,1.0,0.165,3912.0,100,25,26.84,19.99,1768.5,19.92,1992.0
2022,solapur,Cotton,Kharif,Medium Black (Vertisol),180.0,165,690.1,383.3,589.0,0.0,0.349,0.0,111,71,28.38,20.57,3033.1,14.07,1407.0
2022,solapur,Cotton,Kharif,Medium Black (Vertisol),180.0,165,690.1,383.3,589.0,0.5,0.196,1503.5,111,71,28.38,20.57,3033.1,16.64,1664.0
2022,solapur,Cotton,Kharif,Medium Black (Vertisol),180.0,165,690.1,383.3,589.0,1.0,0.043,3007.0,111,71,28.38,20.57,3033.1,21.13,2113.0
2022,solapur,Cotton,Kharif,Deep Black (Heavy Vertisol),200.0,165,690.1,383.3,589.0,0.0,0.349,0.0,111,71,28.38,20.57,3033.1,16.21,1621.0
2022,solapur,Cotton,Kharif,Deep Black (Heavy Vertisol),200.0,165,690.1,383.3,589.0,0.5,0.209,1373.5,111,71,28.38,20.57,3033.1,18.74,1874.0
2022,solapur,Cotton,Kharif,Deep Black (Heavy Vertisol),200.0,165,690.1,383.3,589.0,1.0,0.069,2747.0,111,71,28.38,20.57,3033.1,21.89,2189.0
2022,solapur,Cotton,Kharif,Light Loam (Sandy Loam),140.0,165,690.1,383.3,589.0,0.0,0.349,0.0,111,71,28.38,20.57,3033.1,11.4,1140.0
2022,solapur,Cotton,Kharif,Light Loam (Sandy Loam),140.0,165,690.1,383.3,589.0,0.5,0.17,1763.5,111,71,28.38,20.57,3033.1,17.42,1742.0
2022,solapur,Cotton,Kharif,Light Loam (Sandy Loam),140.0,165,690.1,383.3,589.0,1.0,0.0,3527.0,111,71,28.38,20.57,3033.1,18.98,1898.0
2022,solapur,Soybean,Kharif,Medium Black (Vertisol),180.0,105,560.4,311.4,402.2,0.0,0.226,0.0,105,33,26.63,19.78,1746.4,17.98,1798.0
2022,solapur,Soybean,Kharif,Medium Black (Vertisol),180.0,105,560.4,311.4,402.2,0.5,0.127,661.5,105,33,26.63,19.78,1746.4,20.43,2043.0
2022,solapur,Soybean,Kharif,Medium Black (Vertisol),180.0,105,560.4,311.4,402.2,1.0,0.028,1323.0,105,33,26.63,19.78,1746.4,24.22,2422.0
2022,solapur,Soybean,Kharif,Deep Black (Heavy Vertisol),200.0,105,560.4,311.4,402.2,0.0,0.226,0.0,105,33,26.63,19.78,1746.4,21.01,2101.0
2022,solapur,Soybean,Kharif,Deep Black (Heavy Vertisol),200.0,105,560.4,311.4,402.2,0.5,0.138,586.5,105,33,26.63,19.78,1746.4,22.88,2288.0
2022,solapur,Soybean,Kharif,Deep Black (Heavy Vertisol),200.0,105,560.4,311.4,402.2,1.0,0.051,1173.0,105,33,26.63,19.78,1746.4,24.39,2439.0
2022,solapur,Soybean,Kharif,Light Loam (Sandy Loam),140.0,105,560.4,311.4,402.2,0.0,0.226,0.0,105,33,26.63,19.78,1746.4,18.87,1887.0
2022,solapur,Soybean,Kharif,Light Loam (Sandy Loam),140.0,105,560.4,311.4,402.2,0.5,0.105,811.5,105,33,26.63,19.78,1746.4,20.0,2000.0
2022,solapur,Soybean,Kharif,Light Loam (Sandy Loam),140.0,105,560.4,311.4,402.2,1.0,0.0,1623.0,105,33,26.63,19.78,1746.4,23.69,2369.0
2022,solapur,Maize,Kharif,Medium Black (Vertisol),180.0,110,573.1,318.1,414.7,0.0,0.233,0.0,110,38,26.89,20.01,1858.1,27.75,2775.0
2022,solapur,Maize,Kharif,Medium Black (Vertisol),180.0,110,573.1,318.1,414.7,0.5,0.126,741.0,110,38,26.89,20.01,1858.1,32.3,3230.0
2022,solapur,Maize,Kharif,Medium Black (Vertisol),180.0,110,573.1,318.1,414.7,1.0,0.019,1482.0,110,38,26.89,20.01,1858.1,37.78,3778.0
2022,solapur,Maize,Kharif,Deep Black (Heavy Vertisol),200.0,110,573.1,318.1,414.7,0.0,0.233,0.0,110,38,26.89,20.01,1858.1,29.78,2978.0
2022,solapur,Maize,Kharif,Deep Black (Heavy Vertisol),200.0,110,573.1,318.1,414.7,0.5,0.139,649.0,110,38,26.89,20.01,1858.1,42.36,4236.0
2022,solapur,Maize,Kharif,Deep Black (Heavy Vertisol),200.0,110,573.1,318.1,414.7,1.0,0.045,1298.0,110,38,26.89,20.01,1858.1,44.16,4416.0
2022,solapur,Maize,Kharif,Light Loam (Sandy Loam),140.0,110,573.1,318.1,414.7,0.0,0.233,0.0,110,38,26.89,20.01,1858.1,26.82,2682.0
2022,solapur,Maize,Kharif,Light Loam (Sandy Loam),140.0,110,573.1,318.1,414.7,0.5,0.099,924.0,110,38,26.89,20.01,1858.1,35.65,3565.0
2022,solapur,Maize,Kharif,Light Loam (Sandy Loam),140.0,110,573.1,318.1,414.7,1.0,0.0,1848.0,110,38,26.89,20.01,1858.1,42.33,4233.0
2022,solapur,Gram,Rabi / Late Kharif,Medium Black (Vertisol),180.0,100,174.2,96.2,288.9,0.0,0.667,0.0,100,28,26.28,19.8,1628.3,9.41,941.0
2022,solapur,Gram,Rabi / Late Kharif,Medium Black (Vertisol),180.0,100,174.2,96.2,288.9,0.5,0.424,1168.5,100,28,26.28,19.8,1628.3,12.35,1235.0
2022,solapur,Gram,Rabi / Late Kharif,Medium Black (Vertisol),180.0,100,174.2,96.2,288.9,1.0,0.182,2337.0,100,28,26.28,19.8,1628.3,18.87,1887.0
2022,solapur,Gram,Rabi / Late Kharif,Deep Black (Heavy Vertisol),200.0,100,174.2,96.2,288.9,0.0,0.667,0.0,100,28,26.28,19.8,1628.3,9.81,981.0
2022,solapur,Gram,Rabi / Late Kharif,Deep Black (Heavy Vertisol),200.0,100,174.2,96.2,288.9,0.5,0.435,1118.5,100,28,26.28,19.8,1628.3,14.85,1485.0
2022,solapur,Gram,Rabi / Late Kharif,Deep Black (Heavy Vertisol),200.0,100,174.2,96.2,288.9,1.0,0.202,2237.0,100,28,26.28,19.8,1628.3,19.01,1901.0
2022,solapur,Gram,Rabi / Late Kharif,Light Loam (Sandy Loam),140.0,100,174.2,96.2,288.9,0.0,0.667,0.0,100,28,26.28,19.8,1628.3,9.33,933.0
2022,solapur,Gram,Rabi / Late Kharif,Light Loam (Sandy Loam),140.0,100,174.2,96.2,288.9,0.5,0.404,1268.5,100,28,26.28,19.8,1628.3,10.64,1064.0
2022,solapur,Gram,Rabi / Late Kharif,Light Loam (Sandy Loam),140.0,100,174.2,96.2,288.9,1.0,0.14,2537.0,100,28,26.28,19.8,1628.3,17.82,1782.0
2022,solapur,Jowar,Kharif / Rabi,Medium Black (Vertisol),180.0,105,174.2,96.2,315.3,0.0,0.695,0.0,105,33,26.63,19.78,1746.4,9.29,929.0
2022,solapur,Jowar,Kharif / Rabi,Medium Black (Vertisol),180.0,105,174.2,96.2,315.3,0.5,0.45,1286.0,105,33,26.63,19.78,1746.4,16.08,1608.0
2022,solapur,Jowar,Kharif / Rabi,Medium Black (Vertisol),180.0,105,174.2,96.2,315.3,1.0,0.206,2572.0,105,33,26.63,19.78,1746.4,22.84,2284.0
2022,solapur,Jowar,Kharif / Rabi,Deep Black (Heavy Vertisol),200.0,105,174.2,96.2,315.3,0.0,0.695,0.0,105,33,26.63,19.78,1746.4,14.26,1426.0
2022,solapur,Jowar,Kharif / Rabi,Deep Black (Heavy Vertisol),200.0,105,174.2,96.2,315.3,0.5,0.462,1226.0,105,33,26.63,19.78,1746.4,19.01,1901.0
2022,solapur,Jowar,Kharif / Rabi,Deep Black (Heavy Vertisol),200.0,105,174.2,96.2,315.3,1.0,0.228,2452.0,105,33,26.63,19.78,1746.4,24.85,2485.0
2022,solapur,Jowar,Kharif / Rabi,Light Loam (Sandy Loam),140.0,105,174.2,96.2,315.3,0.0,0.695,0.0,105,33,26.63,19.78,1746.4,12.53,1253.0
2022,solapur,Jowar,Kharif / Rabi,Light Loam (Sandy Loam),140.0,105,174.2,96.2,315.3,0.5,0.427,1406.0,105,33,26.63,19.78,1746.4,16.7,1670.0
2022,solapur,Jowar,Kharif / Rabi,Light Loam (Sandy Loam),140.0,105,174.2,96.2,315.3,1.0,0.16,2812.0,105,33,26.63,19.78,1746.4,21.6,2160.0
2023,solapur,Cotton,Kharif,Medium Black (Vertisol),180.0,165,479.1,250.6,662.6,0.0,0.622,0.0,96,59,28.31,22.22,3021.2,8.36,836.0
2023,solapur,Cotton,Kharif,Medium Black (Vertisol),180.0,165,479.1,250.6,662.6,0.5,0.361,2878.5,96,59,28.31,22.22,3021.2,14.44,1444.0
2023,solapur,Cotton,Kharif,Medium Black (Vertisol),180.0,165,479.1,250.6,662.6,1.0,0.101,5757.0,96,59,28.31,22.22,3021.2,19.52,1952.0
2023,solapur,Cotton,Kharif,Deep Black (Heavy Vertisol),200.0,165,479.1,250.6,662.6,0.0,0.622,0.0,96,59,28.31,22.22,3021.2,10.93,1093.0
2023,solapur,Cotton,Kharif,Deep Black (Heavy Vertisol),200.0,165,479.1,250.6,662.6,0.5,0.367,2808.5,96,59,28.31,22.22,3021.2,14.08,1408.0
2023,solapur,Cotton,Kharif,Deep Black (Heavy Vertisol),200.0,165,479.1,250.6,662.6,1.0,0.113,5617.0,96,59,28.31,22.22,3021.2,20.5,2050.0
2023,solapur,Cotton,Kharif,Light Loam (Sandy Loam),140.0,165,479.1,250.6,662.6,0.0,0.622,0.0,96,59,28.31,22.22,3021.2,5.68,568.0
2023,solapur,Cotton,Kharif,Light Loam (Sandy Loam),140.0,165,479.1,250.6,662.6,0.5,0.344,3071.0,96,59,28.31,22.22,3021.2,12.68,1268.0
2023,solapur,Cotton,Kharif,Light Loam (Sandy Loam),140.0,165,479.1,250.6,662.6,1.0,0.066,6142.0,96,59,28.31,22.22,3021.2,20.02,2002.0
2023,solapur,Soybean,Kharif,Medium Black (Vertisol),180.0,105,417.9,217.5,451.0,0.0,0.518,0.0,96,13,26.08,21.05,1688.8,13.67,1367.0
2023,solapur,Soybean,Kharif,Medium Black (Vertisol),180.0,105,417.9,217.5,451.0,0.5,0.247,2035.0,96,13,26.08,21.05,1688.8,19.01,1901.0
2023,solapur,Soybean,Kharif,Medium Black (Vertisol),180.0,105,417.9,217.5,451.0,1.0,0.0,4070.0,96,13,26.08,21.05,1688.8,23.37,2337.0
2023,solapur,Soybean,Kharif,Deep Black (Heavy Vertisol),200.0,105,417.9,217.5,451.0,0.0,0.518,0.0,96,13,26.08,21.05,1688.8,14.71,1471.0
2023,solapur,Soybean,Kharif,Deep Black (Heavy Vertisol),200.0,105,417.9,217.5,451.0,0.5,0.251,2005.0,96,13,26.08,21.05,1688.8,19.92,1992.0
2023,solapur,Soybean,Kharif,Deep Black (Heavy Vertisol),200.0,105,417.9,217.5,451.0,1.0,0.0,4010.0,96,13,26.08,21.05,1688.8,25.2,2520.0
2023,solapur,Soybean,Kharif,Light Loam (Sandy Loam),140.0,105,417.9,217.5,451.0,0.0,0.518,0.0,96,13,26.08,21.05,1688.8,12.61,1261.0
2023,solapur,Soybean,Kharif,Light Loam (Sandy Loam),140.0,105,417.9,217.5,451.0,0.5,0.239,2095.0,96,13,26.08,21.05,1688.8,17.71,1771.0
2023,solapur,Soybean,Kharif,Light Loam (Sandy Loam),140.0,105,417.9,217.5,451.0,1.0,0.0,4190.0,96,13,26.08,21.05,1688.8,23.35,2335.0
2023,solapur,Maize,Kharif,Medium Black (Vertisol),180.0,110,431.1,225.8,463.6,0.0,0.513,0.0,96,18,26.38,21.16,1801.6,13.16,1316.0
2023,solapur,Maize,Kharif,Medium Black (Vertisol),180.0,110,431.1,225.8,463.6,0.5,0.274,1849.0,96,18,26.38,21.16,1801.6,26.31,2631.0
2023,solapur,Maize,Kharif,Medium Black (Vertisol),180.0,110,431.1,225.8,463.6,1.0,0.034,3698.0,96,18,26.38,21.16,1801.6,43.15,4315.0
2023,solapur,Maize,Kharif,Deep Black (Heavy Vertisol),200.0,110,431.1,225.8,463.6,0.0,0.513,0.0,96,18,26.38,21.16,1801.6,11.0,1100.0
2023,solapur,Maize,Kharif,Deep Black (Heavy Vertisol),200.0,110,431.1,225.8,463.6,0.5,0.279,1807.5,96,18,26.38,21.16,1801.6,25.86,2586.0
2023,solapur,Maize,Kharif,Deep Black (Heavy Vertisol),200.0,110,431.1,225.8,463.6,1.0,0.045,3615.0,96,18,26.38,21.16,1801.6,40.72,4072.0
2023,solapur,Maize,Kharif,Light Loam (Sandy Loam),140.0,110,431.1,225.8,463.6,0.0,0.513,0.0,96,18,26.38,21.16,1801.6,14.32,1432.0
2023,solapur,Maize,Kharif,Light Loam (Sandy Loam),140.0,110,431.1,225.8,463.6,0.5,0.256,1986.0,96,18,26.38,21.16,1801.6,23.35,2335.0
2023,solapur,Maize,Kharif,Light Loam (Sandy Loam),140.0,110,431.1,225.8,463.6,1.0,0.0,3972.0,96,18,26.38,21.16,1801.6,36.53,3653.0
2023,solapur,Gram,Rabi / Late Kharif,Medium Black (Vertisol),180.0,100,49.1,24.8,314.6,0.0,0.921,0.0,96,10,25.82,21.03,1582.0,5.88,588.0
2023,solapur,Gram,Rabi / Late Kharif,Medium Black (Vertisol),180.0,100,49.1,24.8,314.6,0.5,0.546,1965.0,96,10,25.82,21.03,1582.0,10.54,1054.0
2023,solapur,Gram,Rabi / Late Kharif,Medium Black (Vertisol),180.0,100,49.1,24.8,314.6,1.0,0.172,3930.0,96,10,25.82,21.03,1582.0,17.57,1757.0
2023,solapur,Gram,Rabi / Late Kharif,Deep Black (Heavy Vertisol),200.0,100,49.1,24.8,314.6,0.0,0.921,0.0,96,10,25.82,21.03,1582.0,6.76,676.0
2023,solapur,Gram,Rabi / Late Kharif,Deep Black (Heavy Vertisol),200.0,100,49.1,24.8,314.6,0.5,0.556,1915.0,96,10,25.82,21.03,1582.0,12.51,1251.0
2023,solapur,Gram,Rabi / Late Kharif,Deep Black (Heavy Vertisol),200.0,100,49.1,24.8,314.6,1.0,0.191,3830.0,96,10,25.82,21.03,1582.0,18.92,1892.0
2023,solapur,Gram,Rabi / Late Kharif,Light Loam (Sandy Loam),140.0,100,49.1,24.8,314.6,0.0,0.921,0.0,96,10,25.82,21.03,1582.0,5.14,514.0
2023,solapur,Gram,Rabi / Late Kharif,Light Loam (Sandy Loam),140.0,100,49.1,24.8,314.6,0.5,0.527,2065.0,96,10,25.82,21.03,1582.0,9.73,973.0
2023,solapur,Gram,Rabi / Late Kharif,Light Loam (Sandy Loam),140.0,100,49.1,24.8,314.6,1.0,0.134,4130.0,96,10,25.82,21.03,1582.0,18.22,1822.0
2023,solapur,Jowar,Kharif / Rabi,Medium Black (Vertisol),180.0,105,49.1,24.8,345.2,0.0,0.928,0.0,96,13,26.08,21.05,1688.8,9.66,966.0
2023,solapur,Jowar,Kharif / Rabi,Medium Black (Vertisol),180.0,105,49.1,24.8,345.2,0.5,0.558,2130.0,96,13,26.08,21.05,1688.8,15.75,1575.0
2023,solapur,Jowar,Kharif / Rabi,Medium Black (Vertisol),180.0,105,49.1,24.8,345.2,1.0,0.188,4260.0,96,13,26.08,21.05,1688.8,25.43,2543.0
2023,solapur,Jowar,Kharif / Rabi,Deep Black (Heavy Vertisol),200.0,105,49.1,24.8,345.2,0.0,0.928,0.0,96,13,26.08,21.05,1688.8,10.32,1032.0
2023,solapur,Jowar,Kharif / Rabi,Deep Black (Heavy Vertisol),200.0,105,49.1,24.8,345.2,0.5,0.568,2070.0,96,13,26.08,21.05,1688.8,15.62,1562.0
2023,solapur,Jowar,Kharif / Rabi,Deep Black (Heavy Vertisol),200.0,105,49.1,24.8,345.2,1.0,0.209,4140.0,96,13,26.08,21.05,1688.8,24.27,2427.0
2023,solapur,Jowar,Kharif / Rabi,Light Loam (Sandy Loam),140.0,105,49.1,24.8,345.2,0.0,0.928,0.0,96,13,26.08,21.05,1688.8,8.04,804.0
2023,solapur,Jowar,Kharif / Rabi,Light Loam (Sandy Loam),140.0,105,49.1,24.8,345.2,0.5,0.537,2250.0,96,13,26.08,21.05,1688.8,13.07,1307.0
2023,solapur,Jowar,Kharif / Rabi,Light Loam (Sandy Loam),140.0,105,49.1,24.8,345.2,1.0,0.146,4500.0,96,13,26.08,21.05,1688.8,23.22,2322.0
2014,pune,Cotton,Kharif,Medium Black (Vertisol),180.0,165,1423.5,873.9,497.3,0.0,0.0,0.0,110,43,25.51,21.86,2558.6,21.33,2133.0
2014,pune,Cotton,Kharif,Medium Black (Vertisol),180.0,165,1423.5,873.9,497.3,0.5,0.0,801.5,110,43,25.51,21.86,2558.6,24.43,2443.0
2014,pune,Cotton,Kharif,Medium Black (Vertisol),180.0,165,1423.5,873.9,497.3,1.0,0.0,1603.0,110,43,25.51,21.86,2558.6,21.91,2191.0
2014,pune,Cotton,Kharif,Deep Black (Heavy Vertisol),200.0,165,1423.5,873.9,497.3,0.0,0.0,0.0,110,43,25.51,21.86,2558.6,22.63,2263.0
2014,pune,Cotton,Kharif,Deep Black (Heavy Vertisol),200.0,165,1423.5,873.9,497.3,0.5,0.0,671.5,110,43,25.51,21.86,2558.6,23.26,2326.0
2014,pune,Cotton,Kharif,Deep Black (Heavy Vertisol),200.0,165,1423.5,873.9,497.3,1.0,0.0,1343.0,110,43,25.51,21.86,2558.6,25.64,2564.0
2014,pune,Cotton,Kharif,Light Loam (Sandy Loam),140.0,165,1423.5,873.9,497.3,0.0,0.0,0.0,110,43,25.51,21.86,2558.6,21.35,2135.0
2014,pune,Cotton,Kharif,Light Loam (Sandy Loam),140.0,165,1423.5,873.9,497.3,0.5,0.0,1061.5,110,43,25.51,21.86,2558.6,20.39,2039.0
2014,pune,Cotton,Kharif,Light Loam (Sandy Loam),140.0,165,1423.5,873.9,497.3,1.0,0.0,2123.0,110,43,25.51,21.86,2558.6,21.4,2140.0
2014,pune,Soybean,Kharif,Medium Black (Vertisol),180.0,105,1368.3,850.4,311.2,0.0,0.0,0.0,105,14,23.32,20.87,1398.3,23.32,2332.0
2014,pune,Soybean,Kharif,Medium Black (Vertisol),180.0,105,1368.3,850.4,311.2,0.5,0.0,0.0,105,14,23.32,20.87,1398.3,23.42,2342.0
2014,pune,Soybean,Kharif,Medium Black (Vertisol),180.0,105,1368.3,850.4,311.2,1.0,0.0,0.0,105,14,23.32,20.87,1398.3,25.2,2520.0
2014,pune,Soybean,Kharif,Deep Black (Heavy Vertisol),200.0,105,1368.3,850.4,311.2,0.0,0.0,0.0,105,14,23.32,20.87,1398.3,24.51,2451.0
2014,pune,Soybean,Kharif,Deep Black (Heavy Vertisol),200.0,105,1368.3,850.4,311.2,0.5,0.0,0.0,105,14,23.32,20.87,1398.3,25.2,2520.0
2014,pune,Soybean,Kharif,Deep Black (Heavy Vertisol),200.0,105,1368.3,850.4,311.2,1.0,0.0,0.0,105,14,23.32,20.87,1398.3,25.2,2520.0
2014,pune,Soybean,Kharif,Light Loam (Sandy Loam),140.0,105,1368.3,850.4,311.2,0.0,0.0,0.0,105,14,23.32,20.87,1398.3,22.47,2247.0
2014,pune,Soybean,Kharif,Light Loam (Sandy Loam),140.0,105,1368.3,850.4,311.2,0.5,0.0,38.5,105,14,23.32,20.87,1398.3,23.71,2371.0
2014,pune,Soybean,Kharif,Light Loam (Sandy Loam),140.0,105,1368.3,850.4,311.2,1.0,0.0,77.0,105,14,23.32,20.87,1398.3,24.07,2407.0
2014,pune,Maize,Kharif,Medium Black (Vertisol),180.0,110,1371.2,850.4,321.8,0.0,0.0,0.0,110,18,23.59,21.02,1494.5,46.99,4699.0
2014,pune,Maize,Kharif,Medium Black (Vertisol),180.0,110,1371.2,850.4,321.8,0.5,0.0,0.0,110,18,23.59,21.02,1494.5,41.86,4186.0
2014,pune,Maize,Kharif,Medium Black (Vertisol),180.0,110,1371.2,850.4,321.8,1.0,0.0,0.0,110,18,23.59,21.02,1494.5,46.68,4668.0
2014,pune,Maize,Kharif,Deep Black (Heavy Vertisol),200.0,110,1371.2,850.4,321.8,0.0,0.0,0.0,110,18,23.59,21.02,1494.5,45.1,4510.0
2014,pune,Maize,Kharif,Deep Black (Heavy Vertisol),200.0,110,1371.2,850.4,321.8,0.5,0.0,0.0,110,18,23.59,21.02,1494.5,45.93,4593.0
2014,pune,Maize,Kharif,Deep Black (Heavy Vertisol),200.0,110,1371.2,850.4,321.8,1.0,0.0,0.0,110,18,23.59,21.02,1494.5,50.91,5091.0
2014,pune,Maize,Kharif,Light Loam (Sandy Loam),140.0,110,1371.2,850.4,321.8,0.0,0.0,0.0,110,18,23.59,21.02,1494.5,41.19,4119.0
2014,pune,Maize,Kharif,Light Loam (Sandy Loam),140.0,110,1371.2,850.4,321.8,0.5,0.0,0.0,110,18,23.59,21.02,1494.5,42.17,4217.0
2014,pune,Maize,Kharif,Light Loam (Sandy Loam),140.0,110,1371.2,850.4,321.8,1.0,0.0,0.0,110,18,23.59,21.02,1494.5,35.79,3579.0
2014,pune,Gram,Rabi / Late Kharif,Medium Black (Vertisol),180.0,100,98.2,49.8,262.4,0.0,0.81,0.0,100,11,23.12,20.53,1311.5,4.4,440.0
2014,pune,Gram,Rabi / Late Kharif,Medium Black (Vertisol),180.0,100,98.2,49.8,262.4,0.5,0.507,1325.0,100,11,23.12,20.53,1311.5,12.07,1207.0
2014,pune,Gram,Rabi / Late Kharif,Medium Black (Vertisol),180.0,100,98.2,49.8,262.4,1.0,0.204,2650.0,100,11,23.12,20.53,1311.5,17.59,1759.0
2014,pune,Gram,Rabi / Late Kharif,Deep Black (Heavy Vertisol),200.0,100,98.2,49.8,262.4,0.0,0.81,0.0,100,11,23.12,20.53,1311.5,8.83,883.0
2014,pune,Gram,Rabi / Late Kharif,Deep Black (Heavy Vertisol),200.0,100,98.2,49.8,262.4,0.5,0.519,1275.0,100,11,23.12,20.53,1311.5,13.95,1395.0
2014,pune,Gram,Rabi / Late Kharif,Deep Black (Heavy Vertisol),200.0,100,98.2,49.8,262.4,1.0,0.227,2550.0,100,11,23.12,20.53,1311.5,19.54,1954.0
2014,pune,Gram,Rabi / Late Kharif,Light Loam (Sandy Loam),140.0,100,98.2,49.8,262.4,0.0,0.81,0.0,100,11,23.12,20.53,1311.5,5.14,514.0
2014,pune,Gram,Rabi / Late Kharif,Light Loam (Sandy Loam),140.0,100,98.2,49.8,262.4,0.5,0.484,1425.0,100,11,23.12,20.53,1311.5,12.69,1269.0
2014,pune,Gram,Rabi / Late Kharif,Light Loam (Sandy Loam),140.0,100,98.2,49.8,262.4,1.0,0.159,2850.0,100,11,23.12,20.53,1311.5,19.43,1943.0
2014,pune,Jowar,Kharif / Rabi,Medium Black (Vertisol),180.0,105,98.2,49.8,286.1,0.0,0.826,0.0,105,14,23.32,20.87,1398.3,11.17,1117.0
2014,pune,Jowar,Kharif / Rabi,Medium Black (Vertisol),180.0,105,98.2,49.8,286.1,0.5,0.526,1429.0,105,14,23.32,20.87,1398.3,16.7,1670.0
2014,pune,Jowar,Kharif / Rabi,Medium Black (Vertisol),180.0,105,98.2,49.8,286.1,1.0,0.226,2858.0,105,14,23.32,20.87,1398.3,22.95,2295.0
2014,pune,Jowar,Kharif / Rabi,Deep Black (Heavy Vertisol),200.0,105,98.2,49.8,286.1,0.0,0.826,0.0,105,14,23.32,20.87,1398.3,9.84,984.0
2014,pune,Jowar,Kharif / Rabi,Deep Black (Heavy Vertisol),200.0,105,98.2,49.8,286.1,0.5,0.539,1369.0,105,14,23.32,20.87,1398.3,18.09,1809.0
2014,pune,Jowar,Kharif / Rabi,Deep Black (Heavy Vertisol),200.0,105,98.2,49.8,286.1,1.0,0.252,2738.0,105,14,23.32,20.87,1398.3,21.46,2146.0
2014,pune,Jowar,Kharif / Rabi,Light Loam (Sandy Loam),140.0,105,98.2,49.8,286.1,0.0,0.826,0.0,105,14,23.32,20.87,1398.3,10.4,1040.0
2014,pune,Jowar,Kharif / Rabi,Light Loam (Sandy Loam),140.0,105,98.2,49.8,286.1,0.5,0.501,1549.0,105,14,23.32,20.87,1398.3,13.53,1353.0
2014,pune,Jowar,Kharif / Rabi,Light Loam (Sandy Loam),140.0,105,98.2,49.8,286.1,1.0,0.176,3098.0,105,14,23.32,20.87,1398.3,21.21,2121.0
2015,pune,Cotton,Kharif,Medium Black (Vertisol),180.0,165,976.4,577.4,530.1,0.0,0.0,0.0,58,29,24.88,21.85,2455.1,21.32,2132.0
2015,pune,Cotton,Kharif,Medium Black (Vertisol),180.0,165,976.4,577.4,530.1,0.5,0.0,646.5,58,29,24.88,21.85,2455.1,23.25,2325.0
2015,pune,Cotton,Kharif,Medium Black (Vertisol),180.0,165,976.4,577.4,530.1,1.0,0.0,1293.0,58,29,24.88,21.85,2455.1,22.41,2241.0
2015,pune,Cotton,Kharif,Deep Black (Heavy Vertisol),200.0,165,976.4,577.4,530.1,0.0,0.0,0.0,58,29,24.88,21.85,2455.1,24.38,2438.0
2015,pune,Cotton,Kharif,Deep Black (Heavy Vertisol),200.0,165,976.4,577.4,530.1,0.5,0.0,516.5,58,29,24.88,21.85,2455.1,21.61,2161.0
2015,pune,Cotton,Kharif,Deep Black (Heavy Vertisol),200.0,165,976.4,577.4,530.1,1.0,0.0,1033.0,58,29,24.88,21.85,2455.1,23.34,2334.0
2015,pune,Cotton,Kharif,Light Loam (Sandy Loam),140.0,165,976.4,577.4,530.1,0.0,0.0,0.0,58,29,24.88,21.85,2455.1,23.23,2323.0
2015,pune,Cotton,Kharif,Light Loam (Sandy Loam),140.0,165,976.4,577.4,530.1,0.5,0.0,906.5,58,29,24.88,21.85,2455.1,22.76,2276.0
2015,pune,Cotton,Kharif,Light Loam (Sandy Loam),140.0,165,976.4,577.4,530.1,1.0,0.0,1813.0,58,29,24.88,21.85,2455.1,21.96,2196.0
2015,pune,Soybean,Kharif,Medium Black (Vertisol),180.0,105,847.5,499.0,341.7,0.0,0.0,0.0,58,6,22.85,20.74,1349.8,22.64,2264.0
2015,pune,Soybean,Kharif,Medium Black (Vertisol),180.0,105,847.5,499.0,341.7,0.5,0.0,555.0,58,6,22.85,20.74,1349.8,24.17,2417.0
2015,pune,Soybean,Kharif,Medium Black (Vertisol),180.0,105,847.5,499.0,341.7,1.0,0.0,1110.0,58,6,22.85,20.74,1349.8,22.15,2215.0
2015,pune,Soybean,Kharif,Deep Black (Heavy Vertisol),200.0,105,847.5,499.0,341.7,0.0,0.0,0.0,58,6,22.85,20.74,1349.8,24.68,2468.0
2015,pune,Soybean,Kharif,Deep Black (Heavy Vertisol),200.0,105,847.5,499.0,341.7,0.5,0.0,480.0,58,6,22.85,20.74,1349.8,23.58,2358.0
2015,pune,Soybean,Kharif,Deep Black (Heavy Vertisol),200.0,105,847.5,499.0,341.7,1.0,0.0,960.0,58,6,22.85,20.74,1349.8,24.79,2479.0
2015,pune,Soybean,Kharif,Light Loam (Sandy Loam),140.0,105,847.5,499.0,341.7,0.0,0.0,0.0,58,6,22.85,20.74,1349.8,23.35,2335.0
2015,pune,Soybean,Kharif,Light Loam (Sandy Loam),140.0,105,847.5,499.0,341.7,0.5,0.0,705.0,58,6,22.85,20.74,1349.8,21.67,2167.0
2015,pune,Soybean,Kharif,Light Loam (Sandy Loam),140.0,105,847.5,499.0,341.7,1.0,0.0,1410.0,58,6,22.85,20.74,1349.8,22.8,2280.0
2015,pune,Maize,Kharif,Medium Black (Vertisol),180.0,110,892.8,526.9,353.8,0.0,0.0,0.0,58,10,23.19,20.9,1451.3,51.45,5145.0
2015,pune,Maize,Kharif,Medium Black (Vertisol),180.0,110,892.8,526.9,353.8,0.5,0.0,428.5,58,10,23.19,20.9,1451.3,52.5,5250.0
2015,pune,Maize,Kharif,Medium Black (Vertisol),180.0,110,892.8,526.9,353.8,1.0,0.0,857.0,58,10,23.19,20.9,1451.3,53.08,5308.0
2015,pune,Maize,Kharif,Deep Black (Heavy Vertisol),200.0,110,892.8,526.9,353.8,0.0,0.0,0.0,58,10,23.19,20.9,1451.3,56.56,5656.0
2015,pune,Maize,Kharif,Deep Black (Heavy Vertisol),200.0,110,892.8,526.9,353.8,0.5,0.0,336.5,58,10,23.19,20.9,1451.3,54.19,5419.0
2015,pune,Maize,Kharif,Deep Black (Heavy Vertisol),200.0,110,892.8,526.9,353.8,1.0,0.0,673.0,58,10,23.19,20.9,1451.3,54.55,5455.0
2015,pune,Maize,Kharif,Light Loam (Sandy Loam),140.0,110,892.8,526.9,353.8,0.0,0.0,0.0,58,10,23.19,20.9,1451.3,42.52,4252.0
2015,pune,Maize,Kharif,Light Loam (Sandy Loam),140.0,110,892.8,526.9,353.8,0.5,0.0,611.5,58,10,23.19,20.9,1451.3,48.8,4880.0
2015,pune,Maize,Kharif,Light Loam (Sandy Loam),140.0,110,892.8,526.9,353.8,1.0,0.0,1223.0,58,10,23.19,20.9,1451.3,50.38,5038.0
2015,pune,Gram,Rabi / Late Kharif,Medium Black (Vertisol),180.0,100,74.3,42.6,273.5,0.0,0.844,0.0,58,6,22.67,20.65,1266.8,7.07,707.0
2015,pune,Gram,Rabi / Late Kharif,Medium Black (Vertisol),180.0,100,74.3,42.6,273.5,0.5,0.521,1474.0,58,6,22.67,20.65,1266.8,12.82,1282.0
2015,pune,Gram,Rabi / Late Kharif,Medium Black (Vertisol),180.0,100,74.3,42.6,273.5,1.0,0.197,2948.0,58,6,22.67,20.65,1266.8,16.6,1660.0
2015,pune,Gram,Rabi / Late Kharif,Deep Black (Heavy Vertisol),200.0,100,74.3,42.6,273.5,0.0,0.844,0.0,58,6,22.67,20.65,1266.8,6.8,680.0
2015,pune,Gram,Rabi / Late Kharif,Deep Black (Heavy Vertisol),200.0,100,74.3,42.6,273.5,0.5,0.532,1424.0,58,6,22.67,20.65,1266.8,12.29,1229.0
2015,pune,Gram,Rabi / Late Kharif,Deep Black (Heavy Vertisol),200.0,100,74.3,42.6,273.5,1.0,0.219,2848.0,58,6,22.67,20.65,1266.8,17.46,1746.0
2015,pune,Gram,Rabi / Late Kharif,Light Loam (Sandy Loam),140.0,100,74.3,42.6,273.5,0.0,0.844,0.0,58,6,22.67,20.65,1266.8,4.64,464.0
2015,pune,Gram,Rabi / Late Kharif,Light Loam (Sandy Loam),140.0,100,74.3,42.6,273.5,0.5,0.499,1574.0,58,6,22.67,20.65,1266.8,10.24,1024.0
2015,pune,Gram,Rabi / Late Kharif,Light Loam (Sandy Loam),140.0,100,74.3,42.6,273.5,1.0,0.154,3148.0,58,6,22.67,20.65,1266.8,17.59,1759.0
2015,pune,Jowar,Kharif / Rabi,Medium Black (Vertisol),180.0,105,74.6,42.6,298.8,0.0,0.857,0.0,58,6,22.85,20.74,1349.8,10.62,1062.0
2015,pune,Jowar,Kharif / Rabi,Medium Black (Vertisol),180.0,105,74.6,42.6,298.8,0.5,0.537,1595.0,58,6,22.85,20.74,1349.8,17.06,1706.0
2015,pune,Jowar,Kharif / Rabi,Medium Black (Vertisol),180.0,105,74.6,42.6,298.8,1.0,0.217,3190.0,58,6,22.85,20.74,1349.8,19.32,1932.0
2015,pune,Jowar,Kharif / Rabi,Deep Black (Heavy Vertisol),200.0,105,74.6,42.6,298.8,0.0,0.857,0.0,58,6,22.85,20.74,1349.8,11.88,1188.0
2015,pune,Jowar,Kharif / Rabi,Deep Black (Heavy Vertisol),200.0,105,74.6,42.6,298.8,0.5,0.549,1535.0,58,6,22.85,20.74,1349.8,16.91,1691.0
2015,pune,Jowar,Kharif / Rabi,Deep Black (Heavy Vertisol),200.0,105,74.6,42.6,298.8,1.0,0.241,3070.0,58,6,22.85,20.74,1349.8,22.92,2292.0
2015,pune,Jowar,Kharif / Rabi,Light Loam (Sandy Loam),140.0,105,74.6,42.6,298.8,0.0,0.857,0.0,58,6,22.85,20.74,1349.8,9.13,913.0
2015,pune,Jowar,Kharif / Rabi,Light Loam (Sandy Loam),140.0,105,74.6,42.6,298.8,0.5,0.513,1715.0,58,6,22.85,20.74,1349.8,15.73,1573.0
2015,pune,Jowar,Kharif / Rabi,Light Loam (Sandy Loam),140.0,105,74.6,42.6,298.8,1.0,0.169,3430.0,58,6,22.85,20.74,1349.8,22.39,2239.0
2016,pune,Cotton,Kharif,Medium Black (Vertisol),180.0,165,2182.1,1373.4,474.2,0.0,0.0,0.0,93,55,25.97,22.1,2635.1,22.7,2270.0
2016,pune,Cotton,Kharif,Medium Black (Vertisol),180.0,165,2182.1,1373.4,474.2,0.5,0.0,528.5,93,55,25.97,22.1,2635.1,23.1,2310.0
2016,pune,Cotton,Kharif,Medium Black (Vertisol),180.0,165,2182.1,1373.4,474.2,1.0,0.0,1057.0,93,55,25.97,22.1,2635.1,22.11,2211.0
2016,pune,Cotton,Kharif,Deep Black (Heavy Vertisol),200.0,165,2182.1,1373.4,474.2,0.0,0.0,0.0,93,55,25.97,22.1,2635.1,23.09,2309.0
2016,pune,Cotton,Kharif,Deep Black (Heavy Vertisol),200.0,165,2182.1,1373.4,474.2,0.5,0.0,398.5,93,55,25.97,22.1,2635.1,22.07,2207.0
2016,pune,Cotton,Kharif,Deep Black (Heavy Vertisol),200.0,165,2182.1,1373.4,474.2,1.0,0.0,797.0,93,55,25.97,22.1,2635.1,22.81,2281.0
2016,pune,Cotton,Kharif,Light Loam (Sandy Loam),140.0,165,2182.1,1373.4,474.2,0.0,0.0,0.0,93,55,25.97,22.1,2635.1,21.34,2134.0
2016,pune,Cotton,Kharif,Light Loam (Sandy Loam),140.0,165,2182.1,1373.4,474.2,0.5,0.0,788.5,93,55,25.97,22.1,2635.1,18.46,1846.0
2016,pune,Cotton,Kharif,Light Loam (Sandy Loam),140.0,165,2182.1,1373.4,474.2,1.0,0.0,1577.0,93,55,25.97,22.1,2635.1,19.49,1949.0
2016,pune,Soybean,Kharif,Medium Black (Vertisol),180.0,105,2084.0,1317.1,287.0,0.0,0.0,0.0,61,27,24.34,21.0,1506.2,24.27,2427.0
2016,pune,Soybean,Kharif,Medium Black (Vertisol),180.0,105,2084.0,1317.1,287.0,0.5,0.0,0.0,61,27,24.34,21.0,1506.2,23.6,2360.0
2016,pune,Soybean,Kharif,Medium Black (Vertisol),180.0,105,2084.0,1317.1,287.0,1.0,0.0,0.0,61,27,24.34,21.0,1506.2,22.82,2282.0
2016,pune,Soybean,Kharif,Deep Black (Heavy Vertisol),200.0,105,2084.0,1317.1,287.0,0.0,0.0,0.0,61,27,24.34,21.0,1506.2,23.85,2385.0
2016,pune,Soybean,Kharif,Deep Black (Heavy Vertisol),200.0,105,2084.0,1317.1,287.0,0.5,0.0,0.0,61,27,24.34,21.0,1506.2,24.91,2491.0
2016,pune,Soybean,Kharif,Deep Black (Heavy Vertisol),200.0,105,2084.0,1317.1,287.0,1.0,0.0,0.0,61,27,24.34,21.0,1506.2,24.37,2437.0
2016,pune,Soybean,Kharif,Light Loam (Sandy Loam),140.0,105,2084.0,1317.1,287.0,0.0,0.0,0.0,61,27,24.34,21.0,1506.2,21.53,2153.0
2016,pune,Soybean,Kharif,Light Loam (Sandy Loam),140.0,105,2084.0,1317.1,287.0,0.5,0.0,0.0,61,27,24.34,21.0,1506.2,20.94,2094.0
2016,pune,Soybean,Kharif,Light Loam (Sandy Loam),140.0,105,2084.0,1317.1,287.0,1.0,0.0,0.0,61,27,24.34,21.0,1506.2,21.85,2185.0
2016,pune,Maize,Kharif,Medium Black (Vertisol),180.0,110,2161.5,1367.6,295.2,0.0,0.0,0.0,61,32,24.57,21.26,1602.6,46.8,4680.0
2016,pune,Maize,Kharif,Medium Black (Vertisol),180.0,110,2161.5,1367.6,295.2,0.5,0.0,0.0,61,32,24.57,21.26,1602.6,43.97,4397.0
2016,pune,Maize,Kharif,Medium Black (Vertisol),180.0,110,2161.5,1367.6,295.2,1.0,0.0,0.0,61,32,24.57,21.26,1602.6,45.97,4597.0
2016,pune,Maize,Kharif,Deep Black (Heavy Vertisol),200.0,110,2161.5,1367.6,295.2,0.0,0.0,0.0,61,32,24.57,21.26,1602.6,46.59,4659.0
2016,pune,Maize,Kharif,Deep Black (Heavy Vertisol),200.0,110,2161.5,1367.6,295.2,0.5,0.0,0.0,61,32,24.57,21.26,1602.6,44.5,4450.0
2016,pune,Maize,Kharif,Deep Black (Heavy Vertisol),200.0,110,2161.5,1367.6,295.2,1.0,0.0,0.0,61,32,24.57,21.26,1602.6,46.58,4658.0
2016,pune,Maize,Kharif,Light Loam (Sandy Loam),140.0,110,2161.5,1367.6,295.2,0.0,0.0,0.0,61,32,24.57,21.26,1602.6,44.69,4469.0
2016,pune,Maize,Kharif,Light Loam (Sandy Loam),140.0,110,2161.5,1367.6,295.2,0.5,0.0,0.0,61,32,24.57,21.26,1602.6,39.57,3957.0
2016,pune,Maize,Kharif,Light Loam (Sandy Loam),140.0,110,2161.5,1367.6,295.2,1.0,0.0,0.0,61,32,24.57,21.26,1602.6,40.9,4090.0
2016,pune,Gram,Rabi / Late Kharif,Medium Black (Vertisol),180.0,100,10.2,0.0,276.5,0.0,1.0,0.0,61,22,24.09,20.74,1409.5,4.92,492.0
2016,pune,Gram,Rabi / Late Kharif,Medium Black (Vertisol),180.0,100,10.2,0.0,276.5,0.5,0.598,1854.0,61,22,24.09,20.74,1409.5,10.36,1036.0
2016,pune,Gram,Rabi / Late Kharif,Medium Black (Vertisol),180.0,100,10.2,0.0,276.5,1.0,0.195,3708.0,61,22,24.09,20.74,1409.5,17.41,1741.0
2016,pune,Gram,Rabi / Late Kharif,Deep Black (Heavy Vertisol),200.0,100,10.2,0.0,276.5,0.0,1.0,0.0,61,22,24.09,20.74,1409.5,6.91,691.0
2016,pune,Gram,Rabi / Late Kharif,Deep Black (Heavy Vertisol),200.0,100,10.2,0.0,276.5,0.5,0.608,1804.0,61,22,24.09,20.74,1409.5,9.56,956.0
2016,pune,Gram,Rabi / Late Kharif,Deep Black (Heavy Vertisol),200.0,100,10.2,0.0,276.5,1.0,0.217,3608.0,61,22,24.09,20.74,1409.5,18.19,1819.0
2016,pune,Gram,Rabi / Late Kharif,Light Loam (Sandy Loam),140.0,100,10.2,0.0,276.5,0.0,1.0,0.0,61,22,24.09,20.74,1409.5,4.54,454.0
2016,pune,Gram,Rabi / Late Kharif,Light Loam (Sandy Loam),140.0,100,10.2,0.0,276.5,0.5,0.576,1954.0,61,22,24.09,20.74,1409.5,8.44,844.0
2016,pune,Gram,Rabi / Late Kharif,Light Loam (Sandy Loam),140.0,100,10.2,0.0,276.5,1.0,0.152,3908.0,61,22,24.09,20.74,1409.5,17.16,1716.0
2016,pune,Jowar,Kharif / Rabi,Medium Black (Vertisol),180.0,105,10.2,0.0,301.5,0.0,1.0,0.0,61,27,24.34,21.0,1506.2,8.25,825.0
2016,pune,Jowar,Kharif / Rabi,Medium Black (Vertisol),180.0,105,10.2,0.0,301.5,0.5,0.607,1972.5,61,27,24.34,21.0,1506.2,14.57,1457.0
2016,pune,Jowar,Kharif / Rabi,Medium Black (Vertisol),180.0,105,10.2,0.0,301.5,1.0,0.215,3945.0,61,27,24.34,21.0,1506.2,22.12,2212.0
2016,pune,Jowar,Kharif / Rabi,Deep Black (Heavy Vertisol),200.0,105,10.2,0.0,301.5,0.0,1.0,0.0,61,27,24.34,21.0,1506.2,8.58,858.0
2016,pune,Jowar,Kharif / Rabi,Deep Black (Heavy Vertisol),200.0,105,10.2,0.0,301.5,0.5,0.619,1912.5,61,27,24.34,21.0,1506.2,15.97,1597.0
2016,pune,Jowar,Kharif / Rabi,Deep Black (Heavy Vertisol),200.0,105,10.2,0.0,301.5,1.0,0.239,3825.0,61,27,24.34,21.0,1506.2,23.51,2351.0
2016,pune,Jowar,Kharif / Rabi,Light Loam (Sandy Loam),140.0,105,10.2,0.0,301.5,0.0,1.0,0.0,61,27,24.34,21.0,1506.2,7.37,737.0
2016,pune,Jowar,Kharif / Rabi,Light Loam (Sandy Loam),140.0,105,10.2,0.0,301.5,0.5,0.584,2092.5,61,27,24.34,21.0,1506.2,13.93,1393.0
2016,pune,Jowar,Kharif / Rabi,Light Loam (Sandy Loam),140.0,105,10.2,0.0,301.5,1.0,0.167,4185.0,61,27,24.34,21.0,1506.2,22.06,2206.0
2017,pune,Cotton,Kharif,Medium Black (Vertisol),180.0,165,2039.8,1291.2,487.6,0.0,0.0,0.0,131,46,25.56,22.63,2567.7,23.18,2318.0
2017,pune,Cotton,Kharif,Medium Black (Vertisol),180.0,165,2039.8,1291.2,487.6,0.5,0.0,171.0,131,46,25.56,22.63,2567.7,22.31,2231.0
2017,pune,Cotton,Kharif,Medium Black (Vertisol),180.0,165,2039.8,1291.2,487.6,1.0,0.0,342.0,131,46,25.56,22.63,2567.7,20.76,2076.0
2017,pune,Cotton,Kharif,Deep Black (Heavy Vertisol),200.0,165,2039.8,1291.2,487.6,0.0,0.0,0.0,131,46,25.56,22.63,2567.7,23.51,2351.0
2017,pune,Cotton,Kharif,Deep Black (Heavy Vertisol),200.0,165,2039.8,1291.2,487.6,0.5,0.0,41.0,131,46,25.56,22.63,2567.7,25.57,2557.0
2017,pune,Cotton,Kharif,Deep Black (Heavy Vertisol),200.0,165,2039.8,1291.2,487.6,1.0,0.0,82.0,131,46,25.56,22.63,2567.7,24.68,2468.0
2017,pune,Cotton,Kharif,Light Loam (Sandy Loam),140.0,165,2039.8,1291.2,487.6,0.0,0.0,0.0,131,46,25.56,22.63,2567.7,19.99,1999.0
2017,pune,Cotton,Kharif,Light Loam (Sandy Loam),140.0,165,2039.8,1291.2,487.6,0.5,0.0,431.0,131,46,25.56,22.63,2567.7,22.67,2267.0
2017,pune,Cotton,Kharif,Light Loam (Sandy Loam),140.0,165,2039.8,1291.2,487.6,1.0,0.0,862.0,131,46,25.56,22.63,2567.7,19.46,1946.0
2017,pune,Soybean,Kharif,Medium Black (Vertisol),180.0,105,1845.7,1177.7,305.8,0.0,0.0,0.0,105,19,23.94,22.02,1463.8,24.05,2405.0
2017,pune,Soybean,Kharif,Medium Black (Vertisol),180.0,105,1845.7,1177.7,305.8,0.5,0.0,0.0,105,19,23.94,22.02,1463.8,22.4,2240.0
2017,pune,Soybean,Kharif,Medium Black (Vertisol),180.0,105,1845.7,1177.7,305.8,1.0,0.0,0.0,105,19,23.94,22.02,1463.8,22.05,2205.0
2017,pune,Soybean,Kharif,Deep Black (Heavy Vertisol),200.0,105,1845.7,1177.7,305.8,0.0,0.0,0.0,105,19,23.94,22.02,1463.8,25.2,2520.0
2017,pune,Soybean,Kharif,Deep Black (Heavy Vertisol),200.0,105,1845.7,1177.7,305.8,0.5,0.0,0.0,105,19,23.94,22.02,1463.8,25.2,2520.0
2017,pune,Soybean,Kharif,Deep Black (Heavy Vertisol),200.0,105,1845.7,1177.7,305.8,1.0,0.0,0.0,105,19,23.94,22.02,1463.8,24.82,2482.0
2017,pune,Soybean,Kharif,Light Loam (Sandy Loam),140.0,105,1845.7,1177.7,305.8,0.0,0.0,0.0,105,19,23.94,22.02,1463.8,20.78,2078.0
2017,pune,Soybean,Kharif,Light Loam (Sandy Loam),140.0,105,1845.7,1177.7,305.8,0.5,0.0,0.0,105,19,23.94,22.02,1463.8,23.21,2321.0
2017,pune,Soybean,Kharif,Light Loam (Sandy Loam),140.0,105,1845.7,1177.7,305.8,1.0,0.0,0.0,105,19,23.94,22.02,1463.8,22.02,2202.0
2017,pune,Maize,Kharif,Medium Black (Vertisol),180.0,110,1863.3,1187.6,318.2,0.0,0.0,0.0,110,24,24.19,22.23,1561.4,43.76,4376.0
2017,pune,Maize,Kharif,Medium Black (Vertisol),180.0,110,1863.3,1187.6,318.2,0.5,0.0,0.0,110,24,24.19,22.23,1561.4,45.96,4596.0
2017,pune,Maize,Kharif,Medium Black (Vertisol),180.0,110,1863.3,1187.6,318.2,1.0,0.0,0.0,110,24,24.19,22.23,1561.4,44.79,4479.0
2017,pune,Maize,Kharif,Deep Black (Heavy Vertisol),200.0,110,1863.3,1187.6,318.2,0.0,0.0,0.0,110,24,24.19,22.23,1561.4,47.14,4714.0
2017,pune,Maize,Kharif,Deep Black (Heavy Vertisol),200.0,110,1863.3,1187.6,318.2,0.5,0.0,0.0,110,24,24.19,22.23,1561.4,48.72,4872.0
2017,pune,Maize,Kharif,Deep Black (Heavy Vertisol),200.0,110,1863.3,1187.6,318.2,1.0,0.0,0.0,110,24,24.19,22.23,1561.4,45.06,4506.0
2017,pune,Maize,Kharif,Light Loam (Sandy Loam),140.0,110,1863.3,1187.6,318.2,0.0,0.0,0.0,110,24,24.19,22.23,1561.4,36.07,3607.0
2017,pune,Maize,Kharif,Light Loam (Sandy Loam),140.0,110,1863.3,1187.6,318.2,0.5,0.0,0.0,110,24,24.19,22.23,1561.4,42.82,4282.0
2017,pune,Maize,Kharif,Light Loam (Sandy Loam),140.0,110,1863.3,1187.6,318.2,1.0,0.0,0.0,110,24,24.19,22.23,1561.4,38.96,3896.0
2017,pune,Gram,Rabi / Late Kharif,Medium Black (Vertisol),180.0,100,273.6,161.9,254.6,0.0,0.364,0.0,100,14,23.63,21.79,1362.9,13.78,1378.0
2017,pune,Gram,Rabi / Late Kharif,Medium Black (Vertisol),180.0,100,273.6,161.9,254.6,0.5,0.193,726.5,100,14,23.63,21.79,1362.9,17.99,1799.0
2017,pune,Gram,Rabi / Late Kharif,Medium Black (Vertisol),180.0,100,273.6,161.9,254.6,1.0,0.022,1453.0,100,14,23.63,21.79,1362.9,20.95,2095.0
2017,pune,Gram,Rabi / Late Kharif,Deep Black (Heavy Vertisol),200.0,100,273.6,161.9,254.6,0.0,0.364,0.0,100,14,23.63,21.79,1362.9,16.13,1613.0
2017,pune,Gram,Rabi / Late Kharif,Deep Black (Heavy Vertisol),200.0,100,273.6,161.9,254.6,0.5,0.216,626.5,100,14,23.63,21.79,1362.9,18.31,1831.0
2017,pune,Gram,Rabi / Late Kharif,Deep Black (Heavy Vertisol),200.0,100,273.6,161.9,254.6,1.0,0.069,1253.0,100,14,23.63,21.79,1362.9,21.32,2132.0
2017,pune,Gram,Rabi / Late Kharif,Light Loam (Sandy Loam),140.0,100,273.6,161.9,254.6,0.0,0.364,0.0,100,14,23.63,21.79,1362.9,13.45,1345.0
2017,pune,Gram,Rabi / Late Kharif,Light Loam (Sandy Loam),140.0,100,273.6,161.9,254.6,0.5,0.146,926.5,100,14,23.63,21.79,1362.9,18.27,1827.0
2017,pune,Gram,Rabi / Late Kharif,Light Loam (Sandy Loam),140.0,100,273.6,161.9,254.6,1.0,0.0,1853.0,100,14,23.63,21.79,1362.9,21.2,2120.0
2017,pune,Jowar,Kharif / Rabi,Medium Black (Vertisol),180.0,105,273.6,161.9,278.0,0.0,0.418,0.0,105,19,23.94,22.02,1463.8,19.41,1941.0
2017,pune,Jowar,Kharif / Rabi,Medium Black (Vertisol),180.0,105,273.6,161.9,278.0,0.5,0.314,478.5,105,19,23.94,22.02,1463.8,19.98,1998.0
2017,pune,Jowar,Kharif / Rabi,Medium Black (Vertisol),180.0,105,273.6,161.9,278.0,1.0,0.211,957.0,105,19,23.94,22.02,1463.8,22.38,2238.0
2017,pune,Jowar,Kharif / Rabi,Deep Black (Heavy Vertisol),200.0,105,273.6,161.9,278.0,0.0,0.418,0.0,105,19,23.94,22.02,1463.8,20.92,2092.0
2017,pune,Jowar,Kharif / Rabi,Deep Black (Heavy Vertisol),200.0,105,273.6,161.9,278.0,0.5,0.333,390.0,105,19,23.94,22.02,1463.8,20.2,2020.0
2017,pune,Jowar,Kharif / Rabi,Deep Black (Heavy Vertisol),200.0,105,273.6,161.9,278.0,1.0,0.249,780.0,105,19,23.94,22.02,1463.8,24.84,2484.0
2017,pune,Jowar,Kharif / Rabi,Light Loam (Sandy Loam),140.0,105,273.6,161.9,278.0,0.0,0.418,0.0,105,19,23.94,22.02,1463.8,17.05,1705.0
2017,pune,Jowar,Kharif / Rabi,Light Loam (Sandy Loam),140.0,105,273.6,161.9,278.0,0.5,0.263,718.5,105,19,23.94,22.02,1463.8,20.75,2075.0
2017,pune,Jowar,Kharif / Rabi,Light Loam (Sandy Loam),140.0,105,273.6,161.9,278.0,1.0,0.108,1437.0,105,19,23.94,22.02,1463.8,24.17,2417.0
2018,pune,Cotton,Kharif,Medium Black (Vertisol),180.0,165,1424.1,901.2,515.1,0.0,0.0,0.0,128,50,25.48,21.52,2554.8,22.47,2247.0
2018,pune,Cotton,Kharif,Medium Black (Vertisol),180.0,165,1424.1,901.2,515.1,0.5,0.0,1721.0,128,50,25.48,21.52,2554.8,22.36,2236.0
2018,pune,Cotton,Kharif,Medium Black (Vertisol),180.0,165,1424.1,901.2,515.1,1.0,0.0,3442.0,128,50,25.48,21.52,2554.8,22.2,2220.0
2018,pune,Cotton,Kharif,Deep Black (Heavy Vertisol),200.0,165,1424.1,901.2,515.1,0.0,0.0,0.0,128,50,25.48,21.52,2554.8,25.62,2562.0
2018,pune,Cotton,Kharif,Deep Black (Heavy Vertisol),200.0,165,1424.1,901.2,515.1,0.5,0.0,1591.0,128,50,25.48,21.52,2554.8,24.1,2410.0
2018,pune,Cotton,Kharif,Deep Black (Heavy Vertisol),200.0,165,1424.1,901.2,515.1,1.0,0.0,3182.0,128,50,25.48,21.52,2554.8,24.36,2436.0
2018,pune,Cotton,Kharif,Light Loam (Sandy Loam),140.0,165,1424.1,901.2,515.1,0.0,0.0,0.0,128,50,25.48,21.52,2554.8,20.6,2060.0
2018,pune,Cotton,Kharif,Light Loam (Sandy Loam),140.0,165,1424.1,901.2,515.1,0.5,0.0,1981.0,128,50,25.48,21.52,2554.8,21.39,2139.0
2018,pune,Cotton,Kharif,Light Loam (Sandy Loam),140.0,165,1424.1,901.2,515.1,1.0,0.0,3962.0,128,50,25.48,21.52,2554.8,21.13,2113.0
2018,pune,Soybean,Kharif,Medium Black (Vertisol),180.0,105,1392.7,892.3,302.5,0.0,0.0,0.0,82,15,23.67,20.58,1435.4,22.16,2216.0
2018,pune,Soybean,Kharif,Medium Black (Vertisol),180.0,105,1392.7,892.3,302.5,0.5,0.0,76.5,82,15,23.67,20.58,1435.4,24.01,2401.0
2018,pune,Soybean,Kharif,Medium Black (Vertisol),180.0,105,1392.7,892.3,302.5,1.0,0.0,153.0,82,15,23.67,20.58,1435.4,23.68,2368.0
2018,pune,Soybean,Kharif,Deep Black (Heavy Vertisol),200.0,105,1392.7,892.3,302.5,0.0,0.0,0.0,82,15,23.67,20.58,1435.4,25.2,2520.0
2018,pune,Soybean,Kharif,Deep Black (Heavy Vertisol),200.0,105,1392.7,892.3,302.5,0.5,0.0,1.5,82,15,23.67,20.58,1435.4,25.2,2520.0
2018,pune,Soybean,Kharif,Deep Black (Heavy Vertisol),200.0,105,1392.7,892.3,302.5,1.0,0.0,3.0,82,15,23.67,20.58,1435.4,25.2,2520.0
2018,pune,Soybean,Kharif,Light Loam (Sandy Loam),140.0,105,1392.7,892.3,302.5,0.0,0.0,0.0,82,15,23.67,20.58,1435.4,23.78,2378.0
2018,pune,Soybean,Kharif,Light Loam (Sandy Loam),140.0,105,1392.7,892.3,302.5,0.5,0.0,226.5,82,15,23.67,20.58,1435.4,21.14,2114.0
2018,pune,Soybean,Kharif,Light Loam (Sandy Loam),140.0,105,1392.7,892.3,302.5,1.0,0.0,453.0,82,15,23.67,20.58,1435.4,21.54,2154.0
2018,pune,Maize,Kharif,Medium Black (Vertisol),180.0,110,1400.9,892.3,316.8,0.0,0.0,0.0,87,19,24.0,20.74,1539.6,40.64,4064.0
2018,pune,Maize,Kharif,Medium Black (Vertisol),180.0,110,1400.9,892.3,316.8,0.5,0.0,144.0,87,19,24.0,20.74,1539.6,43.87,4387.0
2018,pune,Maize,Kharif,Medium Black (Vertisol),180.0,110,1400.9,892.3,316.8,1.0,0.0,288.0,87,19,24.0,20.74,1539.6,45.52,4552.0
2018,pune,Maize,Kharif,Deep Black (Heavy Vertisol),200.0,110,1400.9,892.3,316.8,0.0,0.0,0.0,87,19,24.0,20.74,1539.6,47.55,4755.0
2018,pune,Maize,Kharif,Deep Black (Heavy Vertisol),200.0,110,1400.9,892.3,316.8,0.5,0.0,52.5,87,19,24.0,20.74,1539.6,48.94,4894.0
2018,pune,Maize,Kharif,Deep Black (Heavy Vertisol),200.0,110,1400.9,892.3,316.8,1.0,0.0,105.0,87,19,24.0,20.74,1539.6,46.85,4685.0
2018,pune,Maize,Kharif,Light Loam (Sandy Loam),140.0,110,1400.9,892.3,316.8,0.0,0.0,0.0,87,19,24.0,20.74,1539.6,42.12,4212.0
2018,pune,Maize,Kharif,Light Loam (Sandy Loam),140.0,110,1400.9,892.3,316.8,0.5,0.0,327.5,87,19,24.0,20.74,1539.6,38.47,3847.0
2018,pune,Maize,Kharif,Light Loam (Sandy Loam),140.0,110,1400.9,892.3,316.8,1.0,0.0,655.0,87,19,24.0,20.74,1539.6,37.87,3787.0
2018,pune,Gram,Rabi / Late Kharif,Medium Black (Vertisol),180.0,100,32.3,11.4,283.4,0.0,0.96,0.0,77,11,23.39,20.36,1339.4,5.91,591.0
2018,pune,Gram,Rabi / Late Kharif,Medium Black (Vertisol),180.0,100,32.3,11.4,283.4,0.5,0.575,1816.5,77,11,23.39,20.36,1339.4,9.95,995.0
2018,pune,Gram,Rabi / Late Kharif,Medium Black (Vertisol),180.0,100,32.3,11.4,283.4,1.0,0.191,3633.0,77,11,23.39,20.36,1339.4,19.85,1985.0
2018,pune,Gram,Rabi / Late Kharif,Deep Black (Heavy Vertisol),200.0,100,32.3,11.4,283.4,0.0,0.96,0.0,77,11,23.39,20.36,1339.4,5.08,508.0
2018,pune,Gram,Rabi / Late Kharif,Deep Black (Heavy Vertisol),200.0,100,32.3,11.4,283.4,0.5,0.586,1766.5,77,11,23.39,20.36,1339.4,11.73,1173.0
2018,pune,Gram,Rabi / Late Kharif,Deep Black (Heavy Vertisol),200.0,100,32.3,11.4,283.4,1.0,0.212,3533.0,77,11,23.39,20.36,1339.4,19.22,1922.0
2018,pune,Gram,Rabi / Late Kharif,Light Loam (Sandy Loam),140.0,100,32.3,11.4,283.4,0.0,0.96,0.0,77,11,23.39,20.36,1339.4,6.16,616.0
2018,pune,Gram,Rabi / Late Kharif,Light Loam (Sandy Loam),140.0,100,32.3,11.4,283.4,0.5,0.554,1916.5,77,11,23.39,20.36,1339.4,9.87,987.0
2018,pune,Gram,Rabi / Late Kharif,Light Loam (Sandy Loam),140.0,100,32.3,11.4,283.4,1.0,0.148,3833.0,77,11,23.39,20.36,1339.4,19.0,1900.0
2018,pune,Jowar,Kharif / Rabi,Medium Black (Vertisol),180.0,105,36.1,12.6,309.4,0.0,0.959,0.0,82,15,23.67,20.58,1435.4,7.34,734.0
2018,pune,Jowar,Kharif / Rabi,Medium Black (Vertisol),180.0,105,36.1,12.6,309.4,0.5,0.584,1933.5,82,15,23.67,20.58,1435.4,13.03,1303.0
2018,pune,Jowar,Kharif / Rabi,Medium Black (Vertisol),180.0,105,36.1,12.6,309.4,1.0,0.209,3867.0,82,15,23.67,20.58,1435.4,22.92,2292.0
2018,pune,Jowar,Kharif / Rabi,Deep Black (Heavy Vertisol),200.0,105,36.1,12.6,309.4,0.0,0.959,0.0,82,15,23.67,20.58,1435.4,9.76,976.0
2018,pune,Jowar,Kharif / Rabi,Deep Black (Heavy Vertisol),200.0,105,36.1,12.6,309.4,0.5,0.596,1873.5,82,15,23.67,20.58,1435.4,18.0,1800.0
2018,pune,Jowar,Kharif / Rabi,Deep Black (Heavy Vertisol),200.0,105,36.1,12.6,309.4,1.0,0.233,3747.0,82,15,23.67,20.58,1435.4,20.69,2069.0
2018,pune,Jowar,Kharif / Rabi,Light Loam (Sandy Loam),140.0,105,36.1,12.6,309.4,0.0,0.959,0.0,82,15,23.67,20.58,1435.4,7.05,705.0
2018,pune,Jowar,Kharif / Rabi,Light Loam (Sandy Loam),140.0,105,36.1,12.6,309.4,0.5,0.561,2053.5,82,15,23.67,20.58,1435.4,11.78,1178.0
2018,pune,Jowar,Kharif / Rabi,Light Loam (Sandy Loam),140.0,105,36.1,12.6,309.4,1.0,0.163,4107.0,82,15,23.67,20.58,1435.4,23.06,2306.0
2019,pune,Cotton,Kharif,Medium Black (Vertisol),180.0,165,2664.4,1704.2,435.2,0.0,0.0,0.0,159,59,25.81,23.31,2608.9,24.83,2483.0
2019,pune,Cotton,Kharif,Medium Black (Vertisol),180.0,165,2664.4,1704.2,435.2,0.5,0.0,0.0,159,59,25.81,23.31,2608.9,22.72,2272.0
2019,pune,Cotton,Kharif,Medium Black (Vertisol),180.0,165,2664.4,1704.2,435.2,1.0,0.0,0.0,159,59,25.81,23.31,2608.9,20.97,2097.0
2019,pune,Cotton,Kharif,Deep Black (Heavy Vertisol),200.0,165,2664.4,1704.2,435.2,0.0,0.0,0.0,159,59,25.81,23.31,2608.9,23.55,2355.0
2019,pune,Cotton,Kharif,Deep Black (Heavy Vertisol),200.0,165,2664.4,1704.2,435.2,0.5,0.0,0.0,159,59,25.81,23.31,2608.9,25.65,2565.0
2019,pune,Cotton,Kharif,Deep Black (Heavy Vertisol),200.0,165,2664.4,1704.2,435.2,1.0,0.0,0.0,159,59,25.81,23.31,2608.9,23.42,2342.0
2019,pune,Cotton,Kharif,Light Loam (Sandy Loam),140.0,165,2664.4,1704.2,435.2,0.0,0.0,0.0,159,59,25.81,23.31,2608.9,21.76,2176.0
2019,pune,Cotton,Kharif,Light Loam (Sandy Loam),140.0,165,2664.4,1704.2,435.2,0.5,0.0,0.0,159,59,25.81,23.31,2608.9,21.98,2198.0
2019,pune,Cotton,Kharif,Light Loam (Sandy Loam),140.0,165,2664.4,1704.2,435.2,1.0,0.0,0.0,159,59,25.81,23.31,2608.9,21.81,2181.0
2019,pune,Soybean,Kharif,Medium Black (Vertisol),180.0,105,2401.2,1555.6,275.5,0.0,0.0,0.0,105,24,23.98,22.07,1467.7,24.77,2477.0
2019,pune,Soybean,Kharif,Medium Black (Vertisol),180.0,105,2401.2,1555.6,275.5,0.5,0.0,0.0,105,24,23.98,22.07,1467.7,23.65,2365.0
2019,pune,Soybean,Kharif,Medium Black (Vertisol),180.0,105,2401.2,1555.6,275.5,1.0,0.0,0.0,105,24,23.98,22.07,1467.7,22.85,2285.0
2019,pune,Soybean,Kharif,Deep Black (Heavy Vertisol),200.0,105,2401.2,1555.6,275.5,0.0,0.0,0.0,105,24,23.98,22.07,1467.7,24.82,2482.0
2019,pune,Soybean,Kharif,Deep Black (Heavy Vertisol),200.0,105,2401.2,1555.6,275.5,0.5,0.0,0.0,105,24,23.98,22.07,1467.7,25.2,2520.0
2019,pune,Soybean,Kharif,Deep Black (Heavy Vertisol),200.0,105,2401.2,1555.6,275.5,1.0,0.0,0.0,105,24,23.98,22.07,1467.7,24.48,2448.0
2019,pune,Soybean,Kharif,Light Loam (Sandy Loam),140.0,105,2401.2,1555.6,275.5,0.0,0.0,0.0,105,24,23.98,22.07,1467.7,23.9,2390.0
2019,pune,Soybean,Kharif,Light Loam (Sandy Loam),140.0,105,2401.2,1555.6,275.5,0.5,0.0,0.0,105,24,23.98,22.07,1467.7,22.56,2256.0
2019,pune,Soybean,Kharif,Light Loam (Sandy Loam),140.0,105,2401.2,1555.6,275.5,1.0,0.0,0.0,105,24,23.98,22.07,1467.7,21.4,2140.0
2019,pune,Maize,Kharif,Medium Black (Vertisol),180.0,110,2441.6,1580.0,286.5,0.0,0.0,0.0,110,26,24.13,22.27,1553.8,40.19,4019.0
2019,pune,Maize,Kharif,Medium Black (Vertisol),180.0,110,2441.6,1580.0,286.5,0.5,0.0,0.0,110,26,24.13,22.27,1553.8,42.07,4207.0
2019,pune,Maize,Kharif,Medium Black (Vertisol),180.0,110,2441.6,1580.0,286.5,1.0,0.0,0.0,110,26,24.13,22.27,1553.8,46.19,4619.0
2019,pune,Maize,Kharif,Deep Black (Heavy Vertisol),200.0,110,2441.6,1580.0,286.5,0.0,0.0,0.0,110,26,24.13,22.27,1553.8,47.41,4741.0
2019,pune,Maize,Kharif,Deep Black (Heavy Vertisol),200.0,110,2441.6,1580.0,286.5,0.5,0.0,0.0,110,26,24.13,22.27,1553.8,49.35,4935.0
2019,pune,Maize,Kharif,Deep Black (Heavy Vertisol),200.0,110,2441.6,1580.0,286.5,1.0,0.0,0.0,110,26,24.13,22.27,1553.8,44.44,4444.0
2019,pune,Maize,Kharif,Light Loam (Sandy Loam),140.0,110,2441.6,1580.0,286.5,0.0,0.0,0.0,110,26,24.13,22.27,1553.8,38.7,3870.0
2019,pune,Maize,Kharif,Light Loam (Sandy Loam),140.0,110,2441.6,1580.0,286.5,0.5,0.0,0.0,110,26,24.13,22.27,1553.8,43.44,4344.0
2019,pune,Maize,Kharif,Light Loam (Sandy Loam),140.0,110,2441.6,1580.0,286.5,1.0,0.0,0.0,110,26,24.13,22.27,1553.8,43.95,4395.0
2019,pune,Gram,Rabi / Late Kharif,Medium Black (Vertisol),180.0,100,319.3,182.6,228.8,0.0,0.202,0.0,100,20,23.65,21.93,1365.4,19.03,1903.0
2019,pune,Gram,Rabi / Late Kharif,Medium Black (Vertisol),180.0,100,319.3,182.6,228.8,0.5,0.049,584.0,100,20,23.65,21.93,1365.4,20.82,2082.0
2019,pune,Gram,Rabi / Late Kharif,Medium Black (Vertisol),180.0,100,319.3,182.6,228.8,1.0,0.0,1168.0,100,20,23.65,21.93,1365.4,21.22,2122.0
2019,pune,Gram,Rabi / Late Kharif,Deep Black (Heavy Vertisol),200.0,100,319.3,182.6,228.8,0.0,0.202,0.0,100,20,23.65,21.93,1365.4,18.33,1833.0
2019,pune,Gram,Rabi / Late Kharif,Deep Black (Heavy Vertisol),200.0,100,319.3,182.6,228.8,0.5,0.075,484.0,100,20,23.65,21.93,1365.4,22.57,2257.0
2019,pune,Gram,Rabi / Late Kharif,Deep Black (Heavy Vertisol),200.0,100,319.3,182.6,228.8,1.0,0.0,968.0,100,20,23.65,21.93,1365.4,21.83,2183.0
2019,pune,Gram,Rabi / Late Kharif,Light Loam (Sandy Loam),140.0,100,319.3,182.6,228.8,0.0,0.202,0.0,100,20,23.65,21.93,1365.4,15.88,1588.0
2019,pune,Gram,Rabi / Late Kharif,Light Loam (Sandy Loam),140.0,100,319.3,182.6,228.8,0.5,0.0,784.0,100,20,23.65,21.93,1365.4,18.66,1866.0
2019,pune,Gram,Rabi / Late Kharif,Light Loam (Sandy Loam),140.0,100,319.3,182.6,228.8,1.0,0.0,1568.0,100,20,23.65,21.93,1365.4,21.14,2114.0
2019,pune,Jowar,Kharif / Rabi,Medium Black (Vertisol),180.0,105,356.8,204.1,246.8,0.0,0.173,0.0,105,24,23.98,22.07,1467.7,22.68,2268.0
2019,pune,Jowar,Kharif / Rabi,Medium Black (Vertisol),180.0,105,356.8,204.1,246.8,0.5,0.067,437.5,105,24,23.98,22.07,1467.7,23.2,2320.0
2019,pune,Jowar,Kharif / Rabi,Medium Black (Vertisol),180.0,105,356.8,204.1,246.8,1.0,0.0,875.0,105,24,23.98,22.07,1467.7,26.38,2638.0
2019,pune,Jowar,Kharif / Rabi,Deep Black (Heavy Vertisol),200.0,105,356.8,204.1,246.8,0.0,0.173,0.0,105,24,23.98,22.07,1467.7,24.26,2426.0
2019,pune,Jowar,Kharif / Rabi,Deep Black (Heavy Vertisol),200.0,105,356.8,204.1,246.8,0.5,0.096,317.5,105,24,23.98,22.07,1467.7,27.05,2705.0
2019,pune,Jowar,Kharif / Rabi,Deep Black (Heavy Vertisol),200.0,105,356.8,204.1,246.8,1.0,0.019,635.0,105,24,23.98,22.07,1467.7,26.81,2681.0
2019,pune,Jowar,Kharif / Rabi,Light Loam (Sandy Loam),140.0,105,356.8,204.1,246.8,0.0,0.173,0.0,105,24,23.98,22.07,1467.7,21.12,2112.0
2019,pune,Jowar,Kharif / Rabi,Light Loam (Sandy Loam),140.0,105,356.8,204.1,246.8,0.5,0.008,677.5,105,24,23.98,22.07,1467.7,23.67,2367.0
2019,pune,Jowar,Kharif / Rabi,Light Loam (Sandy Loam),140.0,105,356.8,204.1,246.8,1.0,0.0,1355.0,105,24,23.98,22.07,1467.7,23.17,2317.0
2020,pune,Cotton,Kharif,Medium Black (Vertisol),180.0,165,1992.2,1281.7,444.9,0.0,0.0,0.0,84,45,24.78,21.96,2439.1,24.17,2417.0
2020,pune,Cotton,Kharif,Medium Black (Vertisol),180.0,165,1992.2,1281.7,444.9,0.5,0.0,0.0,84,45,24.78,21.96,2439.1,24.43,2443.0
2020,pune,Cotton,Kharif,Medium Black (Vertisol),180.0,165,1992.2,1281.7,444.9,1.0,0.0,0.0,84,45,24.78,21.96,2439.1,22.65,2265.0
2020,pune,Cotton,Kharif,Deep Black (Heavy Vertisol),200.0,165,1992.2,1281.7,444.9,0.0,0.0,0.0,84,45,24.78,21.96,2439.1,23.55,2355.0
2020,pune,Cotton,Kharif,Deep Black (Heavy Vertisol),200.0,165,1992.2,1281.7,444.9,0.5,0.0,0.0,84,45,24.78,21.96,2439.1,24.55,2455.0
2020,pune,Cotton,Kharif,Deep Black (Heavy Vertisol),200.0,165,1992.2,1281.7,444.9,1.0,0.0,0.0,84,45,24.78,21.96,2439.1,22.67,2267.0
2020,pune,Cotton,Kharif,Light Loam (Sandy Loam),140.0,165,1992.2,1281.7,444.9,0.0,0.0,0.0,84,45,24.78,21.96,2439.1,23.16,2316.0
2020,pune,Cotton,Kharif,Light Loam (Sandy Loam),140.0,165,1992.2,1281.7,444.9,0.5,0.0,11.5,84,45,24.78,21.96,2439.1,21.54,2154.0
2020,pune,Cotton,Kharif,Light Loam (Sandy Loam),140.0,165,1992.2,1281.7,444.9,1.0,0.0,23.0,84,45,24.78,21.96,2439.1,20.83,2083.0
2020,pune,Soybean,Kharif,Medium Black (Vertisol),180.0,105,1775.8,1150.6,282.2,0.0,0.0,0.0,84,9,22.48,21.04,1310.3,24.88,2488.0
2020,pune,Soybean,Kharif,Medium Black (Vertisol),180.0,105,1775.8,1150.6,282.2,0.5,0.0,0.0,84,9,22.48,21.04,1310.3,24.23,2423.0
2020,pune,Soybean,Kharif,Medium Black (Vertisol),180.0,105,1775.8,1150.6,282.2,1.0,0.0,0.0,84,9,22.48,21.04,1310.3,23.6,2360.0
2020,pune,Soybean,Kharif,Deep Black (Heavy Vertisol),200.0,105,1775.8,1150.6,282.2,0.0,0.0,0.0,84,9,22.48,21.04,1310.3,24.86,2486.0
2020,pune,Soybean,Kharif,Deep Black (Heavy Vertisol),200.0,105,1775.8,1150.6,282.2,0.5,0.0,0.0,84,9,22.48,21.04,1310.3,25.2,2520.0
2020,pune,Soybean,Kharif,Deep Black (Heavy Vertisol),200.0,105,1775.8,1150.6,282.2,1.0,0.0,0.0,84,9,22.48,21.04,1310.3,25.2,2520.0
2020,pune,Soybean,Kharif,Light Loam (Sandy Loam),140.0,105,1775.8,1150.6,282.2,0.0,0.0,0.0,84,9,22.48,21.04,1310.3,24.18,2418.0
2020,pune,Soybean,Kharif,Light Loam (Sandy Loam),140.0,105,1775.8,1150.6,282.2,0.5,0.0,0.0,84,9,22.48,21.04,1310.3,23.17,2317.0
2020,pune,Soybean,Kharif,Light Loam (Sandy Loam),140.0,105,1775.8,1150.6,282.2,1.0,0.0,0.0,84,9,22.48,21.04,1310.3,22.12,2212.0
2020,pune,Maize,Kharif,Medium Black (Vertisol),180.0,110,1789.1,1155.2,289.8,0.0,0.0,0.0,84,14,22.87,21.2,1415.4,45.54,4554.0
2020,pune,Maize,Kharif,Medium Black (Vertisol),180.0,110,1789.1,1155.2,289.8,0.5,0.0,0.0,84,14,22.87,21.2,1415.4,45.82,4582.0
2020,pune,Maize,Kharif,Medium Black (Vertisol),180.0,110,1789.1,1155.2,289.8,1.0,0.0,0.0,84,14,22.87,21.2,1415.4,49.06,4906.0
2020,pune,Maize,Kharif,Deep Black (Heavy Vertisol),200.0,110,1789.1,1155.2,289.8,0.0,0.0,0.0,84,14,22.87,21.2,1415.4,48.29,4829.0
2020,pune,Maize,Kharif,Deep Black (Heavy Vertisol),200.0,110,1789.1,1155.2,289.8,0.5,0.0,0.0,84,14,22.87,21.2,1415.4,46.12,4612.0
2020,pune,Maize,Kharif,Deep Black (Heavy Vertisol),200.0,110,1789.1,1155.2,289.8,1.0,0.0,0.0,84,14,22.87,21.2,1415.4,50.65,5065.0
2020,pune,Maize,Kharif,Light Loam (Sandy Loam),140.0,110,1789.1,1155.2,289.8,0.0,0.0,0.0,84,14,22.87,21.2,1415.4,43.41,4341.0
2020,pune,Maize,Kharif,Light Loam (Sandy Loam),140.0,110,1789.1,1155.2,289.8,0.5,0.0,0.0,84,14,22.87,21.2,1415.4,45.75,4575.0
2020,pune,Maize,Kharif,Light Loam (Sandy Loam),140.0,110,1789.1,1155.2,289.8,1.0,0.0,0.0,84,14,22.87,21.2,1415.4,44.14,4414.0
2020,pune,Gram,Rabi / Late Kharif,Medium Black (Vertisol),180.0,100,379.9,234.8,236.9,0.0,0.009,0.0,84,4,22.09,20.87,1209.0,21.91,2191.0
2020,pune,Gram,Rabi / Late Kharif,Medium Black (Vertisol),180.0,100,379.9,234.8,236.9,0.5,0.0,618.5,84,4,22.09,20.87,1209.0,22.08,2208.0
2020,pune,Gram,Rabi / Late Kharif,Medium Black (Vertisol),180.0,100,379.9,234.8,236.9,1.0,0.0,1237.0,84,4,22.09,20.87,1209.0,20.48,2048.0
2020,pune,Gram,Rabi / Late Kharif,Deep Black (Heavy Vertisol),200.0,100,379.9,234.8,236.9,0.0,0.009,0.0,84,4,22.09,20.87,1209.0,22.95,2295.0
2020,pune,Gram,Rabi / Late Kharif,Deep Black (Heavy Vertisol),200.0,100,379.9,234.8,236.9,0.5,0.0,518.5,84,4,22.09,20.87,1209.0,23.1,2310.0
2020,pune,Gram,Rabi / Late Kharif,Deep Black (Heavy Vertisol),200.0,100,379.9,234.8,236.9,1.0,0.0,1037.0,84,4,22.09,20.87,1209.0,22.06,2206.0
2020,pune,Gram,Rabi / Late Kharif,Light Loam (Sandy Loam),140.0,100,379.9,234.8,236.9,0.0,0.009,0.0,84,4,22.09,20.87,1209.0,21.6,2160.0
2020,pune,Gram,Rabi / Late Kharif,Light Loam (Sandy Loam),140.0,100,379.9,234.8,236.9,0.5,0.0,818.5,84,4,22.09,20.87,1209.0,19.83,1983.0
2020,pune,Gram,Rabi / Late Kharif,Light Loam (Sandy Loam),140.0,100,379.9,234.8,236.9,1.0,0.0,1637.0,84,4,22.09,20.87,1209.0,19.06,1906.0
2020,pune,Jowar,Kharif / Rabi,Medium Black (Vertisol),180.0,105,379.9,234.8,257.7,0.0,0.089,0.0,84,9,22.48,21.04,1310.3,24.02,2402.0
2020,pune,Jowar,Kharif / Rabi,Medium Black (Vertisol),180.0,105,379.9,234.8,257.7,0.5,0.0,406.5,84,9,22.48,21.04,1310.3,24.84,2484.0
2020,pune,Jowar,Kharif / Rabi,Medium Black (Vertisol),180.0,105,379.9,234.8,257.7,1.0,0.0,813.0,84,9,22.48,21.04,1310.3,25.5,2550.0
2020,pune,Jowar,Kharif / Rabi,Deep Black (Heavy Vertisol),200.0,105,379.9,234.8,257.7,0.0,0.089,0.0,84,9,22.48,21.04,1310.3,25.03,2503.0
2020,pune,Jowar,Kharif / Rabi,Deep Black (Heavy Vertisol),200.0,105,379.9,234.8,257.7,0.5,0.022,286.5,84,9,22.48,21.04,1310.3,27.3,2730.0
2020,pune,Jowar,Kharif / Rabi,Deep Black (Heavy Vertisol),200.0,105,379.9,234.8,257.7,1.0,0.0,573.0,84,9,22.48,21.04,1310.3,27.3,2730.0
2020,pune,Jowar,Kharif / Rabi,Light Loam (Sandy Loam),140.0,105,379.9,234.8,257.7,0.0,0.089,0.0,84,9,22.48,21.04,1310.3,23.94,2394.0
2020,pune,Jowar,Kharif / Rabi,Light Loam (Sandy Loam),140.0,105,379.9,234.8,257.7,0.5,0.0,646.5,84,9,22.48,21.04,1310.3,23.63,2363.0
2020,pune,Jowar,Kharif / Rabi,Light Loam (Sandy Loam),140.0,105,379.9,234.8,257.7,1.0,0.0,1293.0,84,9,22.48,21.04,1310.3,23.62,2362.0
2021,pune,Cotton,Kharif,Medium Black (Vertisol),180.0,165,1676.2,1027.8,460.4,0.0,0.0,0.0,39,12,25.18,20.34,2504.5,25.25,2525.0
2021,pune,Cotton,Kharif,Medium Black (Vertisol),180.0,165,1676.2,1027.8,460.4,0.5,0.0,146.5,39,12,25.18,20.34,2504.5,26.46,2646.0
2021,pune,Cotton,Kharif,Medium Black (Vertisol),180.0,165,1676.2,1027.8,460.4,1.0,0.0,293.0,39,12,25.18,20.34,2504.5,24.83,2483.0
2021,pune,Cotton,Kharif,Deep Black (Heavy Vertisol),200.0,165,1676.2,1027.8,460.4,0.0,0.0,0.0,39,12,25.18,20.34,2504.5,26.53,2653.0
2021,pune,Cotton,Kharif,Deep Black (Heavy Vertisol),200.0,165,1676.2,1027.8,460.4,0.5,0.0,16.5,39,12,25.18,20.34,2504.5,25.32,2532.0
2021,pune,Cotton,Kharif,Deep Black (Heavy Vertisol),200.0,165,1676.2,1027.8,460.4,1.0,0.0,33.0,39,12,25.18,20.34,2504.5,27.5,2750.0
2021,pune,Cotton,Kharif,Light Loam (Sandy Loam),140.0,165,1676.2,1027.8,460.4,0.0,0.0,0.0,39,12,25.18,20.34,2504.5,23.0,2300.0
2021,pune,Cotton,Kharif,Light Loam (Sandy Loam),140.0,165,1676.2,1027.8,460.4,0.5,0.0,406.5,39,12,25.18,20.34,2504.5,24.53,2453.0
2021,pune,Cotton,Kharif,Light Loam (Sandy Loam),140.0,165,1676.2,1027.8,460.4,1.0,0.0,813.0,39,12,25.18,20.34,2504.5,23.17,2317.0
2021,pune,Soybean,Kharif,Medium Black (Vertisol),180.0,105,1560.8,973.3,292.5,0.0,0.0,0.0,39,7,23.91,20.18,1460.8,23.52,2352.0
2021,pune,Soybean,Kharif,Medium Black (Vertisol),180.0,105,1560.8,973.3,292.5,0.5,0.0,0.0,39,7,23.91,20.18,1460.8,24.7,2470.0
2021,pune,Soybean,Kharif,Medium Black (Vertisol),180.0,105,1560.8,973.3,292.5,1.0,0.0,0.0,39,7,23.91,20.18,1460.8,24.7,2470.0
2021,pune,Soybean,Kharif,Deep Black (Heavy Vertisol),200.0,105,1560.8,973.3,292.5,0.0,0.0,0.0,39,7,23.91,20.18,1460.8,24.84,2484.0
2021,pune,Soybean,Kharif,Deep Black (Heavy Vertisol),200.0,105,1560.8,973.3,292.5,0.5,0.0,0.0,39,7,23.91,20.18,1460.8,25.2,2520.0
2021,pune,Soybean,Kharif,Deep Black (Heavy Vertisol),200.0,105,1560.8,973.3,292.5,1.0,0.0,0.0,39,7,23.91,20.18,1460.8,23.98,2398.0
2021,pune,Soybean,Kharif,Light Loam (Sandy Loam),140.0,105,1560.8,973.3,292.5,0.0,0.0,0.0,39,7,23.91,20.18,1460.8,22.24,2224.0
2021,pune,Soybean,Kharif,Light Loam (Sandy Loam),140.0,105,1560.8,973.3,292.5,0.5,0.0,0.0,39,7,23.91,20.18,1460.8,22.45,2245.0
2021,pune,Soybean,Kharif,Light Loam (Sandy Loam),140.0,105,1560.8,973.3,292.5,1.0,0.0,0.0,39,7,23.91,20.18,1460.8,21.5,2150.0
2021,pune,Maize,Kharif,Medium Black (Vertisol),180.0,110,1594.5,991.1,302.6,0.0,0.0,0.0,39,8,24.12,20.45,1553.0,50.35,5035.0
2021,pune,Maize,Kharif,Medium Black (Vertisol),180.0,110,1594.5,991.1,302.6,0.5,0.0,0.0,39,8,24.12,20.45,1553.0,51.57,5157.0
2021,pune,Maize,Kharif,Medium Black (Vertisol),180.0,110,1594.5,991.1,302.6,1.0,0.0,0.0,39,8,24.12,20.45,1553.0,48.91,4891.0
2021,pune,Maize,Kharif,Deep Black (Heavy Vertisol),200.0,110,1594.5,991.1,302.6,0.0,0.0,0.0,39,8,24.12,20.45,1553.0,51.39,5139.0
2021,pune,Maize,Kharif,Deep Black (Heavy Vertisol),200.0,110,1594.5,991.1,302.6,0.5,0.0,0.0,39,8,24.12,20.45,1553.0,55.53,5553.0
2021,pune,Maize,Kharif,Deep Black (Heavy Vertisol),200.0,110,1594.5,991.1,302.6,1.0,0.0,0.0,39,8,24.12,20.45,1553.0,54.65,5465.0
2021,pune,Maize,Kharif,Light Loam (Sandy Loam),140.0,110,1594.5,991.1,302.6,0.0,0.0,0.0,39,8,24.12,20.45,1553.0,46.77,4677.0
2021,pune,Maize,Kharif,Light Loam (Sandy Loam),140.0,110,1594.5,991.1,302.6,0.5,0.0,0.0,39,8,24.12,20.45,1553.0,52.86,5286.0
2021,pune,Maize,Kharif,Light Loam (Sandy Loam),140.0,110,1594.5,991.1,302.6,1.0,0.0,0.0,39,8,24.12,20.45,1553.0,50.09,5009.0
2021,pune,Gram,Rabi / Late Kharif,Medium Black (Vertisol),180.0,100,131.9,70.3,242.6,0.0,0.71,0.0,39,7,23.65,20.1,1365.4,6.98,698.0
2021,pune,Gram,Rabi / Late Kharif,Medium Black (Vertisol),180.0,100,131.9,70.3,242.6,0.5,0.466,986.0,39,7,23.65,20.1,1365.4,11.48,1148.0
2021,pune,Gram,Rabi / Late Kharif,Medium Black (Vertisol),180.0,100,131.9,70.3,242.6,1.0,0.223,1972.0,39,7,23.65,20.1,1365.4,18.47,1847.0
2021,pune,Gram,Rabi / Late Kharif,Deep Black (Heavy Vertisol),200.0,100,131.9,70.3,242.6,0.0,0.71,0.0,39,7,23.65,20.1,1365.4,7.78,778.0
2021,pune,Gram,Rabi / Late Kharif,Deep Black (Heavy Vertisol),200.0,100,131.9,70.3,242.6,0.5,0.479,936.0,39,7,23.65,20.1,1365.4,14.4,1440.0
2021,pune,Gram,Rabi / Late Kharif,Deep Black (Heavy Vertisol),200.0,100,131.9,70.3,242.6,1.0,0.247,1872.0,39,7,23.65,20.1,1365.4,17.33,1733.0
2021,pune,Gram,Rabi / Late Kharif,Light Loam (Sandy Loam),140.0,100,131.9,70.3,242.6,0.0,0.71,0.0,39,7,23.65,20.1,1365.4,6.76,676.0
2021,pune,Gram,Rabi / Late Kharif,Light Loam (Sandy Loam),140.0,100,131.9,70.3,242.6,0.5,0.442,1086.0,39,7,23.65,20.1,1365.4,11.52,1152.0
2021,pune,Gram,Rabi / Late Kharif,Light Loam (Sandy Loam),140.0,100,131.9,70.3,242.6,1.0,0.173,2172.0,39,7,23.65,20.1,1365.4,18.09,1809.0
2021,pune,Jowar,Kharif / Rabi,Medium Black (Vertisol),180.0,105,132.4,70.3,266.3,0.0,0.736,0.0,39,7,23.91,20.18,1460.8,14.08,1408.0
2021,pune,Jowar,Kharif / Rabi,Medium Black (Vertisol),180.0,105,132.4,70.3,266.3,0.5,0.49,1093.5,39,7,23.91,20.18,1460.8,17.26,1726.0
2021,pune,Jowar,Kharif / Rabi,Medium Black (Vertisol),180.0,105,132.4,70.3,266.3,1.0,0.243,2187.0,39,7,23.91,20.18,1460.8,21.53,2153.0
2021,pune,Jowar,Kharif / Rabi,Deep Black (Heavy Vertisol),200.0,105,132.4,70.3,266.3,0.0,0.736,0.0,39,7,23.91,20.18,1460.8,14.02,1402.0
2021,pune,Jowar,Kharif / Rabi,Deep Black (Heavy Vertisol),200.0,105,132.4,70.3,266.3,0.5,0.503,1033.5,39,7,23.91,20.18,1460.8,18.01,1801.0
2021,pune,Jowar,Kharif / Rabi,Deep Black (Heavy Vertisol),200.0,105,132.4,70.3,266.3,1.0,0.27,2067.0,39,7,23.91,20.18,1460.8,21.49,2149.0
2021,pune,Jowar,Kharif / Rabi,Light Loam (Sandy Loam),140.0,105,132.4,70.3,266.3,0.0,0.736,0.0,39,7,23.91,20.18,1460.8,11.8,1180.0
2021,pune,Jowar,Kharif / Rabi,Light Loam (Sandy Loam),140.0,105,132.4,70.3,266.3,0.5,0.463,1213.5,39,7,23.91,20.18,1460.8,17.22,1722.0
2021,pune,Jowar,Kharif / Rabi,Light Loam (Sandy Loam),140.0,105,132.4,70.3,266.3,1.0,0.189,2427.0,39,7,23.91,20.18,1460.8,21.97,2197.0
2022,pune,Cotton,Kharif,Medium Black (Vertisol),180.0,165,2152.6,1391.4,455.6,0.0,0.0,0.0,111,38,24.98,21.15,2471.1,23.94,2394.0
2022,pune,Cotton,Kharif,Medium Black (Vertisol),180.0,165,2152.6,1391.4,455.6,0.5,0.0,0.0,111,38,24.98,21.15,2471.1,21.82,2182.0
2022,pune,Cotton,Kharif,Medium Black (Vertisol),180.0,165,2152.6,1391.4,455.6,1.0,0.0,0.0,111,38,24.98,21.15,2471.1,21.87,2187.0
2022,pune,Cotton,Kharif,Deep Black (Heavy Vertisol),200.0,165,2152.6,1391.4,455.6,0.0,0.0,0.0,111,38,24.98,21.15,2471.1,23.5,2350.0
2022,pune,Cotton,Kharif,Deep Black (Heavy Vertisol),200.0,165,2152.6,1391.4,455.6,0.5,0.0,0.0,111,38,24.98,21.15,2471.1,23.01,2301.0
2022,pune,Cotton,Kharif,Deep Black (Heavy Vertisol),200.0,165,2152.6,1391.4,455.6,1.0,0.0,0.0,111,38,24.98,21.15,2471.1,26.39,2639.0
2022,pune,Cotton,Kharif,Light Loam (Sandy Loam),140.0,165,2152.6,1391.4,455.6,0.0,0.0,0.0,111,38,24.98,21.15,2471.1,19.99,1999.0
2022,pune,Cotton,Kharif,Light Loam (Sandy Loam),140.0,165,2152.6,1391.4,455.6,0.5,0.0,199.0,111,38,24.98,21.15,2471.1,19.18,1918.0
2022,pune,Cotton,Kharif,Light Loam (Sandy Loam),140.0,165,2152.6,1391.4,455.6,1.0,0.0,398.0,111,38,24.98,21.15,2471.1,21.24,2124.0
2022,pune,Soybean,Kharif,Medium Black (Vertisol),180.0,105,1947.3,1264.1,287.9,0.0,0.0,0.0,105,18,22.95,20.31,1359.7,24.67,2467.0
2022,pune,Soybean,Kharif,Medium Black (Vertisol),180.0,105,1947.3,1264.1,287.9,0.5,0.0,0.0,105,18,22.95,20.31,1359.7,25.14,2514.0
2022,pune,Soybean,Kharif,Medium Black (Vertisol),180.0,105,1947.3,1264.1,287.9,1.0,0.0,0.0,105,18,22.95,20.31,1359.7,22.98,2298.0
2022,pune,Soybean,Kharif,Deep Black (Heavy Vertisol),200.0,105,1947.3,1264.1,287.9,0.0,0.0,0.0,105,18,22.95,20.31,1359.7,25.2,2520.0
2022,pune,Soybean,Kharif,Deep Black (Heavy Vertisol),200.0,105,1947.3,1264.1,287.9,0.5,0.0,0.0,105,18,22.95,20.31,1359.7,25.2,2520.0
2022,pune,Soybean,Kharif,Deep Black (Heavy Vertisol),200.0,105,1947.3,1264.1,287.9,1.0,0.0,0.0,105,18,22.95,20.31,1359.7,24.23,2423.0
2022,pune,Soybean,Kharif,Light Loam (Sandy Loam),140.0,105,1947.3,1264.1,287.9,0.0,0.0,0.0,105,18,22.95,20.31,1359.7,22.35,2235.0
2022,pune,Soybean,Kharif,Light Loam (Sandy Loam),140.0,105,1947.3,1264.1,287.9,0.5,0.0,0.0,105,18,22.95,20.31,1359.7,22.72,2272.0
2022,pune,Soybean,Kharif,Light Loam (Sandy Loam),140.0,105,1947.3,1264.1,287.9,1.0,0.0,0.0,105,18,22.95,20.31,1359.7,22.77,2277.0
2022,pune,Maize,Kharif,Medium Black (Vertisol),180.0,110,1966.3,1272.2,297.9,0.0,0.0,0.0,110,21,23.2,20.55,1451.9,46.22,4622.0
2022,pune,Maize,Kharif,Medium Black (Vertisol),180.0,110,1966.3,1272.2,297.9,0.5,0.0,0.0,110,21,23.2,20.55,1451.9,44.66,4466.0
2022,pune,Maize,Kharif,Medium Black (Vertisol),180.0,110,1966.3,1272.2,297.9,1.0,0.0,0.0,110,21,23.2,20.55,1451.9,42.73,4273.0
2022,pune,Maize,Kharif,Deep Black (Heavy Vertisol),200.0,110,1966.3,1272.2,297.9,0.0,0.0,0.0,110,21,23.2,20.55,1451.9,49.52,4952.0
2022,pune,Maize,Kharif,Deep Black (Heavy Vertisol),200.0,110,1966.3,1272.2,297.9,0.5,0.0,0.0,110,21,23.2,20.55,1451.9,44.68,4468.0
2022,pune,Maize,Kharif,Deep Black (Heavy Vertisol),200.0,110,1966.3,1272.2,297.9,1.0,0.0,0.0,110,21,23.2,20.55,1451.9,49.22,4922.0
2022,pune,Maize,Kharif,Light Loam (Sandy Loam),140.0,110,1966.3,1272.2,297.9,0.0,0.0,0.0,110,21,23.2,20.55,1451.9,45.63,4563.0
2022,pune,Maize,Kharif,Light Loam (Sandy Loam),140.0,110,1966.3,1272.2,297.9,0.5,0.0,0.0,110,21,23.2,20.55,1451.9,39.31,3931.0
2022,pune,Maize,Kharif,Light Loam (Sandy Loam),140.0,110,1966.3,1272.2,297.9,1.0,0.0,0.0,110,21,23.2,20.55,1451.9,41.31,4131.0
2022,pune,Gram,Rabi / Late Kharif,Medium Black (Vertisol),180.0,100,262.5,167.6,245.5,0.0,0.317,0.0,100,15,22.63,20.22,1263.0,16.57,1657.0
2022,pune,Gram,Rabi / Late Kharif,Medium Black (Vertisol),180.0,100,262.5,167.6,245.5,0.5,0.144,711.0,100,15,22.63,20.22,1263.0,18.02,1802.0
2022,pune,Gram,Rabi / Late Kharif,Medium Black (Vertisol),180.0,100,262.5,167.6,245.5,1.0,0.0,1422.0,100,15,22.63,20.22,1263.0,22.08,2208.0
2022,pune,Gram,Rabi / Late Kharif,Deep Black (Heavy Vertisol),200.0,100,262.5,167.6,245.5,0.0,0.317,0.0,100,15,22.63,20.22,1263.0,17.42,1742.0
2022,pune,Gram,Rabi / Late Kharif,Deep Black (Heavy Vertisol),200.0,100,262.5,167.6,245.5,0.5,0.168,611.0,100,15,22.63,20.22,1263.0,19.33,1933.0
2022,pune,Gram,Rabi / Late Kharif,Deep Black (Heavy Vertisol),200.0,100,262.5,167.6,245.5,1.0,0.019,1222.0,100,15,22.63,20.22,1263.0,22.32,2232.0
2022,pune,Gram,Rabi / Late Kharif,Light Loam (Sandy Loam),140.0,100,262.5,167.6,245.5,0.0,0.317,0.0,100,15,22.63,20.22,1263.0,13.63,1363.0
2022,pune,Gram,Rabi / Late Kharif,Light Loam (Sandy Loam),140.0,100,262.5,167.6,245.5,0.5,0.095,911.0,100,15,22.63,20.22,1263.0,19.42,1942.0
2022,pune,Gram,Rabi / Late Kharif,Light Loam (Sandy Loam),140.0,100,262.5,167.6,245.5,1.0,0.0,1822.0,100,15,22.63,20.22,1263.0,19.74,1974.0
2022,pune,Jowar,Kharif / Rabi,Medium Black (Vertisol),180.0,105,262.5,167.6,267.7,0.0,0.374,0.0,105,18,22.95,20.31,1359.7,19.51,1951.0
2022,pune,Jowar,Kharif / Rabi,Medium Black (Vertisol),180.0,105,262.5,167.6,267.7,0.5,0.266,481.5,105,18,22.95,20.31,1359.7,20.87,2087.0
2022,pune,Jowar,Kharif / Rabi,Medium Black (Vertisol),180.0,105,262.5,167.6,267.7,1.0,0.158,963.0,105,18,22.95,20.31,1359.7,23.47,2347.0
2022,pune,Jowar,Kharif / Rabi,Deep Black (Heavy Vertisol),200.0,105,262.5,167.6,267.7,0.0,0.374,0.0,105,18,22.95,20.31,1359.7,19.73,1973.0
2022,pune,Jowar,Kharif / Rabi,Deep Black (Heavy Vertisol),200.0,105,262.5,167.6,267.7,0.5,0.293,361.5,105,18,22.95,20.31,1359.7,20.96,2096.0
2022,pune,Jowar,Kharif / Rabi,Deep Black (Heavy Vertisol),200.0,105,262.5,167.6,267.7,1.0,0.212,723.0,105,18,22.95,20.31,1359.7,23.53,2353.0
2022,pune,Jowar,Kharif / Rabi,Light Loam (Sandy Loam),140.0,105,262.5,167.6,267.7,0.0,0.374,0.0,105,18,22.95,20.31,1359.7,17.76,1776.0
2022,pune,Jowar,Kharif / Rabi,Light Loam (Sandy Loam),140.0,105,262.5,167.6,267.7,0.5,0.212,721.5,105,18,22.95,20.31,1359.7,20.11,2011.0
2022,pune,Jowar,Kharif / Rabi,Light Loam (Sandy Loam),140.0,105,262.5,167.6,267.7,1.0,0.05,1443.0,105,18,22.95,20.31,1359.7,22.52,2252.0
2023,pune,Cotton,Kharif,Medium Black (Vertisol),180.0,165,1855.7,1181.9,485.7,0.0,0.0,0.0,79,16,24.86,21.98,2452.0,21.48,2148.0
2023,pune,Cotton,Kharif,Medium Black (Vertisol),180.0,165,1855.7,1181.9,485.7,0.5,0.0,568.5,79,16,24.86,21.98,2452.0,22.41,2241.0
2023,pune,Cotton,Kharif,Medium Black (Vertisol),180.0,165,1855.7,1181.9,485.7,1.0,0.0,1137.0,79,16,24.86,21.98,2452.0,23.4,2340.0
2023,pune,Cotton,Kharif,Deep Black (Heavy Vertisol),200.0,165,1855.7,1181.9,485.7,0.0,0.0,0.0,79,16,24.86,21.98,2452.0,22.97,2297.0
2023,pune,Cotton,Kharif,Deep Black (Heavy Vertisol),200.0,165,1855.7,1181.9,485.7,0.5,0.0,438.5,79,16,24.86,21.98,2452.0,22.77,2277.0
2023,pune,Cotton,Kharif,Deep Black (Heavy Vertisol),200.0,165,1855.7,1181.9,485.7,1.0,0.0,877.0,79,16,24.86,21.98,2452.0,25.84,2584.0
2023,pune,Cotton,Kharif,Light Loam (Sandy Loam),140.0,165,1855.7,1181.9,485.7,0.0,0.0,0.0,79,16,24.86,21.98,2452.0,22.17,2217.0
2023,pune,Cotton,Kharif,Light Loam (Sandy Loam),140.0,165,1855.7,1181.9,485.7,0.5,0.0,828.5,79,16,24.86,21.98,2452.0,20.62,2062.0
2023,pune,Cotton,Kharif,Light Loam (Sandy Loam),140.0,165,1855.7,1181.9,485.7,1.0,0.0,1657.0,79,16,24.86,21.98,2452.0,19.13,1913.0
2023,pune,Soybean,Kharif,Medium Black (Vertisol),180.0,105,1810.2,1161.9,299.2,0.0,0.0,0.0,79,2,22.86,20.66,1349.8,23.49,2349.0
2023,pune,Soybean,Kharif,Medium Black (Vertisol),180.0,105,1810.2,1161.9,299.2,0.5,0.0,0.0,79,2,22.86,20.66,1349.8,24.48,2448.0
2023,pune,Soybean,Kharif,Medium Black (Vertisol),180.0,105,1810.2,1161.9,299.2,1.0,0.0,0.0,79,2,22.86,20.66,1349.8,23.06,2306.0
2023,pune,Soybean,Kharif,Deep Black (Heavy Vertisol),200.0,105,1810.2,1161.9,299.2,0.0,0.0,0.0,79,2,22.86,20.66,1349.8,24.65,2465.0
2023,pune,Soybean,Kharif,Deep Black (Heavy Vertisol),200.0,105,1810.2,1161.9,299.2,0.5,0.0,0.0,79,2,22.86,20.66,1349.8,25.2,2520.0
2023,pune,Soybean,Kharif,Deep Black (Heavy Vertisol),200.0,105,1810.2,1161.9,299.2,1.0,0.0,0.0,79,2,22.86,20.66,1349.8,25.2,2520.0
2023,pune,Soybean,Kharif,Light Loam (Sandy Loam),140.0,105,1810.2,1161.9,299.2,0.0,0.0,0.0,79,2,22.86,20.66,1349.8,22.7,2270.0
2023,pune,Soybean,Kharif,Light Loam (Sandy Loam),140.0,105,1810.2,1161.9,299.2,0.5,0.0,0.0,79,2,22.86,20.66,1349.8,21.53,2153.0
2023,pune,Soybean,Kharif,Light Loam (Sandy Loam),140.0,105,1810.2,1161.9,299.2,1.0,0.0,0.0,79,2,22.86,20.66,1349.8,24.26,2426.0
2023,pune,Maize,Kharif,Medium Black (Vertisol),180.0,110,1819.2,1167.0,309.5,0.0,0.0,0.0,79,5,23.17,20.76,1449.2,53.32,5332.0
2023,pune,Maize,Kharif,Medium Black (Vertisol),180.0,110,1819.2,1167.0,309.5,0.5,0.0,0.0,79,5,23.17,20.76,1449.2,53.18,5318.0
2023,pune,Maize,Kharif,Medium Black (Vertisol),180.0,110,1819.2,1167.0,309.5,1.0,0.0,0.0,79,5,23.17,20.76,1449.2,55.69,5569.0
2023,pune,Maize,Kharif,Deep Black (Heavy Vertisol),200.0,110,1819.2,1167.0,309.5,0.0,0.0,0.0,79,5,23.17,20.76,1449.2,54.28,5428.0
2023,pune,Maize,Kharif,Deep Black (Heavy Vertisol),200.0,110,1819.2,1167.0,309.5,0.5,0.0,0.0,79,5,23.17,20.76,1449.2,57.75,5775.0
2023,pune,Maize,Kharif,Deep Black (Heavy Vertisol),200.0,110,1819.2,1167.0,309.5,1.0,0.0,0.0,79,5,23.17,20.76,1449.2,57.75,5775.0
2023,pune,Maize,Kharif,Light Loam (Sandy Loam),140.0,110,1819.2,1167.0,309.5,0.0,0.0,0.0,79,5,23.17,20.76,1449.2,55.63,5563.0
2023,pune,Maize,Kharif,Light Loam (Sandy Loam),140.0,110,1819.2,1167.0,309.5,0.5,0.0,0.0,79,5,23.17,20.76,1449.2,49.71,4971.0
2023,pune,Maize,Kharif,Light Loam (Sandy Loam),140.0,110,1819.2,1167.0,309.5,1.0,0.0,0.0,79,5,23.17,20.76,1449.2,53.43,5343.0
2023,pune,Gram,Rabi / Late Kharif,Medium Black (Vertisol),180.0,100,39.0,14.9,261.2,0.0,0.943,0.0,79,1,22.52,20.65,1252.5,5.88,588.0
2023,pune,Gram,Rabi / Late Kharif,Medium Black (Vertisol),180.0,100,39.0,14.9,261.2,0.5,0.575,1602.5,79,1,22.52,20.65,1252.5,10.81,1081.0
2023,pune,Gram,Rabi / Late Kharif,Medium Black (Vertisol),180.0,100,39.0,14.9,261.2,1.0,0.207,3205.0,79,1,22.52,20.65,1252.5,17.9,1790.0
2023,pune,Gram,Rabi / Late Kharif,Deep Black (Heavy Vertisol),200.0,100,39.0,14.9,261.2,0.0,0.943,0.0,79,1,22.52,20.65,1252.5,6.64,664.0
2023,pune,Gram,Rabi / Late Kharif,Deep Black (Heavy Vertisol),200.0,100,39.0,14.9,261.2,0.5,0.586,1552.5,79,1,22.52,20.65,1252.5,11.93,1193.0
2023,pune,Gram,Rabi / Late Kharif,Deep Black (Heavy Vertisol),200.0,100,39.0,14.9,261.2,1.0,0.23,3105.0,79,1,22.52,20.65,1252.5,18.36,1836.0
2023,pune,Gram,Rabi / Late Kharif,Light Loam (Sandy Loam),140.0,100,39.0,14.9,261.2,0.0,0.943,0.0,79,1,22.52,20.65,1252.5,6.58,658.0
2023,pune,Gram,Rabi / Late Kharif,Light Loam (Sandy Loam),140.0,100,39.0,14.9,261.2,0.5,0.552,1702.5,79,1,22.52,20.65,1252.5,9.15,915.0
2023,pune,Gram,Rabi / Late Kharif,Light Loam (Sandy Loam),140.0,100,39.0,14.9,261.2,1.0,0.161,3405.0,79,1,22.52,20.65,1252.5,17.57,1757.0
2023,pune,Jowar,Kharif / Rabi,Medium Black (Vertisol),180.0,105,39.0,14.9,286.2,0.0,0.948,0.0,79,2,22.86,20.66,1349.8,8.05,805.0
2023,pune,Jowar,Kharif / Rabi,Medium Black (Vertisol),180.0,105,39.0,14.9,286.2,0.5,0.587,1721.0,79,2,22.86,20.66,1349.8,15.3,1530.0
2023,pune,Jowar,Kharif / Rabi,Medium Black (Vertisol),180.0,105,39.0,14.9,286.2,1.0,0.226,3442.0,79,2,22.86,20.66,1349.8,23.33,2333.0
2023,pune,Jowar,Kharif / Rabi,Deep Black (Heavy Vertisol),200.0,105,39.0,14.9,286.2,0.0,0.948,0.0,79,2,22.86,20.66,1349.8,10.27,1027.0
2023,pune,Jowar,Kharif / Rabi,Deep Black (Heavy Vertisol),200.0,105,39.0,14.9,286.2,0.5,0.6,1661.0,79,2,22.86,20.66,1349.8,16.27,1627.0
2023,pune,Jowar,Kharif / Rabi,Deep Black (Heavy Vertisol),200.0,105,39.0,14.9,286.2,1.0,0.252,3322.0,79,2,22.86,20.66,1349.8,20.69,2069.0
2023,pune,Jowar,Kharif / Rabi,Light Loam (Sandy Loam),140.0,105,39.0,14.9,286.2,0.0,0.948,0.0,79,2,22.86,20.66,1349.8,8.07,807.0
2023,pune,Jowar,Kharif / Rabi,Light Loam (Sandy Loam),140.0,105,39.0,14.9,286.2,0.5,0.562,1841.0,79,2,22.86,20.66,1349.8,15.22,1522.0
2023,pune,Jowar,Kharif / Rabi,Light Loam (Sandy Loam),140.0,105,39.0,14.9,286.2,1.0,0.176,3682.0,79,2,22.86,20.66,1349.8,20.47,2047.0
