date,year,month,day,day_of_year,precipitation_mm,temp_max_c,temp_min_c,temp_mean_c,rh_pct,solar_rad_mj_m2,wind_speed_m_s
2014-01-01,2014,1,1,1,0.0,30.16,15.41,22.12,57.02,17.09,3.0
2014-01-02,2014,1,2,2,0.0,30.64,14.26,21.8,49.42,17.57,2.48
2014-01-03,2014,1,3,3,0.0,30.67,13.65,21.77,49.0,18.05,1.93
2014-01-04,2014,1,4,4,0.0,31.43,14.28,22.36,46.97,17.72,2.2
2014-01-05,2014,1,5,5,0.0,31.7,14.56,23.01,48.35,17.7,2.06
2014-01-06,2014,1,6,6,0.0,31.69,15.59,23.07,47.22,17.52,1.44
2014-01-07,2014,1,7,7,0.0,32.07,15.16,23.05,46.3,17.77,2.5
2014-01-08,2014,1,8,8,0.0,31.82,15.39,22.75,43.51,18.72,3.02
2014-01-09,2014,1,9,9,0.0,32.21,14.75,22.87,47.3,18.31,2.32
2014-01-10,2014,1,10,10,0.0,32.7,14.93,23.42,44.3,18.47,2.14
2014-01-11,2014,1,11,11,0.0,31.86,13.9,22.81,42.87,18.17,1.25
2014-01-12,2014,1,12,12,0.0,32.27,16.1,24.2,45.19,18.1,2.17
2014-01-13,2014,1,13,13,0.0,32.14,15.97,23.83,44.22,17.56,2.32
2014-01-14,2014,1,14,14,0.0,31.83,16.05,23.75,43.89,16.77,2.32
2014-01-15,2014,1,15,15,0.0,31.82,16.59,24.12,45.37,17.18,2.05
2014-01-16,2014,1,16,16,0.0,32.32,16.58,24.76,45.48,16.75,2.05
2014-01-17,2014,1,17,17,0.0,31.73,19.1,25.33,45.46,15.5,2.79
2014-01-18,2014,1,18,18,0.0,31.7,18.35,25.05,46.37,16.9,1.85
2014-01-19,2014,1,19,19,0.0,31.97,18.09,24.95,48.24,18.54,2.93
2014-01-20,2014,1,20,20,0.0,31.88,17.36,24.31,43.98,18.56,3.7
2014-01-21,2014,1,21,21,0.0,31.07,19.01,24.36,46.59,15.14,3.49
2014-01-22,2014,1,22,22,0.0,31.35,18.5,24.55,46.92,17.41,3.03
2014-01-23,2014,1,23,23,0.11,29.68,18.05,23.92,50.04,12.32,2.56
2014-01-24,2014,1,24,24,0.0,28.39,19.45,23.49,52.04,13.12,2.17
2014-01-25,2014,1,25,25,0.0,32.02,18.09,24.81,47.01,17.69,2.31
2014-01-26,2014,1,26,26,0.0,31.55,18.26,24.96,44.53,15.7,2.88
2014-01-27,2014,1,27,27,0.0,31.2,16.53,23.49,40.44,16.0,3.03
2014-01-28,2014,1,28,28,0.0,30.86,14.61,22.39,41.0,19.6,2.11
2014-01-29,2014,1,29,29,0.0,30.5,15.38,22.74,46.16,16.3,2.19
2014-01-30,2014,1,30,30,0.0,30.43,16.68,23.25,42.93,16.4,2.65
2014-01-31,2014,1,31,31,0.0,30.98,15.4,22.76,37.97,17.54,2.64
2014-02-01,2014,2,1,32,0.0,31.29,15.12,22.7,37.77,18.72,2.49
2014-02-02,2014,2,2,33,0.0,31.48,15.77,23.33,42.91,18.73,2.29
2014-02-03,2014,2,3,34,0.0,33.03,16.35,24.5,37.82,19.09,1.66
2014-02-04,2014,2,4,35,0.0,34.03,15.37,24.79,26.96,20.3,1.56
2014-02-05,2014,2,5,36,0.0,34.18,15.73,24.89,25.73,20.32,1.41
2014-02-06,2014,2,6,37,0.0,34.82,15.61,24.96,28.4,20.41,1.96
2014-02-07,2014,2,7,38,0.0,34.56,16.44,25.34,26.33,20.21,1.04
2014-02-08,2014,2,8,39,0.0,34.65,16.26,25.66,26.14,21.32,1.24
2014-02-09,2014,2,9,40,0.0,34.75,15.04,24.28,28.02,22.63,2.04
2014-02-10,2014,2,10,41,0.0,33.41,13.5,22.9,20.3,23.18,2.43
2014-02-11,2014,2,11,42,0.0,32.8,13.26,23.38,23.14,22.78,1.78
2014-02-12,2014,2,12,43,0.0,33.46,14.44,24.19,29.56,21.96,1.63
2014-02-13,2014,2,13,44,0.0,30.88,15.71,23.43,50.05,15.44,2.94
2014-02-14,2014,2,14,45,0.0,32.39,15.99,23.43,51.36,21.06,3.25
2014-02-15,2014,2,15,46,0.0,31.65,14.27,22.66,48.0,20.81,4.0
2014-02-16,2014,2,16,47,0.0,30.04,14.81,21.99,44.77,23.25,2.37
2014-02-17,2014,2,17,48,0.0,33.22,13.9,23.41,29.28,23.22,2.54
2014-02-18,2014,2,18,49,0.0,33.2,14.17,23.6,24.94,22.71,2.59
2014-02-19,2014,2,19,50,0.0,33.64,15.9,25.12,37.94,19.99,2.55
2014-02-20,2014,2,20,51,0.0,34.01,19.63,27.12,43.34,18.76,2.37
2014-02-21,2014,2,21,52,0.0,32.41,21.11,27.01,51.96,15.87,1.64
2014-02-22,2014,2,22,53,0.0,33.17,20.66,27.01,49.21,18.14,1.41
2014-02-23,2014,2,23,54,0.0,34.59,22.28,28.31,39.08,20.38,2.34
2014-02-24,2014,2,24,55,0.0,35.11,20.24,27.37,36.95,22.66,3.89
2014-02-25,2014,2,25,56,0.0,35.33,19.22,26.91,34.3,23.44,3.54
2014-02-26,2014,2,26,57,6.82,34.84,18.02,27.09,35.83,17.7,2.02
2014-02-27,2014,2,27,58,8.25,30.73,22.27,26.06,59.87,18.63,2.01
2014-02-28,2014,2,28,59,0.08,30.74,18.61,24.59,58.38,19.28,2.08
2014-03-01,2014,3,1,60,0.0,31.47,14.89,22.26,43.15,24.49,2.21
2014-03-02,2014,3,2,61,0.0,32.42,12.37,22.58,41.86,24.19,2.06
2014-03-03,2014,3,3,62,12.19,30.06,18.98,24.0,63.9,14.24,3.13
2014-03-04,2014,3,4,63,4.41,30.67,18.09,24.09,66.91,18.63,2.47
2014-03-05,2014,3,5,64,1.67,31.3,18.12,24.34,65.79,15.67,3.01
2014-03-06,2014,3,6,65,0.11,32.4,19.05,25.15,60.26,20.48,2.27
2014-03-07,2014,3,7,66,0.48,31.33,18.66,24.75,60.33,19.56,2.63
2014-03-08,2014,3,8,67,6.81,32.32,19.86,25.57,62.76,19.15,2.59
2014-03-09,2014,3,9,68,7.66,30.23,18.44,23.85,66.76,19.01,3.35
2014-03-10,2014,3,10,69,4.02,32.15,19.02,25.48,63.31,22.68,2.61
2014-03-11,2014,3,11,70,0.44,33.43,20.08,26.42,56.52,22.78,2.77
2014-03-12,2014,3,12,71,0.38,30.29,20.12,24.76,59.36,18.28,3.12
2014-03-13,2014,3,13,72,0.18,34.71,19.01,26.5,50.83,23.83,2.46
2014-03-14,2014,3,14,73,0.0,35.32,17.78,26.58,50.83,25.33,2.25
2014-03-15,2014,3,15,74,0.0,35.75,19.84,27.6,46.45,24.92,2.43
2014-03-16,2014,3,16,75,0.0,36.09,20.05,28.04,45.39,23.46,2.28
2014-03-17,2014,3,17,76,0.0,35.59,22.41,29.03,44.98,20.66,2.05
2014-03-18,2014,3,18,77,0.0,36.95,22.54,29.61,40.22,20.8,1.77
2014-03-19,2014,3,19,78,0.0,37.83,22.94,29.89,37.58,22.74,2.27
2014-03-20,2014,3,20,79,0.0,38.52,22.25,30.0,34.66,23.17,1.67
2014-03-21,2014,3,21,80,0.0,38.77,23.09,30.56,30.08,24.64,0.92
2014-03-22,2014,3,22,81,0.0,38.53,20.34,29.82,24.1,24.97,1.76
2014-03-23,2014,3,23,82,0.0,38.86,18.98,29.75,26.42,24.84,1.35
2014-03-24,2014,3,24,83,0.0,38.37,24.41,31.01,30.17,22.38,2.36
2014-03-25,2014,3,25,84,0.0,38.58,22.15,30.73,31.9,22.42,1.57
2014-03-26,2014,3,26,85,0.0,39.47,23.25,31.36,27.34,25.31,2.58
2014-03-27,2014,3,27,86,0.0,39.88,23.93,31.54,25.78,24.74,3.41
2014-03-28,2014,3,28,87,0.0,39.48,22.37,31.18,29.22,24.6,1.0
2014-03-29,2014,3,29,88,0.0,39.93,23.77,32.08,22.94,24.87,0.94
2014-03-30,2014,3,30,89,0.0,40.66,24.1,32.56,23.03,24.15,1.27
2014-03-31,2014,3,31,90,0.0,40.65,24.65,32.64,26.99,23.0,1.86
2014-04-01,2014,4,1,91,0.01,40.06,23.75,31.76,26.25,24.6,2.65
2014-04-02,2014,4,2,92,0.0,39.88,21.62,30.87,21.36,26.34,2.53
2014-04-03,2014,4,3,93,0.0,39.64,22.09,31.04,21.99,25.49,2.15
2014-04-04,2014,4,4,94,0.0,40.35,22.74,31.85,23.53,23.78,2.46
2014-04-05,2014,4,5,95,0.0,40.34,24.42,32.5,26.79,23.63,1.54
2014-04-06,2014,4,6,96,0.0,40.69,25.76,32.89,24.22,23.24,2.02
2014-04-07,2014,4,7,97,0.0,40.91,25.6,33.54,24.86,22.4,1.52
2014-04-08,2014,4,8,98,0.01,40.14,26.63,32.56,30.64,21.98,3.92
2014-04-09,2014,4,9,99,0.6,37.29,25.55,31.22,32.56,20.1,1.47
2014-04-10,2014,4,10,100,0.0,39.89,23.72,32.07,24.9,26.06,0.94
2014-04-11,2014,4,11,101,0.0,40.13,22.69,31.64,19.85,27.34,2.75
2014-04-12,2014,4,12,102,0.0,40.16,21.27,31.22,20.09,27.78,2.37
2014-04-13,2014,4,13,103,0.0,40.35,20.82,31.31,22.39,27.57,1.9
2014-04-14,2014,4,14,104,0.54,40.2,21.71,31.88,28.51,26.49,1.35
2014-04-15,2014,4,15,105,1.61,39.77,24.88,32.81,32.17,24.75,2.43
2014-04-16,2014,4,16,106,1.68,39.73,27.45,33.14,33.25,22.44,1.65
2014-04-17,2014,4,17,107,1.47,39.24,26.3,33.07,36.21,21.53,1.66
2014-04-18,2014,4,18,108,3.4,36.0,26.0,30.92,43.92,18.18,2.01
2014-04-19,2014,4,19,109,1.25,38.42,25.29,31.92,40.58,18.92,1.9
2014-04-20,2014,4,20,110,0.3,38.82,26.19,32.46,40.32,24.99,1.82
2014-04-21,2014,4,21,111,0.3,38.52,24.71,31.6,39.18,25.63,3.13
2014-04-22,2014,4,22,112,0.25,39.42,25.51,32.44,34.27,24.99,1.71
2014-04-23,2014,4,23,113,0.0,40.38,24.49,33.21,29.68,24.88,1.37
2014-04-24,2014,4,24,114,1.08,40.52,27.81,34.32,31.05,23.38,1.31
2014-04-25,2014,4,25,115,0.38,40.05,27.93,34.32,32.24,23.93,1.16
2014-04-26,2014,4,26,116,0.32,41.23,27.83,34.6,27.7,18.98,2.29
2014-04-27,2014,4,27,117,0.52,40.75,27.23,34.39,32.44,21.24,1.97
2014-04-28,2014,4,28,118,1.19,38.93,28.54,33.59,34.43,23.22,2.86
2014-04-29,2014,4,29,119,0.02,39.66,27.39,33.75,33.33,21.61,1.92
2014-04-30,2014,4,30,120,1.17,40.14,27.73,33.53,35.36,18.44,2.03
2014-05-01,2014,5,1,121,0.83,40.62,26.59,33.45,38.29,22.9,2.34
2014-05-02,2014,5,2,122,1.31,41.82,27.98,34.99,31.5,25.66,2.06
2014-05-03,2014,5,3,123,3.69,40.16,26.62,33.7,37.2,21.71,1.61
2014-05-04,2014,5,4,124,0.13,39.51,26.84,33.46,37.22,26.76,1.24
2014-05-05,2014,5,5,125,1.02,39.68,26.73,33.35,34.5,25.54,1.93
2014-05-06,2014,5,6,126,0.05,38.95,26.76,33.02,38.37,25.68,3.37
2014-05-07,2014,5,7,127,0.36,36.82,27.22,31.98,42.28,21.7,4.05
2014-05-08,2014,5,8,128,9.62,37.04,24.68,30.61,47.39,17.32,2.94
2014-05-09,2014,5,9,129,1.67,33.96,23.07,28.25,59.0,20.51,2.16
2014-05-10,2014,5,10,130,0.25,38.57,24.24,30.7,49.92,25.21,2.87
2014-05-11,2014,5,11,131,0.0,38.31,22.63,30.57,39.09,27.38,2.53
2014-05-12,2014,5,12,132,0.0,38.92,22.58,30.95,35.62,27.78,2.55
2014-05-13,2014,5,13,133,0.0,39.53,23.64,31.75,35.27,28.27,2.72
2014-05-14,2014,5,14,134,0.0,39.38,24.01,32.0,35.36,27.27,2.93
2014-05-15,2014,5,15,135,0.1,39.55,24.78,32.63,35.94,26.49,2.83
2014-05-16,2014,5,16,136,0.02,39.41,26.88,33.44,33.43,24.9,2.64
2014-05-17,2014,5,17,137,0.13,39.2,28.3,33.68,32.72,20.35,2.3
2014-05-18,2014,5,18,138,0.03,40.99,27.92,34.83,32.44,22.19,2.36
2014-05-19,2014,5,19,139,0.31,40.67,29.69,34.98,34.21,20.76,2.0
2014-05-20,2014,5,20,140,0.79,37.63,27.91,31.78,48.21,18.74,2.08
2014-05-21,2014,5,21,141,0.1,38.47,27.86,32.11,46.89,23.33,2.42
2014-05-22,2014,5,22,142,0.02,41.51,25.76,33.66,38.39,22.74,3.9
2014-05-23,2014,5,23,143,0.0,41.99,25.82,34.34,32.46,25.23,3.5
2014-05-24,2014,5,24,144,0.0,42.93,27.06,35.06,29.55,25.42,3.18
2014-05-25,2014,5,25,145,0.0,41.75,26.14,34.62,29.22,25.91,3.98
2014-05-26,2014,5,26,146,0.34,39.85,28.63,34.06,37.37,23.36,4.51
2014-05-27,2014,5,27,147,18.4,37.36,27.55,32.17,52.18,18.89,2.37
2014-05-28,2014,5,28,148,0.23,39.33,25.09,32.29,53.6,24.28,1.96
2014-05-29,2014,5,29,149,0.17,39.78,25.96,32.87,49.94,23.84,3.01
2014-05-30,2014,5,30,150,0.79,39.55,26.59,32.89,49.2,18.01,3.27
2014-05-31,2014,5,31,151,0.01,40.36,26.49,32.87,42.41,22.61,3.37
2014-06-01,2014,6,1,152,0.0,41.91,25.3,33.68,38.3,25.63,2.91
2014-06-02,2014,6,2,153,0.52,42.06,27.42,34.34,38.82,21.92,4.34
2014-06-03,2014,6,3,154,0.26,38.7,27.99,33.39,42.44,12.39,2.31
2014-06-04,2014,6,4,155,0.38,40.03,27.18,33.41,45.92,24.54,3.42
2014-06-05,2014,6,5,156,1.44,40.35,27.13,33.69,45.21,25.14,3.26
2014-06-06,2014,6,6,157,10.37,38.94,27.01,32.19,52.42,24.99,4.5
2014-06-07,2014,6,7,158,0.27,39.09,25.41,31.59,54.23,24.1,4.2
2014-06-08,2014,6,8,159,0.0,37.55,26.05,31.27,52.76,23.97,4.67
2014-06-09,2014,6,9,160,0.8,37.78,25.34,31.16,55.03,15.5,4.23
2014-06-10,2014,6,10,161,0.09,39.21,24.89,31.56,52.29,25.17,4.45
2014-06-11,2014,6,11,162,0.0,39.57,25.07,31.34,52.24,24.41,5.47
2014-06-12,2014,6,12,163,0.0,38.88,24.65,30.93,52.38,25.04,5.02
2014-06-13,2014,6,13,164,0.01,38.45,24.1,30.65,50.21,24.26,5.47
2014-06-14,2014,6,14,165,0.44,39.36,24.61,31.17,51.06,22.76,5.14
2014-06-15,2014,6,15,166,0.15,37.62,24.77,30.28,54.32,21.55,5.98
2014-06-16,2014,6,16,167,0.15,37.27,24.9,30.18,59.26,20.53,5.9
2014-06-17,2014,6,17,168,0.04,37.67,25.51,30.44,55.63,21.13,5.14
2014-06-18,2014,6,18,169,0.14,37.28,24.9,30.12,55.53,19.99,5.93
2014-06-19,2014,6,19,170,3.92,34.21,25.28,29.02,61.63,13.55,5.78
2014-06-20,2014,6,20,171,0.36,35.4,24.43,29.35,59.8,18.71,6.06
2014-06-21,2014,6,21,172,0.02,36.35,24.46,29.73,57.82,17.79,6.49
2014-06-22,2014,6,22,173,0.0,36.8,24.56,30.05,56.62,18.55,6.61
2014-06-23,2014,6,23,174,0.0,37.66,24.37,30.32,55.41,21.55,6.36
2014-06-24,2014,6,24,175,0.0,39.27,24.15,30.64,53.53,24.15,6.38
2014-06-25,2014,6,25,176,0.16,39.11,24.54,30.87,51.26,23.84,6.1
2014-06-26,2014,6,26,177,0.01,39.34,23.95,31.59,48.28,24.99,4.53
2014-06-27,2014,6,27,178,0.01,38.46,25.46,32.22,44.08,23.64,3.86
2014-06-28,2014,6,28,179,0.0,38.04,26.56,32.28,43.79,21.74,3.78
2014-06-29,2014,6,29,180,0.0,39.09,26.18,32.26,41.58,23.7,4.83
2014-06-30,2014,6,30,181,0.0,38.45,25.4,31.62,45.2,24.81,4.94
2014-07-01,2014,7,1,182,0.37,39.39,25.2,31.88,45.67,24.75,5.07
2014-07-02,2014,7,2,183,3.86,37.53,24.85,30.71,49.86,23.92,5.56
2014-07-03,2014,7,3,184,0.12,37.14,24.24,29.58,56.48,20.81,5.21
2014-07-04,2014,7,4,185,6.83,31.24,24.59,27.48,64.9,16.39,4.03
2014-07-05,2014,7,5,186,0.89,34.54,24.02,28.68,63.43,21.72,3.48
2014-07-06,2014,7,6,187,0.55,32.93,24.72,28.22,64.99,20.26,3.48
2014-07-07,2014,7,7,188,22.09,32.02,24.25,26.95,72.26,20.6,3.7
2014-07-08,2014,7,8,189,0.99,31.51,23.24,26.66,71.38,15.16,3.82
2014-07-09,2014,7,9,190,1.08,32.19,22.84,26.77,69.27,15.59,4.16
2014-07-10,2014,7,10,191,1.64,32.13,22.09,26.55,69.23,13.71,5.2
2014-07-11,2014,7,11,192,0.41,31.38,22.85,26.58,68.01,15.32,5.92
2014-07-12,2014,7,12,193,2.36,31.43,22.13,26.27,70.17,18.31,6.11
2014-07-13,2014,7,13,194,0.94,32.32,23.27,27.23,71.38,18.67,5.4
2014-07-14,2014,7,14,195,1.99,32.85,23.12,27.19,70.81,15.38,5.22
2014-07-15,2014,7,15,196,5.38,31.13,23.89,26.8,74.34,14.23,6.6
2014-07-16,2014,7,16,197,1.43,33.1,23.09,27.13,68.79,15.81,7.44
2014-07-17,2014,7,17,198,1.02,33.12,24.05,27.76,68.71,18.37,7.35
2014-07-18,2014,7,18,199,1.22,32.45,24.04,27.33,71.01,16.89,7.02
2014-07-19,2014,7,19,200,0.84,32.1,23.56,26.87,70.65,15.96,6.94
2014-07-20,2014,7,20,201,0.38,32.34,23.4,26.84,70.71,12.58,6.44
2014-07-21,2014,7,21,202,4.25,32.0,23.03,26.85,71.0,12.81,6.2
2014-07-22,2014,7,22,203,7.06,29.46,23.21,25.56,77.15,10.59,6.47
2014-07-23,2014,7,23,204,4.94,30.4,23.25,26.22,74.41,11.33,7.73
2014-07-24,2014,7,24,205,0.87,34.45,22.77,27.6,67.47,21.73,6.45
2014-07-25,2014,7,25,206,2.0,34.94,22.53,27.76,67.7,21.19,5.02
2014-07-26,2014,7,26,207,0.9,35.0,22.47,27.98,66.87,20.51,5.13
2014-07-27,2014,7,27,208,5.07,33.85,22.52,27.2,70.01,15.27,5.64
2014-07-28,2014,7,28,209,3.57,30.22,23.43,26.0,76.09,10.85,6.23
2014-07-29,2014,7,29,210,3.92,29.19,22.85,25.53,75.58,9.49,6.6
2014-07-30,2014,7,30,211,5.57,29.09,23.11,25.61,80.01,12.26,5.91
2014-07-31,2014,7,31,212,2.39,29.71,23.01,26.02,79.59,14.95,4.96
2014-08-01,2014,8,1,213,0.24,33.83,22.91,27.45,71.0,18.26,5.35
2014-08-02,2014,8,2,214,0.32,34.15,22.39,27.43,68.71,17.68,6.12
2014-08-03,2014,8,3,215,0.73,34.39,22.72,27.61,67.99,19.66,5.98
2014-08-04,2014,8,4,216,5.4,33.27,22.77,26.98,72.35,15.43,5.61
2014-08-05,2014,8,5,217,6.33,31.28,22.99,26.39,73.26,14.01,5.96
2014-08-06,2014,8,6,218,2.98,34.14,22.03,26.92,70.36,18.14,5.84
2014-08-07,2014,8,7,219,0.59,34.23,21.86,27.16,68.62,19.27,5.52
2014-08-08,2014,8,8,220,1.24,34.4,22.07,27.19,68.96,18.63,4.72
2014-08-09,2014,8,9,221,0.17,34.88,22.05,27.47,67.63,19.65,4.75
2014-08-10,2014,8,10,222,0.03,33.82,22.48,27.32,68.82,18.3,4.73
2014-08-11,2014,8,11,223,1.77,33.94,22.08,27.16,68.79,16.45,3.37
2014-08-12,2014,8,12,224,0.34,33.86,22.58,27.22,67.66,18.49,4.16
2014-08-13,2014,8,13,225,0.03,34.62,21.88,27.4,66.39,17.95,4.58
2014-08-14,2014,8,14,226,0.05,33.63,22.58,27.25,67.64,18.31,4.88
2014-08-15,2014,8,15,227,0.06,33.81,22.6,27.18,67.68,20.66,4.83
2014-08-16,2014,8,16,228,0.21,32.46,22.25,26.53,68.76,17.22,4.48
2014-08-17,2014,8,17,229,0.27,31.5,21.98,26.17,70.56,19.33,3.08
2014-08-18,2014,8,18,230,11.62,32.36,22.61,27.01,70.67,17.95,2.11
2014-08-19,2014,8,19,231,4.91,33.66,23.61,28.33,70.06,20.61,1.39
2014-08-20,2014,8,20,232,0.47,33.45,24.06,28.71,67.99,23.43,1.13
2014-08-21,2014,8,21,233,10.42,32.1,23.64,27.74,72.6,20.75,1.45
2014-08-22,2014,8,22,234,16.47,32.45,23.27,27.41,74.63,17.74,1.82
2014-08-23,2014,8,23,235,6.44,32.74,21.56,27.01,70.78,18.97,2.39
2014-08-24,2014,8,24,236,6.68,35.05,22.41,28.25,69.37,20.37,2.66
2014-08-25,2014,8,25,237,3.09,32.24,23.1,27.2,74.9,19.81,1.85
2014-08-26,2014,8,26,238,7.8,29.28,23.28,25.58,81.57,15.0,2.08
2014-08-27,2014,8,27,239,9.58,30.66,22.1,25.74,75.83,10.06,2.13
2014-08-28,2014,8,28,240,20.85,27.79,21.58,24.17,83.36,9.03,2.58
2014-08-29,2014,8,29,241,24.47,29.19,22.07,24.97,84.13,11.7,2.41
2014-08-30,2014,8,30,242,9.11,27.76,22.53,24.69,86.28,8.88,2.94
2014-08-31,2014,8,31,243,4.06,27.3,21.97,24.14,84.76,12.16,5.21
2014-09-01,2014,9,1,244,0.73,30.54,21.25,24.7,75.94,14.62,6.39
2014-09-02,2014,9,2,245,0.97,32.15,20.58,25.74,74.08,15.85,5.11
2014-09-03,2014,9,3,246,0.74,33.17,21.76,26.57,74.61,16.69,4.92
2014-09-04,2014,9,4,247,2.75,31.98,22.19,26.2,75.73,17.07,4.71
2014-09-05,2014,9,5,248,2.54,30.09,22.0,25.26,78.44,17.58,4.39
2014-09-06,2014,9,6,249,2.33,28.65,21.7,24.69,81.49,14.67,3.57
2014-09-07,2014,9,7,250,0.82,28.74,21.71,24.76,79.47,9.83,3.97
2014-09-08,2014,9,8,251,0.53,30.41,21.81,25.14,77.02,15.22,5.05
2014-09-09,2014,9,9,252,0.32,32.02,21.51,25.78,72.58,20.58,5.22
2014-09-10,2014,9,10,253,5.3,30.48,20.78,25.11,74.92,15.38,4.07
2014-09-11,2014,9,11,254,1.18,32.84,20.97,25.8,71.44,17.44,3.59
2014-09-12,2014,9,12,255,0.06,33.37,20.57,26.09,70.57,18.09,3.37
2014-09-13,2014,9,13,256,0.05,33.95,20.69,26.72,70.39,19.29,3.02
2014-09-14,2014,9,14,257,0.24,32.17,22.01,26.39,73.97,20.62,2.61
2014-09-15,2014,9,15,258,0.29,31.54,22.39,26.26,73.46,19.03,2.73
2014-09-16,2014,9,16,259,6.96,29.3,22.35,25.47,78.14,20.08,2.85
2014-09-17,2014,9,17,260,3.45,31.27,21.65,25.8,74.48,19.16,3.33
2014-09-18,2014,9,18,261,0.54,32.91,22.17,26.85,73.41,19.08,2.23
2014-09-19,2014,9,19,262,1.8,32.35,22.62,26.69,74.36,16.76,2.48
2014-09-20,2014,9,20,263,11.13,30.91,22.91,26.12,78.07,14.15,2.87
2014-09-21,2014,9,21,264,0.2,32.01,21.78,26.3,74.2,18.54,2.75
2014-09-22,2014,9,22,265,0.01,33.19,22.11,27.2,71.96,20.61,2.24
2014-09-23,2014,9,23,266,0.0,33.34,22.47,27.54,71.73,20.06,1.95
2014-09-24,2014,9,24,267,4.63,31.43,23.21,27.04,76.06,17.72,1.95
2014-09-25,2014,9,25,268,2.75,31.84,22.81,26.6,74.25,21.15,2.12
2014-09-26,2014,9,26,269,1.43,34.01,21.21,26.42,66.2,22.61,2.54
2014-09-27,2014,9,27,270,0.01,34.13,17.62,25.52,59.53,21.95,2.44
2014-09-28,2014,9,28,271,0.21,33.88,19.14,25.92,62.69,21.24,2.6
2014-09-29,2014,9,29,272,0.05,33.58,19.3,26.08,68.74,21.57,2.37
2014-09-30,2014,9,30,273,2.55,33.26,21.08,26.61,70.95,20.78,2.08
2014-10-01,2014,10,1,274,0.6,33.2,21.61,26.72,68.27,20.09,1.77
2014-10-02,2014,10,2,275,0.07,34.6,19.59,26.53,62.72,21.62,2.13
2014-10-03,2014,10,3,276,0.0,35.01,19.93,27.09,62.66,20.83,1.62
2014-10-04,2014,10,4,277,0.0,35.03,21.77,27.92,62.8,18.59,1.41
2014-10-05,2014,10,5,278,0.05,33.53,21.64,27.37,67.77,20.91,1.47
2014-10-06,2014,10,6,279,5.29,34.08,21.57,27.68,66.43,19.99,1.25
2014-10-07,2014,10,7,280,2.43,32.22,22.42,26.9,70.76,18.44,1.17
2014-10-08,2014,10,8,281,3.48,32.71,22.41,26.94,70.53,16.26,1.2
2014-10-09,2014,10,9,282,4.24,32.86,22.07,26.88,72.4,19.03,1.43
2014-10-10,2014,10,10,283,0.16,34.2,21.86,27.41,70.63,18.17,1.87
2014-10-11,2014,10,11,284,0.1,34.88,22.03,27.54,65.67,19.54,2.46
2014-10-12,2014,10,12,285,0.0,34.51,19.13,25.88,57.37,21.56,2.86
2014-10-13,2014,10,13,286,0.0,34.71,17.76,25.32,54.63,22.61,2.75
2014-10-14,2014,10,14,287,0.0,35.0,16.96,25.97,58.42,22.35,1.43
2014-10-15,2014,10,15,288,0.0,34.69,20.66,27.03,63.58,20.03,2.22
2014-10-16,2014,10,16,289,0.0,34.57,21.11,27.39,65.94,18.72,2.54
2014-10-17,2014,10,17,290,0.08,33.35,22.1,27.14,67.77,18.39,2.25
2014-10-18,2014,10,18,291,1.93,33.38,21.55,26.79,66.88,19.66,2.14
2014-10-19,2014,10,19,292,0.16,33.84,20.6,26.57,65.03,20.72,2.33
2014-10-20,2014,10,20,293,0.04,34.17,19.8,26.35,62.04,21.79,2.88
2014-10-21,2014,10,21,294,0.25,33.99,19.5,26.22,62.78,20.63,2.6
2014-10-22,2014,10,22,295,0.04,34.04,20.39,26.07,61.65,19.98,2.64
2014-10-23,2014,10,23,296,0.0,33.86,18.25,25.2,55.3,20.23,2.55
2014-10-24,2014,10,24,297,0.07,31.8,19.05,24.7,58.36,15.58,2.3
2014-10-25,2014,10,25,298,44.44,24.62,17.98,21.02,80.0,4.72,2.99
2014-10-26,2014,10,26,299,21.66,24.15,17.34,20.37,85.49,5.54,1.94
2014-10-27,2014,10,27,300,0.54,28.19,18.36,22.62,78.7,11.53,1.59
2014-10-28,2014,10,28,301,0.02,30.83,18.31,23.57,69.36,19.59,1.82
2014-10-29,2014,10,29,302,0.0,30.55,15.14,22.27,62.71,20.73,2.34
2014-10-30,2014,10,30,303,0.0,30.89,14.77,22.02,63.07,21.07,2.42
2014-10-31,2014,10,31,304,0.0,29.41,14.34,21.45,66.59,20.79,2.01
2014-11-01,2014,11,1,305,0.0,31.4,15.62,22.64,65.21,18.86,2.25
2014-11-02,2014,11,2,306,0.0,32.31,15.69,23.29,64.51,19.94,2.24
2014-11-03,2014,11,3,307,0.0,31.74,16.29,23.15,63.42,19.71,2.2
2014-11-04,2014,11,4,308,0.0,31.94,15.32,22.78,57.38,19.6,1.76
2014-11-05,2014,11,5,309,0.0,32.16,15.65,23.23,56.07,18.22,1.44
2014-11-06,2014,11,6,310,0.0,32.31,16.21,23.46,57.05,18.59,1.59
2014-11-07,2014,11,7,311,0.0,32.65,15.67,23.21,55.8,18.95,1.96
2014-11-08,2014,11,8,312,0.0,31.67,14.5,22.2,56.23,19.07,2.24
2014-11-09,2014,11,9,313,0.0,30.79,14.78,22.34,55.81,16.04,1.9
2014-11-10,2014,11,10,314,1.75,30.67,19.18,24.15,70.82,14.99,1.72
2014-11-11,2014,11,11,315,5.5,32.25,20.24,25.18,72.34,16.29,2.03
2014-11-12,2014,11,12,316,12.61,31.04,18.18,24.48,74.48,18.26,2.28
2014-11-13,2014,11,13,317,1.21,30.48,20.57,24.45,75.04,14.17,3.39
2014-11-14,2014,11,14,318,4.64,29.26,20.24,23.62,79.5,8.95,2.69
2014-11-15,2014,11,15,319,2.24,29.64,19.9,23.97,78.57,12.71,1.7
2014-11-16,2014,11,16,320,0.1,30.85,19.5,24.54,72.4,17.43,1.86
2014-11-17,2014,11,17,321,0.04,31.32,17.77,23.94,70.64,18.12,1.72
2014-11-18,2014,11,18,322,1.34,30.63,18.38,24.13,74.37,15.93,2.11
2014-11-19,2014,11,19,323,0.04,31.44,19.6,24.4,69.82,16.36,2.16
2014-11-20,2014,11,20,324,0.0,31.12,15.82,22.39,59.45,17.06,2.01
2014-11-21,2014,11,21,325,0.0,30.64,14.12,21.98,57.83,16.54,1.55
2014-11-22,2014,11,22,326,0.0,30.78,15.04,22.63,61.1,17.12,1.34
2014-11-23,2014,11,23,327,0.0,31.06,16.1,22.9,64.44,16.68,1.6
2014-11-24,2014,11,24,328,0.0,30.55,15.37,21.85,64.66,18.14,2.16
2014-11-25,2014,11,25,329,0.0,30.75,13.57,21.13,60.67,19.04,1.99
2014-11-26,2014,11,26,330,0.0,30.65,12.39,21.14,54.87,19.57,1.8
2014-11-27,2014,11,27,331,0.0,30.55,12.48,21.56,51.75,17.07,1.46
2014-11-28,2014,11,28,332,0.0,30.76,12.75,21.47,51.0,18.27,1.6
2014-11-29,2014,11,29,333,0.0,30.71,12.86,20.69,56.36,18.83,1.81
2014-11-30,2014,11,30,334,0.0,30.73,14.04,21.15,49.73,19.32,2.28
2014-12-01,2014,12,1,335,0.0,30.63,12.77,20.93,52.79,19.27,2.04
2014-12-02,2014,12,2,336,0.0,31.52,14.26,21.86,52.59,19.09,1.77
2014-12-03,2014,12,3,337,0.0,31.47,13.0,21.67,54.35,18.92,1.64
2014-12-04,2014,12,4,338,0.0,31.88,13.74,21.76,52.75,18.36,1.66
2014-12-05,2014,12,5,339,0.1,31.66,12.61,20.95,47.96,18.99,1.92
2014-12-06,2014,12,6,340,0.0,31.17,12.84,20.69,51.78,19.15,1.91
2014-12-07,2014,12,7,341,0.0,31.56,13.61,21.8,48.75,18.47,1.49
2014-12-08,2014,12,8,342,0.0,31.73,14.35,22.73,49.37,17.98,1.52
2014-12-09,2014,12,9,343,0.0,32.14,16.54,23.71,52.7,17.46,1.5
2014-12-10,2014,12,10,344,0.0,32.11,16.9,23.99,59.48,16.74,1.82
2014-12-11,2014,12,11,345,1.42,29.06,18.86,23.25,69.31,12.62,2.49
2014-12-12,2014,12,12,346,8.29,25.49,18.56,21.36,82.32,7.25,2.07
2014-12-13,2014,12,13,347,3.07,27.13,16.91,21.31,74.33,13.33,1.98
2014-12-14,2014,12,14,348,0.23,29.58,16.87,22.77,70.19,15.37,1.63
2014-12-15,2014,12,15,349,0.03,30.23,17.77,23.19,66.24,15.93,1.15
2014-12-16,2014,12,16,350,0.0,29.88,14.09,21.13,55.15,15.62,2.99
2014-12-17,2014,12,17,351,0.0,28.61,12.3,19.27,49.19,15.65,2.71
2014-12-18,2014,12,18,352,0.0,28.13,10.43,18.39,45.87,18.51,2.55
2014-12-19,2014,12,19,353,0.0,28.71,11.46,18.92,49.93,17.52,2.35
2014-12-20,2014,12,20,354,0.0,27.46,11.41,18.67,51.08,16.21,1.85
2014-12-21,2014,12,21,355,0.0,29.38,11.23,19.64,44.38,16.13,1.57
2014-12-22,2014,12,22,356,0.0,29.62,10.42,19.32,45.94,18.88,1.83
2014-12-23,2014,12,23,357,0.0,29.52,11.71,20.33,54.66,18.22,1.67
2014-12-24,2014,12,24,358,0.0,30.08,12.22,20.97,53.6,17.58,1.72
2014-12-25,2014,12,25,359,0.0,29.95,12.07,20.94,51.8,17.69,1.46
2014-12-26,2014,12,26,360,0.0,29.64,11.41,19.96,44.38,16.86,2.15
2014-12-27,2014,12,27,361,0.0,28.9,11.57,19.38,47.06,17.66,1.95
2014-12-28,2014,12,28,362,0.0,28.83,10.59,19.07,44.66,18.06,1.99
2014-12-29,2014,12,29,363,0.0,30.11,12.19,20.79,51.61,16.94,1.52
2014-12-30,2014,12,30,364,0.0,31.65,15.7,23.29,56.91,15.64,2.04
2014-12-31,2014,12,31,365,1.18,29.83,18.77,23.72,66.71,10.98,1.29
2015-01-01,2015,1,1,1,2.34,29.47,18.51,22.92,70.39,11.13,1.84
2015-01-02,2015,1,2,2,0.2,29.5,16.97,22.49,66.67,13.27,2.0
2015-01-03,2015,1,3,3,0.03,29.93,15.91,23.02,62.28,13.95,1.3
2015-01-04,2015,1,4,4,0.0,29.3,16.4,22.26,65.85,13.52,2.48
2015-01-05,2015,1,5,5,0.0,29.79,14.9,21.85,59.05,15.36,2.32
2015-01-06,2015,1,6,6,0.0,30.13,13.81,21.82,49.73,18.65,1.59
2015-01-07,2015,1,7,7,0.0,30.57,15.1,21.85,43.85,17.98,1.14
2015-01-08,2015,1,8,8,0.0,30.05,12.0,20.2,36.07,18.91,2.09
2015-01-09,2015,1,9,9,0.0,30.19,10.81,19.56,32.2,19.61,2.03
2015-01-10,2015,1,10,10,0.0,30.29,9.36,18.77,31.53,20.73,1.98
2015-01-11,2015,1,11,11,0.0,30.74,9.22,18.91,28.53,20.66,2.21
2015-01-12,2015,1,12,12,0.0,30.71,9.87,18.94,27.31,20.73,2.01
2015-01-13,2015,1,13,13,0.0,30.99,10.08,20.12,25.87,20.8,1.48
2015-01-14,2015,1,14,14,0.0,31.27,10.13,20.17,26.93,20.21,1.91
2015-01-15,2015,1,15,15,0.0,30.06,10.98,20.21,38.23,19.1,1.92
2015-01-16,2015,1,16,16,0.0,30.58,12.11,21.09,38.36,19.43,1.84
2015-01-17,2015,1,17,17,0.0,30.67,12.09,21.33,32.04,19.17,1.81
2015-01-18,2015,1,18,18,0.0,30.93,12.1,21.34,31.47,18.99,1.71
2015-01-19,2015,1,19,19,0.0,31.0,13.06,21.86,34.99,18.44,2.02
2015-01-20,2015,1,20,20,0.0,31.33,15.12,23.25,41.74,16.18,2.09
2015-01-21,2015,1,21,21,0.0,30.24,16.64,23.35,50.47,15.78,3.34
2015-01-22,2015,1,22,22,0.0,30.14,16.88,23.37,43.92,15.12,2.6
2015-01-23,2015,1,23,23,0.0,31.04,16.41,23.81,39.27,16.98,1.46
2015-01-24,2015,1,24,24,0.0,31.25,18.06,24.33,36.03,16.81,2.68
2015-01-25,2015,1,25,25,0.0,31.9,17.23,23.87,34.71,18.54,2.94
2015-01-26,2015,1,26,26,0.0,30.05,15.68,22.58,42.8,17.72,2.26
2015-01-27,2015,1,27,27,0.0,32.32,15.79,23.41,39.07,19.64,2.75
2015-01-28,2015,1,28,28,0.0,32.55,14.95,23.21,38.57,20.74,2.78
2015-01-29,2015,1,29,29,0.0,32.15,14.84,23.43,42.54,19.96,1.91
2015-01-30,2015,1,30,30,0.0,32.7,16.03,24.0,38.59,17.93,2.27
2015-01-31,2015,1,31,31,0.0,32.63,16.34,23.86,39.89,18.12,2.5
2015-02-01,2015,2,1,32,0.0,32.78,15.92,23.74,37.4,19.26,2.12
2015-02-02,2015,2,2,33,0.0,32.74,15.81,23.82,35.94,20.35,2.7
2015-02-03,2015,2,3,34,0.0,31.83,16.38,23.33,42.82,19.59,3.07
2015-02-04,2015,2,4,35,0.0,32.42,14.74,23.05,34.32,21.0,2.75
2015-02-05,2015,2,5,36,0.0,31.45,15.51,22.86,31.29,20.12,2.39
2015-02-06,2015,2,6,37,0.0,30.08,15.43,22.37,31.5,20.54,2.58
2015-02-07,2015,2,7,38,0.0,30.94,15.39,22.98,33.28,20.84,2.38
2015-02-08,2015,2,8,39,0.0,33.14,16.15,24.18,33.49,21.75,1.91
2015-02-09,2015,2,9,40,0.0,32.48,17.03,24.71,38.08,20.5,2.7
2015-02-10,2015,2,10,41,0.01,32.81,18.35,24.98,38.39,21.31,2.99
2015-02-11,2015,2,11,42,0.03,33.27,16.73,24.52,37.67,21.8,2.59
2015-02-12,2015,2,12,43,0.0,33.31,16.09,24.85,32.36,22.01,1.03
2015-02-13,2015,2,13,44,0.0,34.58,16.96,25.75,30.93,21.9,1.44
2015-02-14,2015,2,14,45,0.0,34.9,15.54,25.11,22.06,21.96,1.68
2015-02-15,2015,2,15,46,0.0,35.65,16.65,25.84,17.85,22.44,1.23
2015-02-16,2015,2,16,47,0.0,35.9,15.84,26.13,17.37,23.41,1.72
2015-02-17,2015,2,17,48,0.0,35.83,17.45,26.8,17.47,23.2,0.95
2015-02-18,2015,2,18,49,0.0,35.96,15.36,25.87,16.54,23.79,1.59
2015-02-19,2015,2,19,50,0.0,35.84,15.41,26.1,20.88,23.31,1.1
2015-02-20,2015,2,20,51,0.0,35.66,16.33,26.15,24.88,22.68,1.46
2015-02-21,2015,2,21,52,0.0,34.67,17.59,26.23,31.12,22.18,1.9
2015-02-22,2015,2,22,53,0.0,35.89,17.86,26.51,26.81,22.93,2.44
2015-02-23,2015,2,23,54,0.0,35.24,16.86,26.14,23.84,23.72,2.15
2015-02-24,2015,2,24,55,0.0,35.64,17.44,26.16,24.25,23.31,2.16
2015-02-25,2015,2,25,56,0.0,35.61,16.45,25.92,24.74,23.06,1.92
2015-02-26,2015,2,26,57,0.0,35.68,17.09,26.54,32.44,22.13,1.61
2015-02-27,2015,2,27,58,0.0,35.34,16.92,26.19,31.32,23.55,2.31
2015-02-28,2015,2,28,59,5.54,30.58,18.84,24.72,47.93,14.01,2.26
2015-03-01,2015,3,1,60,2.01,32.81,19.78,25.76,54.48,10.69,4.16
2015-03-02,2015,3,2,61,2.4,31.26,18.75,24.05,62.47,20.84,3.41
2015-03-03,2015,3,3,62,0.0,30.25,14.98,21.95,52.76,24.94,2.58
2015-03-04,2015,3,4,63,0.0,32.21,12.75,22.32,42.96,25.24,1.99
2015-03-05,2015,3,5,64,0.0,35.75,14.45,25.09,36.88,24.21,1.7
2015-03-06,2015,3,6,65,0.2,36.14,16.75,26.37,39.82,23.85,1.6
2015-03-07,2015,3,7,66,0.03,36.06,19.47,27.73,37.8,23.17,1.96
2015-03-08,2015,3,8,67,0.99,36.07,19.95,28.68,37.2,22.61,1.44
2015-03-09,2015,3,9,68,4.29,30.29,22.47,25.89,62.51,21.57,2.79
2015-03-10,2015,3,10,69,0.2,30.88,20.73,25.2,63.73,19.66,2.55
2015-03-11,2015,3,11,70,0.14,34.7,20.74,27.16,46.79,22.42,2.61
2015-03-12,2015,3,12,71,0.0,35.49,18.27,26.67,41.48,24.54,3.08
2015-03-13,2015,3,13,72,0.0,36.4,19.41,27.66,39.39,24.89,3.52
2015-03-14,2015,3,14,73,0.19,36.27,19.6,27.89,34.52,23.65,3.62
2015-03-15,2015,3,15,74,0.81,36.13,20.9,28.53,42.43,21.32,1.83
2015-03-16,2015,3,16,75,0.0,35.28,21.46,28.73,45.29,22.6,1.57
2015-03-17,2015,3,17,76,0.0,37.51,22.75,30.06,37.11,24.25,2.08
2015-03-18,2015,3,18,77,0.0,37.37,21.65,29.92,34.42,23.83,2.25
2015-03-19,2015,3,19,78,0.0,38.2,22.38,30.29,31.01,22.84,2.61
2015-03-20,2015,3,20,79,0.0,38.31,23.82,30.57,25.6,23.48,2.56
2015-03-21,2015,3,21,80,0.0,38.37,21.46,30.23,26.38,24.29,1.68
2015-03-22,2015,3,22,81,0.0,39.2,22.68,31.32,23.74,23.42,1.52
2015-03-23,2015,3,23,82,0.0,37.58,25.29,31.34,26.88,21.03,1.27
2015-03-24,2015,3,24,83,0.03,40.45,24.0,32.28,25.05,23.62,1.92
2015-03-25,2015,3,25,84,0.03,39.9,23.18,31.75,25.09,23.26,2.6
2015-03-26,2015,3,26,85,0.0,39.25,25.11,32.08,28.11,22.88,2.51
2015-03-27,2015,3,27,86,0.01,38.06,25.44,31.59,28.62,23.06,2.8
2015-03-28,2015,3,28,87,0.0,38.91,22.82,31.02,26.2,22.89,2.18
2015-03-29,2015,3,29,88,0.05,37.53,24.44,31.04,27.69,17.26,2.04
2015-03-30,2015,3,30,89,0.18,32.85,26.53,29.6,34.85,16.26,0.78
2015-03-31,2015,3,31,90,0.08,35.42,26.12,30.11,35.38,22.1,1.55
2015-04-01,2015,4,1,91,0.0,38.54,23.4,31.52,30.88,24.88,0.84
2015-04-02,2015,4,2,92,0.0,39.59,22.88,31.45,23.06,25.71,2.29
2015-04-03,2015,4,3,93,0.0,39.06,20.93,30.44,28.81,26.32,2.83
2015-04-04,2015,4,4,94,0.0,39.6,21.71,30.54,25.88,27.24,3.48
2015-04-05,2015,4,5,95,0.0,39.76,20.03,30.53,27.57,27.39,2.18
2015-04-06,2015,4,6,96,0.0,39.48,21.97,31.22,26.66,25.17,1.71
2015-04-07,2015,4,7,97,0.0,39.82,21.43,31.1,27.8,25.61,2.03
2015-04-08,2015,4,8,98,0.0,40.05,22.69,32.13,28.08,25.39,1.71
2015-04-09,2015,4,9,99,0.08,39.02,25.38,32.24,34.53,23.3,2.12
2015-04-10,2015,4,10,100,1.75,38.24,25.45,31.26,43.38,20.34,1.7
2015-04-11,2015,4,11,101,8.56,32.55,24.71,27.84,59.55,19.08,2.05
2015-04-12,2015,4,12,102,2.68,31.86,22.94,27.02,56.49,20.48,1.32
2015-04-13,2015,4,13,103,0.59,35.12,21.65,27.67,46.13,24.71,1.46
2015-04-14,2015,4,14,104,0.06,33.87,20.66,27.26,49.39,24.7,3.0
2015-04-15,2015,4,15,105,0.56,34.76,22.11,28.41,46.86,21.6,2.99
2015-04-16,2015,4,16,106,0.1,34.94,22.78,28.66,48.63,22.19,2.58
2015-04-17,2015,4,17,107,0.0,37.33,21.92,29.87,41.7,25.76,2.32
2015-04-18,2015,4,18,108,0.0,39.55,21.99,31.1,36.22,26.6,2.01
2015-04-19,2015,4,19,109,0.0,40.75,23.28,32.48,29.93,25.13,2.44
2015-04-20,2015,4,20,110,0.0,41.1,25.49,33.4,29.51,25.77,2.74
2015-04-21,2015,4,21,111,0.0,40.95,24.99,33.2,30.75,25.86,2.69
2015-04-22,2015,4,22,112,0.47,39.99,25.94,33.74,33.92,22.62,1.57
2015-04-23,2015,4,23,113,0.46,38.39,27.52,33.03,36.32,23.72,2.54
2015-04-24,2015,4,24,114,0.21,40.53,26.51,33.27,26.72,25.97,3.49
2015-04-25,2015,4,25,115,0.0,40.68,22.64,31.87,25.41,27.87,3.24
2015-04-26,2015,4,26,116,0.0,39.99,22.92,31.83,31.48,25.72,2.25
2015-04-27,2015,4,27,117,0.02,40.26,25.56,33.35,31.9,24.89,2.48
2015-04-28,2015,4,28,118,1.37,41.97,26.26,34.42,28.94,26.25,2.71
2015-04-29,2015,4,29,119,0.0,43.09,25.33,34.1,26.77,27.21,3.41
2015-04-30,2015,4,30,120,0.0,41.89,23.09,32.99,30.32,27.43,2.31
2015-05-01,2015,5,1,121,0.0,42.47,24.08,33.29,29.4,26.89,3.15
2015-05-02,2015,5,2,122,0.0,42.43,24.09,33.42,26.56,27.41,2.36
2015-05-03,2015,5,3,123,0.11,42.02,24.0,33.32,32.68,26.95,2.72
2015-05-04,2015,5,4,124,0.15,41.31,24.82,33.75,29.56,24.61,2.48
2015-05-05,2015,5,5,125,19.64,37.01,27.49,31.81,45.8,25.41,2.57
2015-05-06,2015,5,6,126,6.66,37.76,23.19,31.06,51.11,26.53,1.45
2015-05-07,2015,5,7,127,0.0,39.02,25.5,32.62,43.38,25.48,0.79
2015-05-08,2015,5,8,128,0.01,38.66,24.3,32.22,45.51,24.27,1.37
2015-05-09,2015,5,9,129,0.15,38.09,25.74,31.59,46.84,21.04,2.1
2015-05-10,2015,5,10,130,0.48,38.46,24.63,31.3,43.75,17.31,2.6
2015-05-11,2015,5,11,131,0.04,40.62,24.54,32.87,39.27,23.92,2.36
2015-05-12,2015,5,12,132,0.52,36.58,27.06,31.34,45.81,16.46,2.45
2015-05-13,2015,5,13,133,4.03,36.35,25.97,30.9,49.88,14.35,1.85
2015-05-14,2015,5,14,134,0.99,35.3,24.67,29.48,57.17,13.19,2.54
2015-05-15,2015,5,15,135,0.69,30.36,25.37,27.79,64.37,14.05,1.65
2015-05-16,2015,5,16,136,0.01,37.69,24.95,31.74,51.07,24.49,1.34
2015-05-17,2015,5,17,137,0.05,39.06,26.07,32.75,43.51,22.19,2.66
2015-05-18,2015,5,18,138,0.0,41.15,24.96,32.68,43.57,26.06,3.39
2015-05-19,2015,5,19,139,0.0,42.39,25.16,33.36,43.26,26.14,4.27
2015-05-20,2015,5,20,140,0.0,42.66,25.04,33.82,41.38,26.76,4.47
2015-05-21,2015,5,21,141,0.0,42.49,26.36,34.04,41.94,26.51,4.59
2015-05-22,2015,5,22,142,0.0,40.81,25.54,33.46,43.1,26.7,4.77
2015-05-23,2015,5,23,143,0.0,39.7,25.77,32.27,44.85,26.99,5.1
2015-05-24,2015,5,24,144,0.0,41.12,24.39,32.65,42.82,27.63,5.42
2015-05-25,2015,5,25,145,0.0,40.92,24.7,32.92,44.1,27.52,4.99
2015-05-26,2015,5,26,146,0.0,42.22,24.85,33.46,41.39,26.75,4.61
2015-05-27,2015,5,27,147,0.01,42.92,25.05,33.96,37.47,26.42,5.01
2015-05-28,2015,5,28,148,0.01,41.57,24.91,33.83,37.8,25.31,4.01
2015-05-29,2015,5,29,149,4.36,42.09,26.47,34.07,41.01,23.4,3.91
2015-05-30,2015,5,30,150,5.42,35.45,26.45,30.02,56.42,21.15,3.79
2015-05-31,2015,5,31,151,2.26,39.31,25.65,31.97,46.04,22.56,3.36
2015-06-01,2015,6,1,152,0.57,38.88,24.53,31.43,48.4,20.06,3.46
2015-06-02,2015,6,2,153,0.0,37.93,24.58,31.0,46.0,24.15,4.09
2015-06-03,2015,6,3,154,0.03,39.82,24.79,32.54,42.98,26.43,2.32
2015-06-04,2015,6,4,155,0.47,40.45,26.83,33.9,38.55,24.53,2.33
2015-06-05,2015,6,5,156,2.41,36.15,26.57,30.75,50.63,20.6,2.47
2015-06-06,2015,6,6,157,0.07,36.44,25.84,31.11,50.8,24.49,1.68
2015-06-07,2015,6,7,158,1.79,36.41,26.66,31.33,50.23,23.21,3.09
2015-06-08,2015,6,8,159,3.31,33.96,25.4,29.06,62.4,23.39,2.65
2015-06-09,2015,6,9,160,0.74,36.29,23.95,29.06,61.4,22.47,3.74
2015-06-10,2015,6,10,161,0.17,37.2,24.79,30.62,54.61,25.5,3.88
2015-06-11,2015,6,11,162,1.37,33.97,25.04,28.95,61.98,24.2,3.22
2015-06-12,2015,6,12,163,7.83,27.87,23.75,25.91,78.59,18.96,4.74
2015-06-13,2015,6,13,164,1.19,33.39,22.62,27.14,67.79,18.64,4.41
2015-06-14,2015,6,14,165,2.11,29.6,22.94,25.6,74.31,16.0,4.22
2015-06-15,2015,6,15,166,1.35,33.85,22.08,27.07,61.69,16.67,4.69
2015-06-16,2015,6,16,167,0.53,32.99,22.35,26.93,63.24,16.98,4.25
2015-06-17,2015,6,17,168,0.11,33.59,21.91,27.41,61.91,19.06,4.53
2015-06-18,2015,6,18,169,0.79,34.53,22.34,27.43,63.0,14.6,5.26
2015-06-19,2015,6,19,170,0.68,30.8,23.62,26.62,64.22,13.56,6.36
2015-06-20,2015,6,20,171,0.57,33.16,23.39,27.43,66.64,17.96,7.73
2015-06-21,2015,6,21,172,7.61,30.76,24.05,26.37,71.88,12.35,7.61
2015-06-22,2015,6,22,173,0.33,30.13,24.12,26.53,72.38,15.82,7.36
2015-06-23,2015,6,23,174,2.35,34.37,23.93,28.12,67.87,19.37,8.21
2015-06-24,2015,6,24,175,0.89,32.57,24.55,27.84,68.4,16.91,7.67
2015-06-25,2015,6,25,176,0.27,34.32,24.22,28.41,66.62,17.05,8.0
2015-06-26,2015,6,26,177,0.07,35.9,24.02,28.81,64.79,13.61,7.32
2015-06-27,2015,6,27,178,0.01,36.46,23.53,29.01,62.33,18.62,6.01
2015-06-28,2015,6,28,179,0.0,37.4,23.13,29.53,59.55,20.17,5.15
2015-06-29,2015,6,29,180,0.07,35.71,23.47,29.29,59.48,21.07,4.62
2015-06-30,2015,6,30,181,0.06,35.43,23.64,28.69,61.7,21.45,4.75
2015-07-01,2015,7,1,182,5.55,36.91,23.16,29.24,59.46,19.83,4.55
2015-07-02,2015,7,2,183,1.09,36.6,23.06,29.15,60.55,23.57,4.27
2015-07-03,2015,7,3,184,0.02,36.99,23.2,29.44,59.91,24.03,4.84
2015-07-04,2015,7,4,185,0.0,36.15,24.2,29.3,59.95,24.57,5.79
2015-07-05,2015,7,5,186,0.0,36.6,23.61,28.99,60.02,22.93,5.68
2015-07-06,2015,7,6,187,0.0,35.53,23.22,28.46,60.93,23.42,6.85
2015-07-07,2015,7,7,188,0.0,35.96,23.7,28.75,60.57,18.17,6.63
2015-07-08,2015,7,8,189,0.1,36.06,24.11,28.98,60.83,17.52,6.5
2015-07-09,2015,7,9,190,0.04,36.04,23.68,29.07,61.43,17.63,6.59
2015-07-10,2015,7,10,191,0.03,33.68,24.7,28.19,63.87,17.47,6.97
2015-07-11,2015,7,11,192,0.22,35.5,23.77,28.66,61.1,17.4,6.29
2015-07-12,2015,7,12,193,0.01,37.09,23.47,29.7,57.6,20.15,5.36
2015-07-13,2015,7,13,194,0.0,36.76,23.96,29.89,57.02,22.22,4.52
2015-07-14,2015,7,14,195,4.78,35.9,24.86,29.95,57.49,22.47,3.94
2015-07-15,2015,7,15,196,0.41,35.61,24.27,29.27,59.17,20.48,4.65
2015-07-16,2015,7,16,197,0.22,34.94,24.14,28.68,61.03,20.69,5.6
2015-07-17,2015,7,17,198,0.49,36.36,23.51,28.88,61.04,17.73,6.11
2015-07-18,2015,7,18,199,0.32,36.4,24.15,29.3,60.63,16.57,6.41
2015-07-19,2015,7,19,200,0.13,32.71,24.21,27.59,65.95,15.52,6.74
2015-07-20,2015,7,20,201,0.26,32.55,24.02,27.69,65.59,16.16,5.87
2015-07-21,2015,7,21,202,2.72,33.34,23.77,27.78,66.33,13.51,5.61
2015-07-22,2015,7,22,203,0.56,34.9,23.54,28.25,64.51,13.07,5.67
2015-07-23,2015,7,23,204,0.18,35.21,23.69,28.39,64.15,17.31,5.24
2015-07-24,2015,7,24,205,0.21,35.41,24.26,28.54,62.4,16.36,5.81
2015-07-25,2015,7,25,206,0.73,34.01,22.64,27.64,62.45,17.41,5.89
2015-07-26,2015,7,26,207,0.33,33.82,23.36,27.74,62.95,15.25,5.88
2015-07-27,2015,7,27,208,0.23,33.68,23.14,27.47,63.21,21.03,6.37
2015-07-28,2015,7,28,209,0.09,35.19,22.76,27.92,61.07,22.43,6.36
2015-07-29,2015,7,29,210,0.28,34.88,22.77,27.73,60.68,19.22,6.7
2015-07-30,2015,7,30,211,0.1,34.72,22.08,27.75,60.47,13.84,5.98
2015-07-31,2015,7,31,212,0.53,35.49,23.29,28.43,60.21,15.32,5.69
2015-08-01,2015,8,1,213,0.12,36.7,22.58,28.98,59.49,19.17,5.19
2015-08-02,2015,8,2,214,1.96,36.4,23.02,29.13,58.08,20.08,5.26
2015-08-03,2015,8,3,215,0.29,35.77,23.42,28.79,58.46,19.09,5.53
2015-08-04,2015,8,4,216,0.28,32.17,23.73,27.05,65.83,10.86,5.91
2015-08-05,2015,8,5,217,0.79,34.36,23.18,27.73,62.41,15.23,6.65
2015-08-06,2015,8,6,218,0.43,34.41,22.94,28.02,62.7,17.47,6.05
2015-08-07,2015,8,7,219,4.01,35.86,23.07,28.51,62.24,16.4,5.41
2015-08-08,2015,8,8,220,0.67,35.81,23.25,28.53,62.05,16.15,5.31
2015-08-09,2015,8,9,221,1.05,35.48,23.58,28.49,63.36,18.06,4.52
2015-08-10,2015,8,10,222,6.74,30.96,23.91,26.8,70.46,15.58,3.6
2015-08-11,2015,8,11,223,7.23,29.54,23.32,25.55,77.22,17.08,3.18
2015-08-12,2015,8,12,224,2.41,28.86,22.44,25.08,77.4,11.4,3.43
2015-08-13,2015,8,13,225,0.13,31.34,22.05,26.35,71.26,14.56,3.97
2015-08-14,2015,8,14,226,1.07,34.89,22.35,27.76,66.53,21.28,4.28
2015-08-15,2015,8,15,227,0.38,35.57,22.43,28.28,64.86,19.31,4.05
2015-08-16,2015,8,16,228,0.03,33.49,23.19,27.75,63.65,17.72,3.61
2015-08-17,2015,8,17,229,0.14,34.08,22.75,28.58,61.98,19.41,1.93
2015-08-18,2015,8,18,230,0.08,35.75,23.95,29.66,61.12,18.4,1.41
2015-08-19,2015,8,19,231,5.64,36.32,25.7,30.39,60.08,19.89,1.13
2015-08-20,2015,8,20,232,4.15,32.6,24.65,27.89,67.97,15.37,1.66
2015-08-21,2015,8,21,233,2.09,33.94,23.12,27.62,66.17,19.69,3.42
2015-08-22,2015,8,22,234,0.2,33.86,22.86,27.66,63.79,19.93,4.04
2015-08-23,2015,8,23,235,0.29,32.64,22.93,27.26,64.04,20.9,4.01
2015-08-24,2015,8,24,236,0.17,35.96,21.93,28.42,60.23,20.56,4.06
2015-08-25,2015,8,25,237,4.01,35.9,22.26,28.3,61.09,19.2,4.08
2015-08-26,2015,8,26,238,4.05,34.15,22.45,27.75,66.51,16.85,3.52
2015-08-27,2015,8,27,239,6.01,33.42,23.03,27.67,66.64,20.43,3.36
2015-08-28,2015,8,28,240,4.87,31.71,23.02,26.31,74.28,16.56,3.46
2015-08-29,2015,8,29,241,1.97,33.09,22.38,27.23,69.83,14.21,3.47
2015-08-30,2015,8,30,242,0.56,34.57,22.3,27.71,66.76,20.41,3.82
2015-08-31,2015,8,31,243,0.11,35.16,22.0,27.76,63.57,20.24,3.74
2015-09-01,2015,9,1,244,0.0,34.87,21.7,27.75,62.37,22.07,3.41
2015-09-02,2015,9,2,245,0.0,35.16,22.08,28.08,59.09,20.19,3.0
2015-09-03,2015,9,3,246,0.0,36.15,21.69,28.75,55.4,22.72,1.82
2015-09-04,2015,9,4,247,0.17,36.99,22.54,30.02,52.71,21.29,1.99
2015-09-05,2015,9,5,248,3.93,36.47,24.56,29.78,57.55,21.3,1.45
2015-09-06,2015,9,6,249,9.98,31.69,23.93,27.13,70.14,21.2,1.85
2015-09-07,2015,9,7,250,8.57,32.07,22.5,26.98,69.87,10.0,0.95
2015-09-08,2015,9,8,251,6.54,29.28,22.98,26.17,74.94,14.2,1.25
2015-09-09,2015,9,9,252,25.88,31.54,22.58,26.29,77.52,17.08,1.58
2015-09-10,2015,9,10,253,26.59,30.39,22.7,26.16,80.35,17.38,1.71
2015-09-11,2015,9,11,254,0.87,33.16,22.48,27.57,70.23,20.15,1.13
2015-09-12,2015,9,12,255,1.37,30.46,22.69,26.12,74.37,17.23,1.91
2015-09-13,2015,9,13,256,12.83,32.19,21.21,26.15,74.39,17.48,2.42
2015-09-14,2015,9,14,257,13.69,30.39,22.84,25.99,80.2,15.08,2.48
2015-09-15,2015,9,15,258,7.57,29.98,22.51,25.61,80.92,15.26,2.95
2015-09-16,2015,9,16,259,6.83,31.08,22.94,26.31,78.27,13.22,2.96
2015-09-17,2015,9,17,260,3.42,30.49,23.08,26.2,78.91,14.36,3.78
2015-09-18,2015,9,18,261,5.46,31.79,22.89,26.59,77.89,13.51,4.26
2015-09-19,2015,9,19,262,0.14,34.22,21.66,27.02,72.54,20.55,3.47
2015-09-20,2015,9,20,263,0.04,33.51,21.3,26.5,71.21,21.21,3.35
2015-09-21,2015,9,21,264,0.01,33.54,21.75,26.73,70.17,19.71,3.19
2015-09-22,2015,9,22,265,0.0,34.19,20.95,27.13,68.97,21.52,2.09
2015-09-23,2015,9,23,266,0.07,34.49,22.59,28.09,69.23,21.74,1.07
2015-09-24,2015,9,24,267,0.69,32.62,23.67,27.62,73.63,21.8,1.02
2015-09-25,2015,9,25,268,2.95,33.93,23.37,27.99,72.0,21.64,1.59
2015-09-26,2015,9,26,269,1.74,32.65,22.36,27.07,72.74,21.88,1.74
2015-09-27,2015,9,27,270,0.06,34.0,20.4,26.35,63.14,23.63,2.34
2015-09-28,2015,9,28,271,0.0,33.73,19.1,26.21,64.6,20.59,2.34
2015-09-29,2015,9,29,272,0.33,33.57,20.6,26.79,68.58,19.54,2.99
2015-09-30,2015,9,30,273,0.15,33.16,22.14,26.6,73.09,17.8,3.02
2015-10-01,2015,10,1,274,5.15,31.65,22.19,26.25,77.98,16.36,2.21
2015-10-02,2015,10,2,275,16.14,31.69,22.3,26.44,77.98,20.45,1.87
2015-10-03,2015,10,3,276,8.84,32.87,22.28,27.23,74.59,18.52,0.8
2015-10-04,2015,10,4,277,11.75,30.3,21.97,26.07,78.02,14.25,1.48
2015-10-05,2015,10,5,278,4.38,31.89,22.6,26.66,75.6,19.02,1.48
2015-10-06,2015,10,6,279,0.03,33.3,21.39,26.29,67.67,22.23,2.31
2015-10-07,2015,10,7,280,0.0,33.32,18.98,25.37,64.91,22.5,2.46
2015-10-08,2015,10,8,281,0.05,34.21,18.21,26.48,62.27,20.94,1.6
2015-10-09,2015,10,9,282,0.01,32.76,21.78,27.16,66.61,18.69,1.13
2015-10-10,2015,10,10,283,0.94,32.71,23.17,27.18,72.44,20.55,1.42
2015-10-11,2015,10,11,284,1.24,28.79,23.59,25.59,80.26,14.76,0.94
2015-10-12,2015,10,12,285,0.29,32.76,22.27,26.99,70.32,17.75,1.14
2015-10-13,2015,10,13,286,0.0,33.81,21.8,27.52,60.45,19.27,1.55
2015-10-14,2015,10,14,287,0.0,34.59,19.94,27.13,54.08,20.51,1.63
2015-10-15,2015,10,15,288,0.0,35.22,19.93,27.3,57.86,20.81,2.15
2015-10-16,2015,10,16,289,0.0,34.36,21.83,27.32,60.84,18.87,2.2
2015-10-17,2015,10,17,290,0.0,33.77,21.47,27.13,64.38,16.7,1.95
2015-10-18,2015,10,18,291,0.0,33.48,22.19,27.42,65.44,19.44,1.74
2015-10-19,2015,10,19,292,0.0,33.96,20.63,26.96,62.39,20.19,1.81
2015-10-20,2015,10,20,293,0.0,34.38,18.44,26.1,57.73,19.47,1.97
2015-10-21,2015,10,21,294,0.0,34.65,21.16,27.56,54.7,19.77,1.64
2015-10-22,2015,10,22,295,0.0,34.68,20.23,27.47,55.92,19.79,1.55
2015-10-23,2015,10,23,296,0.0,34.25,20.96,27.44,59.34,18.75,1.88
2015-10-24,2015,10,24,297,0.0,34.55,21.92,27.8,57.42,19.01,1.81
2015-10-25,2015,10,25,298,0.0,33.4,22.16,26.93,60.07,17.85,2.44
2015-10-26,2015,10,26,299,0.0,32.9,20.93,26.49,62.55,17.06,2.43
2015-10-27,2015,10,27,300,0.0,33.46,20.28,26.74,62.45,18.39,1.67
2015-10-28,2015,10,28,301,0.0,32.5,20.18,26.31,57.41,18.15,1.72
2015-10-29,2015,10,29,302,0.0,33.96,20.26,26.93,59.04,19.42,1.12
2015-10-30,2015,10,30,303,0.0,33.01,20.93,26.48,63.87,18.69,1.62
2015-10-31,2015,10,31,304,0.01,33.82,20.47,26.44,60.1,16.1,2.51
2015-11-01,2015,11,1,305,0.0,32.71,20.3,25.95,61.44,17.19,2.41
2015-11-02,2015,11,2,306,0.0,32.71,20.0,25.95,63.29,16.67,2.17
2015-11-03,2015,11,3,307,0.01,31.06,21.72,26.13,67.59,18.04,1.51
2015-11-04,2015,11,4,308,0.01,33.26,21.47,27.08,59.92,17.06,1.33
2015-11-05,2015,11,5,309,0.04,33.46,19.71,26.69,57.31,17.85,1.51
2015-11-06,2015,11,6,310,0.0,34.17,19.99,27.06,51.42,18.36,1.64
2015-11-07,2015,11,7,311,0.0,33.71,19.27,26.14,50.64,18.09,2.05
2015-11-08,2015,11,8,312,0.0,33.97,18.42,25.86,53.81,18.03,2.25
2015-11-09,2015,11,9,313,0.0,33.33,19.7,25.61,48.11,17.15,2.86
2015-11-10,2015,11,10,314,0.0,33.21,17.87,25.18,47.98,15.73,3.15
2015-11-11,2015,11,11,315,0.0,33.79,18.69,25.61,49.44,18.04,3.36
2015-11-12,2015,11,12,316,0.0,34.79,18.06,25.48,49.08,19.1,2.74
2015-11-13,2015,11,13,317,0.0,34.37,16.08,24.55,42.4,19.3,2.25
2015-11-14,2015,11,14,318,0.0,33.45,16.88,24.64,44.8,18.38,2.35
2015-11-15,2015,11,15,319,0.0,33.76,16.54,24.75,44.27,18.07,2.0
2015-11-16,2015,11,16,320,0.0,31.93,19.11,24.94,49.27,17.67,2.24
2015-11-17,2015,11,17,321,0.0,34.32,16.28,24.53,42.37,18.94,2.32
2015-11-18,2015,11,18,322,0.0,34.2,17.27,25.04,42.64,19.12,3.46
2015-11-19,2015,11,19,323,0.0,33.76,18.22,25.81,49.48,18.73,3.81
2015-11-20,2015,11,20,324,0.13,33.03,20.58,26.08,60.72,9.93,3.35
2015-11-21,2015,11,21,325,3.68,32.43,21.98,26.23,67.93,9.14,2.48
2015-11-22,2015,11,22,326,4.99,32.29,20.91,26.25,67.95,13.84,1.99
2015-11-23,2015,11,23,327,1.57,32.09,21.06,25.86,68.06,15.25,2.01
2015-11-24,2015,11,24,328,0.0,31.34,20.95,25.71,66.94,14.31,1.56
2015-11-25,2015,11,25,329,0.0,32.95,20.62,25.84,56.75,16.69,2.22
2015-11-26,2015,11,26,330,0.0,32.96,17.79,25.19,53.33,17.61,1.6
2015-11-27,2015,11,27,331,0.0,32.95,18.32,25.52,50.11,17.57,1.01
2015-11-28,2015,11,28,332,0.0,33.97,17.74,25.07,48.08,17.22,2.24
2015-11-29,2015,11,29,333,0.0,33.73,17.74,25.04,46.42,18.01,3.0
2015-11-30,2015,11,30,334,0.07,33.39,18.26,25.76,58.3,16.19,2.42
2015-12-01,2015,12,1,335,0.03,33.69,19.91,26.5,58.87,16.57,1.95
2015-12-02,2015,12,2,336,0.0,32.5,20.85,26.63,56.78,15.33,2.11
2015-12-03,2015,12,3,337,0.0,33.64,20.23,26.34,53.37,16.7,2.05
2015-12-04,2015,12,4,338,0.0,33.59,17.85,25.16,44.31,16.85,2.0
2015-12-05,2015,12,5,339,0.0,33.3,17.34,24.66,45.38,17.55,2.35
2015-12-06,2015,12,6,340,0.0,32.95,16.47,24.03,45.69,17.9,2.29
2015-12-07,2015,12,7,341,0.0,32.59,15.88,23.64,42.81,16.86,2.04
2015-12-08,2015,12,8,342,0.0,32.98,15.54,23.57,40.73,17.14,2.07
2015-12-09,2015,12,9,343,0.0,30.5,15.59,22.52,43.89,18.48,1.78
2015-12-10,2015,12,10,344,0.0,34.35,16.77,25.78,45.38,16.33,1.56
2015-12-11,2015,12,11,345,0.0,33.76,21.16,27.24,53.38,14.78,1.55
2015-12-12,2015,12,12,346,0.0,35.22,21.12,28.35,47.88,17.09,0.79
2015-12-13,2015,12,13,347,0.0,35.56,20.29,28.37,39.54,17.54,1.04
2015-12-14,2015,12,14,348,0.0,35.9,21.1,28.73,38.58,17.39,0.94
2015-12-15,2015,12,15,349,0.0,35.62,21.87,28.73,36.51,16.97,1.65
2015-12-16,2015,12,16,350,0.0,35.95,21.43,28.58,35.43,16.77,1.76
2015-12-17,2015,12,17,351,0.0,35.56,19.74,27.78,33.4,17.13,2.08
2015-12-18,2015,12,18,352,0.0,34.61,19.21,27.12,37.8,16.55,1.5
2015-12-19,2015,12,19,353,0.0,33.87,20.84,26.97,38.47,17.61,1.99
2015-12-20,2015,12,20,354,0.0,33.53,17.98,26.04,38.97,16.8,1.35
2015-12-21,2015,12,21,355,0.0,33.51,18.82,26.02,37.99,16.34,0.9
2015-12-22,2015,12,22,356,0.0,32.82,16.68,24.46,40.91,18.98,1.43
2015-12-23,2015,12,23,357,0.0,32.98,15.29,23.79,29.31,18.52,1.29
2015-12-24,2015,12,24,358,0.0,31.88,14.4,22.62,25.93,17.65,1.98
2015-12-25,2015,12,25,359,0.0,30.3,12.5,20.41,17.78,17.54,2.5
2015-12-26,2015,12,26,360,0.0,30.35,10.35,19.65,17.35,18.78,2.07
2015-12-27,2015,12,27,361,0.0,32.14,11.53,20.93,19.87,18.6,2.53
2015-12-28,2015,12,28,362,0.0,33.98,12.52,22.35,21.05,19.16,2.68
2015-12-29,2015,12,29,363,0.0,34.7,14.1,23.28,22.84,19.22,2.4
2015-12-30,2015,12,30,364,0.0,34.81,15.1,23.7,23.06,19.3,2.34
2015-12-31,2015,12,31,365,0.0,34.18,14.55,23.49,29.22,19.27,2.25
2016-01-01,2016,1,1,1,0.0,33.45,14.78,23.64,35.05,19.23,2.15
2016-01-02,2016,1,2,2,0.0,33.04,15.32,24.13,28.73,18.68,1.18
2016-01-03,2016,1,3,3,0.0,32.62,15.12,23.36,20.96,18.4,1.19
2016-01-04,2016,1,4,4,0.0,32.33,13.16,22.58,24.89,18.51,1.74
2016-01-05,2016,1,5,5,0.0,31.41,13.72,22.63,32.64,17.16,1.76
2016-01-06,2016,1,6,6,0.0,31.54,14.72,22.89,34.03,16.24,1.63
2016-01-07,2016,1,7,7,0.0,31.17,15.23,22.65,37.75,15.96,1.95
2016-01-08,2016,1,8,8,0.0,30.86,13.71,22.7,37.86,16.0,1.6
2016-01-09,2016,1,9,9,0.0,31.6,16.37,24.18,32.14,17.53,1.29
2016-01-10,2016,1,10,10,0.0,31.48,15.12,23.27,32.54,18.51,1.76
2016-01-11,2016,1,11,11,0.0,31.73,14.56,23.09,30.76,18.74,1.59
2016-01-12,2016,1,12,12,0.0,31.72,14.79,23.01,32.32,16.8,1.44
2016-01-13,2016,1,13,13,0.0,31.59,15.84,23.09,34.13,16.34,1.52
2016-01-14,2016,1,14,14,0.0,32.34,16.09,24.34,37.24,17.22,2.01
2016-01-15,2016,1,15,15,0.0,31.28,16.42,24.04,42.02,16.57,2.14
2016-01-16,2016,1,16,16,0.0,31.27,19.01,25.03,41.58,14.62,2.07
2016-01-17,2016,1,17,17,0.0,30.36,17.66,24.22,46.18,16.86,1.54
2016-01-18,2016,1,18,18,0.0,31.45,17.16,23.75,40.04,18.02,2.22
2016-01-19,2016,1,19,19,0.02,29.26,17.04,22.41,41.82,17.6,2.17
2016-01-20,2016,1,20,20,0.0,30.56,14.29,21.97,30.45,19.52,1.73
2016-01-21,2016,1,21,21,0.0,30.53,13.13,21.48,27.34,18.84,2.45
2016-01-22,2016,1,22,22,0.0,30.84,12.99,21.47,22.21,18.89,2.74
2016-01-23,2016,1,23,23,0.0,30.96,13.55,22.09,26.51,17.58,2.27
2016-01-24,2016,1,24,24,0.0,31.54,15.11,23.31,30.74,16.52,1.74
2016-01-25,2016,1,25,25,0.0,32.87,17.42,25.14,29.16,17.97,0.86
2016-01-26,2016,1,26,26,0.0,33.82,16.34,25.16,32.81,18.71,1.01
2016-01-27,2016,1,27,27,0.0,34.58,14.7,24.38,21.62,20.43,1.55
2016-01-28,2016,1,28,28,0.0,35.17,14.38,24.45,16.47,20.68,1.58
2016-01-29,2016,1,29,29,0.0,35.66,14.73,24.54,18.4,20.89,2.26
2016-01-30,2016,1,30,30,0.0,35.96,15.44,25.19,18.95,20.75,1.69
2016-01-31,2016,1,31,31,0.0,35.47,16.39,26.1,17.87,20.72,1.27
2016-02-01,2016,2,1,32,0.0,35.42,17.58,26.73,18.43,20.03,0.98
2016-02-02,2016,2,2,33,0.0,35.8,17.03,26.82,19.77,20.46,1.3
2016-02-03,2016,2,3,34,0.0,36.01,16.56,25.58,17.4,21.75,1.61
2016-02-04,2016,2,4,35,0.0,34.99,14.7,24.79,19.34,21.45,1.45
2016-02-05,2016,2,5,36,0.0,34.88,16.0,25.33,26.53,20.64,1.58
2016-02-06,2016,2,6,37,0.0,35.19,17.64,25.89,31.53,20.46,2.6
2016-02-07,2016,2,7,38,0.0,34.31,16.56,25.2,40.74,21.28,1.6
2016-02-08,2016,2,8,39,0.0,34.65,16.65,25.71,33.45,20.85,1.58
2016-02-09,2016,2,9,40,0.0,34.87,18.84,26.91,33.53,19.83,1.7
2016-02-10,2016,2,10,41,0.0,35.52,20.36,27.69,34.65,18.75,1.68
2016-02-11,2016,2,11,42,0.0,34.79,18.87,26.29,45.07,18.38,2.9
2016-02-12,2016,2,12,43,0.0,35.3,17.28,25.64,39.87,21.6,2.99
2016-02-13,2016,2,13,44,0.0,33.63,16.21,25.11,43.14,21.52,1.74
2016-02-14,2016,2,14,45,0.0,34.6,17.75,26.52,27.61,20.76,1.43
2016-02-15,2016,2,15,46,0.0,35.25,20.08,27.38,30.03,20.39,2.29
2016-02-16,2016,2,16,47,0.0,35.87,18.81,27.04,34.35,20.72,3.12
2016-02-17,2016,2,17,48,0.0,35.38,19.84,26.84,34.89,22.91,3.39
2016-02-18,2016,2,18,49,0.0,35.85,18.81,27.08,35.85,22.88,3.12
2016-02-19,2016,2,19,50,0.0,36.72,20.44,28.53,32.34,22.04,2.53
2016-02-20,2016,2,20,51,0.0,37.67,21.44,29.28,27.83,21.53,1.32
2016-02-21,2016,2,21,52,0.0,37.69,22.17,30.41,27.77,20.34,0.9
2016-02-22,2016,2,22,53,0.0,38.86,23.47,31.38,29.91,21.47,1.6
2016-02-23,2016,2,23,54,0.0,40.03,22.94,31.53,24.64,21.35,1.15
2016-02-24,2016,2,24,55,0.0,39.0,22.9,30.51,24.04,21.84,2.97
2016-02-25,2016,2,25,56,0.0,37.54,20.58,29.06,29.12,20.62,1.86
2016-02-26,2016,2,26,57,0.0,37.57,21.17,29.75,27.21,20.73,1.03
2016-02-27,2016,2,27,58,0.0,36.06,24.89,30.06,35.9,20.14,2.32
2016-02-28,2016,2,28,59,0.18,36.51,23.58,29.36,32.28,19.18,2.74
2016-02-29,2016,2,29,60,1.23,36.58,22.99,29.59,39.64,19.43,2.26
2016-03-01,2016,3,1,61,0.34,32.75,23.82,28.3,42.77,16.43,2.59
2016-03-02,2016,3,2,62,7.23,36.49,22.45,29.0,48.71,18.98,1.77
2016-03-03,2016,3,3,63,0.7,34.94,22.48,28.62,51.19,18.98,1.43
2016-03-04,2016,3,4,64,0.44,35.82,22.36,29.4,45.52,20.45,1.29
2016-03-05,2016,3,5,65,0.0,36.22,24.2,29.85,41.79,20.77,1.13
2016-03-06,2016,3,6,66,0.0,36.9,24.64,30.47,34.51,20.97,1.67
2016-03-07,2016,3,7,67,0.0,37.19,22.94,30.18,29.08,23.4,1.95
2016-03-08,2016,3,8,68,0.0,38.22,21.14,30.05,28.33,22.7,1.84
2016-03-09,2016,3,9,69,0.0,36.09,23.75,30.25,30.02,19.86,1.27
2016-03-10,2016,3,10,70,0.0,38.15,23.41,30.56,27.41,23.19,1.74
2016-03-11,2016,3,11,71,0.0,37.23,23.42,30.55,27.32,22.92,1.75
2016-03-12,2016,3,12,72,0.0,39.91,24.27,32.0,27.45,22.96,2.0
2016-03-13,2016,3,13,73,0.0,38.21,24.15,30.4,27.62,24.5,3.45
2016-03-14,2016,3,14,74,0.0,37.25,18.61,27.88,25.43,26.09,2.51
2016-03-15,2016,3,15,75,0.0,37.89,18.05,28.63,23.56,25.72,2.07
2016-03-16,2016,3,16,76,0.0,38.31,19.84,28.93,31.4,25.64,2.47
2016-03-17,2016,3,17,77,0.0,39.38,19.55,29.36,31.35,25.34,2.95
2016-03-18,2016,3,18,78,0.0,40.31,21.23,30.87,27.77,24.85,2.46
2016-03-19,2016,3,19,79,0.0,40.1,22.85,31.77,24.78,24.45,2.13
2016-03-20,2016,3,20,80,0.0,40.19,23.15,31.66,23.51,25.1,2.5
2016-03-21,2016,3,21,81,0.0,40.08,22.93,31.2,19.2,26.05,2.78
2016-03-22,2016,3,22,82,0.0,40.2,20.43,30.66,14.25,26.85,2.09
2016-03-23,2016,3,23,83,0.0,41.18,20.61,31.32,11.91,26.04,1.93
2016-03-24,2016,3,24,84,0.0,41.05,22.27,32.53,20.86,22.73,1.7
2016-03-25,2016,3,25,85,0.0,41.09,26.96,33.85,25.77,21.15,2.37
2016-03-26,2016,3,26,86,0.0,40.86,25.25,33.43,28.41,21.64,1.35
2016-03-27,2016,3,27,87,0.62,41.26,25.22,33.6,25.81,21.67,1.56
2016-03-28,2016,3,28,88,0.88,40.5,27.12,33.09,25.34,23.78,2.29
2016-03-29,2016,3,29,89,0.03,39.86,23.87,32.33,24.06,24.6,1.13
2016-03-30,2016,3,30,90,0.02,40.72,23.58,32.36,18.56,26.2,1.47
2016-03-31,2016,3,31,91,0.0,41.04,22.25,31.6,17.77,26.56,2.76
2016-04-01,2016,4,1,92,0.0,41.15,22.34,32.62,20.58,26.25,2.02
2016-04-02,2016,4,2,93,0.0,41.57,24.44,33.94,22.83,24.62,1.43
2016-04-03,2016,4,3,94,0.21,41.73,25.58,34.42,27.27,22.11,1.4
2016-04-04,2016,4,4,95,0.34,41.95,27.14,34.44,30.27,17.34,2.62
2016-04-05,2016,4,5,96,0.67,39.68,27.01,33.19,36.06,10.69,1.93
2016-04-06,2016,4,6,97,1.5,38.64,25.24,31.99,42.51,20.57,0.76
2016-04-07,2016,4,7,98,0.15,40.32,26.99,34.1,29.73,24.5,1.88
2016-04-08,2016,4,8,99,0.0,41.15,27.89,34.63,23.78,25.28,1.43
2016-04-09,2016,4,9,100,2.19,40.33,27.35,34.35,26.8,21.29,1.75
2016-04-10,2016,4,10,101,0.14,40.49,26.29,33.67,28.38,24.96,1.57
2016-04-11,2016,4,11,102,0.0,41.65,27.08,34.62,25.43,25.11,2.63
2016-04-12,2016,4,12,103,0.0,42.37,27.13,35.14,22.91,26.14,1.58
2016-04-13,2016,4,13,104,0.0,41.96,25.41,33.96,21.87,26.65,2.71
2016-04-14,2016,4,14,105,0.0,42.58,24.57,34.2,23.88,27.78,2.28
2016-04-15,2016,4,15,106,0.01,43.18,24.41,34.68,21.4,26.42,2.01
2016-04-16,2016,4,16,107,0.46,42.22,27.01,34.98,24.17,26.2,1.98
2016-04-17,2016,4,17,108,0.0,42.96,25.5,34.55,25.46,27.13,2.52
2016-04-18,2016,4,18,109,0.0,43.25,27.27,35.62,22.29,25.52,2.17
2016-04-19,2016,4,19,110,0.22,42.13,30.15,35.95,24.58,21.51,1.92
2016-04-20,2016,4,20,111,0.01,43.17,27.62,35.92,30.03,23.34,2.0
2016-04-21,2016,4,21,112,0.0,43.83,28.89,36.53,24.89,24.54,3.11
2016-04-22,2016,4,22,113,0.0,42.62,27.91,34.35,24.77,25.12,4.26
2016-04-23,2016,4,23,114,0.0,42.55,23.5,33.07,24.96,28.32,4.21
2016-04-24,2016,4,24,115,0.0,42.28,22.84,32.8,29.41,28.52,3.69
2016-04-25,2016,4,25,116,0.0,42.46,23.16,33.16,26.88,28.66,2.62
2016-04-26,2016,4,26,117,0.0,43.0,23.68,33.9,23.99,27.74,2.67
2016-04-27,2016,4,27,118,0.5,43.36,26.77,35.76,24.09,25.45,1.74
2016-04-28,2016,4,28,119,0.03,42.38,30.27,36.44,27.06,24.05,2.12
2016-04-29,2016,4,29,120,0.28,42.13,28.17,35.59,25.38,23.85,2.24
2016-04-30,2016,4,30,121,3.25,41.9,26.24,34.87,30.26,26.0,1.59
2016-05-01,2016,5,1,122,0.0,42.52,26.44,34.84,24.45,27.05,2.56
2016-05-02,2016,5,2,123,0.08,42.72,24.97,34.63,25.94,27.12,2.9
2016-05-03,2016,5,3,124,0.0,42.75,27.39,35.26,21.99,27.23,2.89
2016-05-04,2016,5,4,125,0.42,42.14,25.65,34.32,23.96,25.59,2.56
2016-05-05,2016,5,5,126,0.45,40.72,25.04,33.04,28.84,26.62,3.1
2016-05-06,2016,5,6,127,0.0,39.46,25.62,32.95,30.93,23.77,2.39
2016-05-07,2016,5,7,128,0.37,40.12,24.68,32.3,30.28,27.74,2.33
2016-05-08,2016,5,8,129,0.52,40.69,24.03,32.83,34.26,26.63,2.53
2016-05-09,2016,5,9,130,0.24,40.83,27.07,34.08,34.02,23.75,3.35
2016-05-10,2016,5,10,131,0.04,40.24,27.13,34.13,33.65,25.13,1.87
2016-05-11,2016,5,11,132,3.95,41.05,27.71,34.42,33.89,23.62,1.32
2016-05-12,2016,5,12,133,1.35,40.76,27.97,34.84,37.75,22.92,1.78
2016-05-13,2016,5,13,134,3.2,41.88,28.22,35.22,37.05,23.42,2.27
2016-05-14,2016,5,14,135,0.85,41.6,27.89,34.92,42.68,21.05,2.25
2016-05-15,2016,5,15,136,0.27,41.66,29.22,35.51,38.39,21.09,1.43
2016-05-16,2016,5,16,137,0.01,42.22,28.87,35.92,35.92,21.9,1.41
2016-05-17,2016,5,17,138,2.39,42.96,29.29,36.19,31.57,22.52,2.12
2016-05-18,2016,5,18,139,0.78,42.59,27.97,35.15,38.91,22.21,3.83
2016-05-19,2016,5,19,140,0.18,41.8,27.67,34.53,41.21,20.47,4.5
2016-05-20,2016,5,20,141,0.01,39.79,26.63,33.02,44.72,24.53,6.24
2016-05-21,2016,5,21,142,0.0,40.41,25.5,32.8,46.44,26.48,5.79
2016-05-22,2016,5,22,143,0.0,42.65,26.02,33.66,42.76,27.33,5.82
2016-05-23,2016,5,23,144,0.0,42.58,25.2,33.31,46.63,27.3,5.74
2016-05-24,2016,5,24,145,0.0,42.26,25.15,33.61,42.51,26.93,4.85
2016-05-25,2016,5,25,146,0.24,40.5,25.31,32.56,46.53,26.73,5.95
2016-05-26,2016,5,26,147,0.81,40.1,25.5,32.71,47.8,26.79,4.4
2016-05-27,2016,5,27,148,2.02,40.39,26.19,33.19,46.23,26.54,4.6
2016-05-28,2016,5,28,149,0.1,40.19,26.39,33.4,45.21,26.94,4.83
2016-05-29,2016,5,29,150,0.01,40.8,26.39,33.27,43.54,26.3,5.23
2016-05-30,2016,5,30,151,0.0,40.65,25.77,33.31,41.31,27.33,4.43
2016-05-31,2016,5,31,152,0.5,40.37,25.8,33.36,39.16,26.11,4.03
2016-06-01,2016,6,1,153,2.29,40.03,26.26,33.55,42.39,23.09,3.71
2016-06-02,2016,6,2,154,12.16,37.5,26.69,31.78,52.32,22.05,3.37
2016-06-03,2016,6,3,155,9.74,36.3,25.12,30.03,62.11,22.96,3.15
2016-06-04,2016,6,4,156,10.97,37.61,24.99,30.46,63.24,21.39,3.65
2016-06-05,2016,6,5,157,7.58,32.86,25.27,28.23,71.5,12.67,4.06
2016-06-06,2016,6,6,158,2.3,31.6,24.66,27.67,71.25,8.99,3.07
2016-06-07,2016,6,7,159,0.87,35.05,23.75,29.07,65.15,19.22,3.58
2016-06-08,2016,6,8,160,1.24,34.0,24.42,28.89,67.61,17.2,2.88
2016-06-09,2016,6,9,161,4.06,32.7,24.54,28.2,71.48,18.86,2.8
2016-06-10,2016,6,10,162,1.84,34.77,24.07,28.68,64.53,11.1,3.67
2016-06-11,2016,6,11,163,3.82,32.33,23.59,26.96,68.89,12.74,4.32
2016-06-12,2016,6,12,164,2.91,35.28,21.88,27.93,63.74,16.19,4.82
2016-06-13,2016,6,13,165,1.75,35.61,23.45,28.65,65.31,20.08,4.92
2016-06-14,2016,6,14,166,0.15,36.5,23.96,29.27,63.17,23.02,5.15
2016-06-15,2016,6,15,167,0.11,36.44,23.38,29.07,63.19,22.97,5.34
2016-06-16,2016,6,16,168,0.01,36.95,23.17,29.47,60.94,23.92,4.97
2016-06-17,2016,6,17,169,0.34,35.26,23.24,29.15,58.73,22.02,4.81
2016-06-18,2016,6,18,170,6.91,36.32,23.69,29.07,63.18,16.98,3.77
2016-06-19,2016,6,19,171,18.82,31.66,24.12,27.18,73.15,11.09,4.15
2016-06-20,2016,6,20,172,2.81,29.71,23.25,26.03,74.78,12.55,3.46
2016-06-21,2016,6,21,173,1.1,34.36,21.99,27.67,69.24,20.31,2.09
2016-06-22,2016,6,22,174,0.24,31.95,23.44,26.78,73.64,17.9,3.51
2016-06-23,2016,6,23,175,0.08,34.65,22.61,27.61,66.57,21.04,4.9
2016-06-24,2016,6,24,176,0.37,31.47,22.37,26.19,71.37,18.69,4.25
2016-06-25,2016,6,25,177,0.51,30.22,22.56,25.95,73.93,17.03,5.06
2016-06-26,2016,6,26,178,0.6,32.28,22.7,26.67,71.27,13.76,4.08
2016-06-27,2016,6,27,179,0.41,31.72,22.97,26.51,73.24,16.85,4.3
2016-06-28,2016,6,28,180,0.51,31.45,23.15,26.83,72.21,14.0,4.62
2016-06-29,2016,6,29,181,2.76,31.91,23.68,27.08,72.6,13.12,5.05
2016-06-30,2016,6,30,182,1.47,32.04,23.38,27.15,72.3,13.05,5.03
2016-07-01,2016,7,1,183,1.35,34.2,23.33,27.34,73.43,16.56,5.42
2016-07-02,2016,7,2,184,1.26,31.37,24.28,27.1,73.78,15.02,6.03
2016-07-03,2016,7,3,185,2.3,30.44,23.42,26.37,76.36,11.92,5.76
2016-07-04,2016,7,4,186,1.5,31.19,22.74,26.44,76.4,15.58,5.08
2016-07-05,2016,7,5,187,0.53,30.22,23.56,26.48,76.83,17.0,5.25
2016-07-06,2016,7,6,188,0.5,31.99,23.1,27.2,72.48,14.0,5.25
2016-07-07,2016,7,7,189,1.08,33.86,22.98,27.65,68.9,12.25,5.75
2016-07-08,2016,7,8,190,0.66,32.75,22.77,26.9,71.69,10.6,5.75
2016-07-09,2016,7,9,191,3.92,29.21,23.27,25.78,77.31,9.88,6.85
2016-07-10,2016,7,10,192,6.67,29.16,24.06,26.01,77.37,10.6,7.85
2016-07-11,2016,7,11,193,14.85,27.97,23.63,25.5,82.49,9.55,6.83
2016-07-12,2016,7,12,194,5.79,32.15,23.06,26.39,76.28,13.82,5.78
2016-07-13,2016,7,13,195,0.88,33.77,22.18,27.12,71.59,20.0,5.56
2016-07-14,2016,7,14,196,0.21,33.69,22.22,26.76,72.04,17.07,4.56
2016-07-15,2016,7,15,197,0.05,33.1,22.25,27.22,70.28,21.75,4.04
2016-07-16,2016,7,16,198,0.03,34.52,22.12,27.62,68.0,18.94,4.33
2016-07-17,2016,7,17,199,0.49,32.62,22.55,27.09,70.27,17.15,3.15
2016-07-18,2016,7,18,200,0.93,31.24,22.21,26.12,74.82,13.04,3.3
2016-07-19,2016,7,19,201,5.76,31.75,22.22,25.94,74.97,12.57,4.05
2016-07-20,2016,7,20,202,56.37,30.02,22.29,25.5,81.43,14.52,3.96
2016-07-21,2016,7,21,203,3.24,30.31,22.24,25.55,79.57,13.04,3.52
2016-07-22,2016,7,22,204,20.53,27.38,22.24,24.31,85.47,9.16,3.5
2016-07-23,2016,7,23,205,4.13,27.91,21.97,24.65,83.09,16.24,2.91
2016-07-24,2016,7,24,206,2.74,30.94,21.91,25.71,78.36,21.99,3.5
2016-07-25,2016,7,25,207,1.0,30.78,22.45,25.75,78.53,19.4,3.22
2016-07-26,2016,7,26,208,1.47,31.11,22.33,25.97,76.7,19.78,2.24
2016-07-27,2016,7,27,209,2.59,30.46,22.69,26.0,78.2,15.8,2.2
2016-07-28,2016,7,28,210,11.81,31.86,22.35,26.29,77.3,18.06,2.6
2016-07-29,2016,7,29,211,3.27,27.94,22.4,24.43,82.06,13.0,3.74
2016-07-30,2016,7,30,212,28.49,28.89,21.98,25.07,82.95,16.98,3.37
2016-07-31,2016,7,31,213,9.85,27.86,21.68,24.54,84.69,13.64,4.23
2016-08-01,2016,8,1,214,4.44,29.8,22.4,25.19,81.39,14.27,5.96
2016-08-02,2016,8,2,215,3.89,27.59,22.13,24.33,82.37,11.82,6.7
2016-08-03,2016,8,3,216,4.19,28.31,22.28,24.76,81.6,15.23,5.99
2016-08-04,2016,8,4,217,3.06,30.27,21.97,25.48,79.3,18.32,5.39
2016-08-05,2016,8,5,218,5.06,32.42,21.68,26.3,77.07,15.04,6.2
2016-08-06,2016,8,6,219,1.33,32.08,22.43,26.26,75.16,17.51,6.53
2016-08-07,2016,8,7,220,1.3,31.63,22.16,25.93,75.42,15.94,5.68
2016-08-08,2016,8,8,221,0.42,32.33,21.62,26.14,74.88,20.99,5.49
2016-08-09,2016,8,9,222,0.31,31.99,21.46,25.92,75.34,17.28,5.1
2016-08-10,2016,8,10,223,0.29,32.19,21.63,26.11,74.7,17.38,5.23
2016-08-11,2016,8,11,224,1.1,32.49,21.56,26.03,75.16,16.1,4.51
2016-08-12,2016,8,12,225,3.2,32.65,21.48,26.23,75.31,16.63,4.11
2016-08-13,2016,8,13,226,1.33,32.27,21.6,26.24,74.66,14.49,4.54
2016-08-14,2016,8,14,227,0.22,32.7,21.67,26.28,73.0,17.81,5.09
2016-08-15,2016,8,15,228,0.31,32.75,21.23,26.2,72.93,17.9,5.14
2016-08-16,2016,8,16,229,0.08,30.81,21.53,25.55,75.82,19.18,5.42
2016-08-17,2016,8,17,230,0.03,32.64,21.19,26.21,72.94,19.29,4.99
2016-08-18,2016,8,18,231,0.2,32.39,21.33,26.07,72.76,19.01,4.17
2016-08-19,2016,8,19,232,0.1,32.91,20.96,26.21,71.88,20.64,3.76
2016-08-20,2016,8,20,233,0.56,33.17,20.61,26.28,71.61,20.82,3.89
2016-08-21,2016,8,21,234,1.27,34.1,21.11,26.7,71.98,17.78,4.05
2016-08-22,2016,8,22,235,0.54,33.27,21.35,26.41,73.6,19.27,3.66
2016-08-23,2016,8,23,236,3.88,33.72,22.03,26.96,73.39,16.41,3.84
2016-08-24,2016,8,24,237,2.17,33.96,22.14,27.21,72.84,19.77,3.69
2016-08-25,2016,8,25,238,0.32,33.54,22.12,27.01,72.16,17.04,3.1
2016-08-26,2016,8,26,239,0.13,33.6,21.82,27.03,70.36,20.97,3.2
2016-08-27,2016,8,27,240,0.53,31.73,22.09,26.12,73.68,18.79,3.26
2016-08-28,2016,8,28,241,0.58,32.33,21.98,26.41,74.82,15.02,3.11
2016-08-29,2016,8,29,242,0.11,33.11,22.06,27.02,73.55,16.76,3.05
2016-08-30,2016,8,30,243,1.01,30.87,23.03,26.24,76.91,15.94,2.68
2016-08-31,2016,8,31,244,1.02,31.77,22.23,26.24,74.68,13.0,3.04
2016-09-01,2016,9,1,245,0.88,30.39,21.79,25.33,77.62,15.7,2.88
2016-09-02,2016,9,2,246,0.07,32.11,21.89,26.17,72.42,15.09,3.31
2016-09-03,2016,9,3,247,0.65,32.36,21.16,25.8,71.42,16.66,3.57
2016-09-04,2016,9,4,248,0.06,32.74,20.8,25.95,68.57,16.81,3.47
2016-09-05,2016,9,5,249,0.01,33.81,20.65,26.28,66.02,22.54,3.56
2016-09-06,2016,9,6,250,1.28,32.72,20.67,25.76,67.44,21.57,3.63
2016-09-07,2016,9,7,251,1.0,33.46,20.08,25.97,66.12,22.73,3.39
2016-09-08,2016,9,8,252,0.13,33.46,19.98,26.04,65.44,21.49,3.32
2016-09-09,2016,9,9,253,0.12,32.65,20.59,25.96,65.82,20.49,3.17
2016-09-10,2016,9,10,254,2.23,29.62,21.58,24.93,73.16,10.65,3.17
2016-09-11,2016,9,11,255,0.1,31.25,21.04,25.51,70.37,12.15,3.2
2016-09-12,2016,9,12,256,0.68,31.65,21.01,25.71,68.69,11.64,2.87
2016-09-13,2016,9,13,257,17.07,28.04,21.38,24.29,79.23,8.43,2.52
2016-09-14,2016,9,14,258,21.27,30.28,21.65,24.92,80.04,6.22,3.49
2016-09-15,2016,9,15,259,21.07,28.8,22.15,24.49,85.54,7.58,3.75
2016-09-16,2016,9,16,260,12.7,27.31,21.84,24.04,85.58,8.83,4.04
2016-09-17,2016,9,17,261,4.71,31.37,21.94,25.38,78.58,13.84,5.3
2016-09-18,2016,9,18,262,1.37,29.16,21.19,24.54,79.02,16.3,5.05
2016-09-19,2016,9,19,263,1.42,32.15,20.23,25.14,73.92,15.42,4.72
2016-09-20,2016,9,20,264,3.83,30.77,20.93,24.54,80.18,10.27,4.44
2016-09-21,2016,9,21,265,12.82,27.41,21.82,24.13,85.76,10.75,2.89
2016-09-22,2016,9,22,266,12.66,27.93,21.9,24.41,86.07,12.94,1.48
2016-09-23,2016,9,23,267,27.47,27.11,22.45,24.35,88.48,9.19,2.48
2016-09-24,2016,9,24,268,30.18,26.23,22.83,24.18,91.04,8.99,4.04
2016-09-25,2016,9,25,269,19.61,30.02,22.2,25.3,83.22,14.69,3.68
2016-09-26,2016,9,26,270,13.87,30.24,22.18,25.47,83.64,16.45,3.05
2016-09-27,2016,9,27,271,1.68,31.38,21.89,26.01,79.78,18.19,2.94
2016-09-28,2016,9,28,272,0.27,32.21,22.01,26.21,75.95,20.58,2.77
2016-09-29,2016,9,29,273,0.84,31.6,21.66,25.88,77.87,20.81,2.68
2016-09-30,2016,9,30,274,2.33,30.7,21.93,25.45,78.47,17.02,3.09
2016-10-01,2016,10,1,275,27.1,27.95,21.49,24.15,85.41,6.32,2.74
2016-10-02,2016,10,2,276,5.82,30.21,21.33,24.82,82.38,7.78,2.86
2016-10-03,2016,10,3,277,2.87,30.68,20.89,25.01,81.71,11.85,3.35
2016-10-04,2016,10,4,278,0.96,31.11,20.95,24.99,79.19,11.95,3.03
2016-10-05,2016,10,5,279,0.05,31.12,20.52,25.03,78.23,16.24,3.28
2016-10-06,2016,10,6,280,0.0,30.11,20.1,24.31,77.18,21.22,2.41
2016-10-07,2016,10,7,281,0.0,31.34,19.85,25.26,76.32,21.68,1.58
2016-10-08,2016,10,8,282,0.53,29.58,21.96,25.23,80.45,18.66,2.43
2016-10-09,2016,10,9,283,1.26,30.81,21.4,25.55,79.08,18.2,2.08
2016-10-10,2016,10,10,284,1.43,32.13,21.28,26.23,72.28,18.73,0.86
2016-10-11,2016,10,11,285,0.48,31.22,20.75,25.52,73.26,19.04,1.0
2016-10-12,2016,10,12,286,0.55,32.2,19.45,25.32,71.01,19.71,1.2
2016-10-13,2016,10,13,287,0.01,31.75,18.12,24.35,69.03,21.29,1.8
2016-10-14,2016,10,14,288,0.0,31.43,17.58,24.06,69.87,21.53,1.81
2016-10-15,2016,10,15,289,0.01,30.62,17.09,23.0,69.84,21.87,2.03
2016-10-16,2016,10,16,290,0.0,30.78,17.26,23.3,66.9,21.86,1.71
2016-10-17,2016,10,17,291,0.0,30.96,17.22,23.58,66.7,20.0,1.63
2016-10-18,2016,10,18,292,0.0,30.69,16.19,22.65,64.55,21.8,1.83
2016-10-19,2016,10,19,293,0.0,30.84,15.72,22.59,64.9,22.07,1.66
2016-10-20,2016,10,20,294,0.0,31.05,17.3,23.19,63.79,21.21,1.59
2016-10-21,2016,10,21,295,0.0,31.25,16.97,23.03,63.31,21.18,1.76
2016-10-22,2016,10,22,296,0.0,30.81,15.3,22.54,64.53,20.46,1.73
2016-10-23,2016,10,23,297,0.0,30.93,16.56,22.96,65.77,20.27,1.35
2016-10-24,2016,10,24,298,0.0,30.3,17.15,23.28,66.74,17.33,1.09
2016-10-25,2016,10,25,299,0.0,30.5,17.1,23.03,66.72,19.13,1.41
2016-10-26,2016,10,26,300,0.0,29.66,15.84,21.96,66.86,21.04,1.99
2016-10-27,2016,10,27,301,0.0,30.5,15.4,22.02,66.73,19.7,2.43
2016-10-28,2016,10,28,302,0.0,30.38,13.96,21.15,62.92,21.79,1.92
2016-10-29,2016,10,29,303,0.0,30.71,13.54,21.74,58.85,20.89,1.22
2016-10-30,2016,10,30,304,0.0,31.05,15.98,23.3,76.13,16.87,2.09
2016-10-31,2016,10,31,305,0.0,30.71,19.52,24.18,75.23,15.81,2.63
2016-11-01,2016,11,1,306,0.0,30.85,16.87,22.48,65.63,19.85,2.55
2016-11-02,2016,11,2,307,0.0,30.62,15.21,21.58,65.73,20.12,2.19
2016-11-03,2016,11,3,308,0.0,30.79,13.55,21.29,65.8,20.23,1.91
2016-11-04,2016,11,4,309,0.0,30.05,13.54,21.01,66.47,19.72,1.86
2016-11-05,2016,11,5,310,0.0,30.42,14.6,21.63,66.69,18.81,1.54
2016-11-06,2016,11,6,311,0.0,30.14,15.22,21.85,67.51,18.41,1.72
2016-11-07,2016,11,7,312,0.0,30.59,14.58,21.27,58.88,19.6,2.0
2016-11-08,2016,11,8,313,0.0,30.2,12.55,20.46,59.94,20.11,1.82
2016-11-09,2016,11,9,314,0.0,29.44,12.81,20.09,58.63,20.07,1.87
2016-11-10,2016,11,10,315,0.0,29.9,12.66,20.21,54.46,19.83,1.7
2016-11-11,2016,11,11,316,0.0,29.79,11.76,19.59,56.55,19.33,1.73
2016-11-12,2016,11,12,317,0.0,29.3,11.28,19.34,57.39,18.62,1.81
2016-11-13,2016,11,13,318,0.0,29.89,12.68,20.65,65.18,17.18,1.71
2016-11-14,2016,11,14,319,0.02,30.95,14.76,22.21,68.07,15.76,1.59
2016-11-15,2016,11,15,320,0.61,31.18,16.5,23.25,71.7,14.07,1.99
2016-11-16,2016,11,16,321,0.85,30.96,17.5,23.2,72.64,14.13,2.27
2016-11-17,2016,11,17,322,0.0,30.68,15.9,21.73,63.63,17.96,2.45
2016-11-18,2016,11,18,323,0.0,29.97,14.44,20.73,62.68,16.98,2.18
2016-11-19,2016,11,19,324,0.0,28.65,13.59,19.34,58.21,18.15,1.8
2016-11-20,2016,11,20,325,0.0,30.62,11.42,20.02,56.25,18.84,1.48
2016-11-21,2016,11,21,326,0.0,30.95,12.16,20.52,57.09,18.78,1.59
2016-11-22,2016,11,22,327,0.0,30.74,12.06,20.41,53.57,19.55,1.63
2016-11-23,2016,11,23,328,0.0,31.02,11.62,20.25,53.47,19.46,1.77
2016-11-24,2016,11,24,329,0.0,30.53,11.38,19.85,53.36,19.59,1.85
2016-11-25,2016,11,25,330,0.0,31.06,11.42,20.04,53.89,19.88,2.03
2016-11-26,2016,11,26,331,0.0,31.84,11.71,20.39,51.69,20.15,1.96
2016-11-27,2016,11,27,332,0.0,32.74,13.01,21.27,48.48,19.83,1.79
2016-11-28,2016,11,28,333,0.0,33.48,13.59,21.86,47.68,19.84,1.48
2016-11-29,2016,11,29,334,0.0,33.07,13.28,21.81,49.44,18.94,1.41
2016-11-30,2016,11,30,335,0.0,31.97,12.54,21.18,51.21,18.68,1.56
2016-12-01,2016,12,1,336,0.0,32.09,13.21,21.34,55.22,13.12,1.68
2016-12-02,2016,12,2,337,0.0,32.54,14.22,22.28,56.63,18.04,2.18
2016-12-03,2016,12,3,338,0.0,31.13,16.01,23.33,68.41,15.72,2.92
2016-12-04,2016,12,4,339,0.01,31.1,18.97,24.44,70.98,13.1,2.6
2016-12-05,2016,12,5,340,0.0,30.92,17.37,23.06,61.4,15.14,2.37
2016-12-06,2016,12,6,341,0.0,30.17,15.14,21.42,50.84,18.11,2.22
2016-12-07,2016,12,7,342,0.0,29.96,12.27,20.19,55.7,17.9,1.97
2016-12-08,2016,12,8,343,0.0,30.69,12.17,20.34,47.94,18.71,1.56
2016-12-09,2016,12,9,344,0.0,30.23,10.87,19.55,42.53,19.33,1.66
2016-12-10,2016,12,10,345,0.0,30.35,10.0,18.99,41.96,19.25,1.71
2016-12-11,2016,12,11,346,0.0,29.99,10.2,18.99,47.48,18.72,1.88
2016-12-12,2016,12,12,347,0.0,32.14,10.55,20.13,46.51,18.95,2.1
2016-12-13,2016,12,13,348,0.25,31.94,13.62,22.34,52.46,17.65,2.71
2016-12-14,2016,12,14,349,1.28,29.39,17.93,23.2,73.23,7.64,2.65
2016-12-15,2016,12,15,350,0.01,31.11,18.53,23.94,64.72,14.42,2.37
2016-12-16,2016,12,16,351,0.0,31.59,17.25,24.14,63.22,15.4,2.16
2016-12-17,2016,12,17,352,0.0,31.57,16.45,23.45,55.56,16.69,1.75
2016-12-18,2016,12,18,353,0.0,31.37,14.3,22.07,49.57,18.19,1.41
2016-12-19,2016,12,19,354,0.0,31.2,12.01,20.71,44.34,18.71,1.56
2016-12-20,2016,12,20,355,0.0,31.31,11.16,20.25,40.19,19.05,1.77
2016-12-21,2016,12,21,356,0.0,31.55,11.07,20.4,37.0,19.04,1.48
2016-12-22,2016,12,22,357,0.0,32.81,12.55,21.07,33.35,19.23,1.57
2016-12-23,2016,12,23,358,0.0,32.69,11.33,20.81,31.07,19.62,1.65
2016-12-24,2016,12,24,359,0.0,32.67,12.72,21.53,27.86,19.74,1.57
2016-12-25,2016,12,25,360,0.0,32.96,11.48,21.63,30.4,19.23,1.26
2016-12-26,2016,12,26,361,0.0,31.74,13.13,21.86,32.36,18.43,1.46
2016-12-27,2016,12,27,362,0.0,31.27,10.62,19.95,33.52,18.89,1.79
2016-12-28,2016,12,28,363,0.0,30.77,10.11,19.78,32.68,18.96,1.74
2016-12-29,2016,12,29,364,0.0,31.07,11.3,20.21,40.55,18.07,1.93
2016-12-30,2016,12,30,365,0.0,30.9,12.23,20.86,39.6,17.89,1.7
2016-12-31,2016,12,31,366,0.0,30.2,12.33,21.37,45.79,17.03,1.53
2017-01-01,2017,1,1,1,0.0,31.16,12.86,22.12,41.83,17.19,1.4
2017-01-02,2017,1,2,2,0.0,30.82,15.77,22.52,37.17,17.25,1.13
2017-01-03,2017,1,3,3,0.0,30.72,11.74,20.16,34.35,18.71,2.25
2017-01-04,2017,1,4,4,0.0,30.47,10.8,19.87,31.73,18.86,1.61
2017-01-05,2017,1,5,5,0.0,30.47,11.01,20.1,31.28,18.95,1.63
2017-01-06,2017,1,6,6,0.0,31.25,10.84,20.72,30.37,19.04,1.2
2017-01-07,2017,1,7,7,0.0,31.24,12.85,21.74,28.0,18.93,0.97
2017-01-08,2017,1,8,8,0.0,31.76,10.92,21.48,37.72,18.76,1.11
2017-01-09,2017,1,9,9,0.0,30.46,13.23,21.62,46.37,17.88,1.11
2017-01-10,2017,1,10,10,0.0,30.39,12.59,20.83,43.61,18.6,1.66
2017-01-11,2017,1,11,11,0.0,30.15,10.78,20.2,33.17,18.57,1.36
2017-01-12,2017,1,12,12,0.0,29.47,10.93,19.83,28.02,18.33,1.49
2017-01-13,2017,1,13,13,0.0,29.43,11.86,20.48,35.42,16.87,1.38
2017-01-14,2017,1,14,14,0.0,28.81,15.13,21.81,44.52,13.56,2.47
2017-01-15,2017,1,15,15,0.0,30.53,15.92,22.95,49.99,15.19,1.99
2017-01-16,2017,1,16,16,0.0,30.04,15.2,22.66,42.71,14.96,1.51
2017-01-17,2017,1,17,17,0.0,30.92,16.09,23.05,39.72,15.99,1.19
2017-01-18,2017,1,18,18,0.0,30.73,14.76,22.09,36.07,17.82,2.41
2017-01-19,2017,1,19,19,0.0,30.3,13.82,21.41,41.23,18.7,2.33
2017-01-20,2017,1,20,20,0.0,30.57,13.54,21.43,38.93,17.47,2.18
2017-01-21,2017,1,21,21,0.0,32.36,13.84,22.74,36.96,19.84,2.04
2017-01-22,2017,1,22,22,0.0,33.79,15.37,24.25,36.64,20.05,2.06
2017-01-23,2017,1,23,23,0.0,33.29,16.19,24.21,36.71,19.14,2.11
2017-01-24,2017,1,24,24,0.0,33.76,16.12,24.17,33.42,18.34,2.87
2017-01-25,2017,1,25,25,0.0,32.53,15.03,23.45,34.93,19.22,2.07
2017-01-26,2017,1,26,26,0.0,32.17,16.99,24.09,37.57,14.07,2.57
2017-01-27,2017,1,27,27,0.0,33.16,17.1,24.6,36.08,19.1,1.45
2017-01-28,2017,1,28,28,0.0,33.26,16.45,23.84,31.8,19.08,2.4
2017-01-29,2017,1,29,29,0.0,32.85,14.61,23.33,27.98,19.37,1.93
2017-01-30,2017,1,30,30,0.0,34.01,14.36,24.42,19.83,20.77,1.62
2017-01-31,2017,1,31,31,0.0,34.22,15.24,24.79,19.36,20.9,1.29
2017-02-01,2017,2,1,32,0.0,34.49,17.4,25.5,22.81,20.39,1.25
2017-02-02,2017,2,2,33,0.0,33.84,15.79,24.74,29.77,20.24,2.02
2017-02-03,2017,2,3,34,0.0,33.05,16.55,24.78,35.89,19.24,1.95
2017-02-04,2017,2,4,35,0.0,34.33,16.37,24.8,26.71,20.6,1.9
2017-02-05,2017,2,5,36,0.0,34.4,15.13,24.53,24.75,21.36,1.73
2017-02-06,2017,2,6,37,0.0,34.04,15.15,24.41,26.79,20.84,1.17
2017-02-07,2017,2,7,38,0.0,34.01,14.83,24.24,28.02,20.65,1.67
2017-02-08,2017,2,8,39,0.0,34.67,15.96,24.84,25.27,20.21,1.99
2017-02-09,2017,2,9,40,0.0,34.61,17.44,25.51,25.38,19.8,0.96
2017-02-10,2017,2,10,41,0.0,34.64,17.77,25.63,24.81,19.71,1.63
2017-02-11,2017,2,11,42,0.0,34.66,16.82,25.0,28.68,19.79,2.1
2017-02-12,2017,2,12,43,0.0,34.09,16.35,24.7,29.03,21.26,2.07
2017-02-13,2017,2,13,44,0.0,33.73,16.36,24.71,34.14,21.54,2.94
2017-02-14,2017,2,14,45,0.0,34.05,16.33,24.82,33.59,21.25,2.85
2017-02-15,2017,2,15,46,0.0,34.21,17.79,25.36,33.38,21.08,3.06
2017-02-16,2017,2,16,47,0.0,34.98,15.92,24.99,28.44,22.22,3.1
2017-02-17,2017,2,17,48,0.0,36.09,16.72,25.59,23.8,23.02,3.07
2017-02-18,2017,2,18,49,0.0,36.66,17.34,26.28,22.7,23.44,2.79
2017-02-19,2017,2,19,50,0.0,36.65,17.77,26.9,20.66,23.95,1.69
2017-02-20,2017,2,20,51,0.0,37.25,18.74,27.83,16.52,23.69,0.97
2017-02-21,2017,2,21,52,0.0,37.51,17.12,27.38,25.27,24.01,2.09
2017-02-22,2017,2,22,53,0.0,37.71,16.78,27.91,30.59,24.02,1.26
2017-02-23,2017,2,23,54,0.0,38.28,18.17,28.33,16.48,24.28,1.85
2017-02-24,2017,2,24,55,0.0,38.06,17.58,27.72,17.27,24.14,2.11
2017-02-25,2017,2,25,56,0.0,37.24,16.88,26.78,14.05,23.79,2.29
2017-02-26,2017,2,26,57,0.0,37.32,17.29,26.93,10.82,24.57,2.03
2017-02-27,2017,2,27,58,0.0,37.31,16.44,26.5,11.76,24.13,2.45
2017-02-28,2017,2,28,59,0.0,37.33,17.46,27.09,21.23,23.83,2.25
2017-03-01,2017,3,1,60,0.0,37.55,17.2,27.36,17.18,23.89,2.24
2017-03-02,2017,3,2,61,0.0,36.73,17.55,27.14,23.28,22.98,2.15
2017-03-03,2017,3,3,62,0.0,37.22,18.44,27.91,18.13,24.08,2.02
2017-03-04,2017,3,4,63,0.0,36.79,17.89,27.92,23.6,23.94,1.02
2017-03-05,2017,3,5,64,0.0,37.53,17.5,27.62,20.7,24.65,1.77
2017-03-06,2017,3,6,65,0.0,38.03,17.32,27.58,21.88,24.83,2.61
2017-03-07,2017,3,7,66,0.0,37.39,17.02,26.83,26.09,25.51,2.6
2017-03-08,2017,3,8,67,0.0,36.17,17.47,26.95,27.82,25.07,2.29
2017-03-09,2017,3,9,68,0.0,37.02,18.59,27.72,25.35,24.91,2.89
2017-03-10,2017,3,10,69,0.0,36.2,17.7,26.45,30.63,25.72,4.21
2017-03-11,2017,3,11,70,0.0,34.48,15.81,24.95,38.41,26.19,3.0
2017-03-12,2017,3,12,71,0.0,35.14,15.67,25.37,25.83,26.66,1.69
2017-03-13,2017,3,13,72,0.0,36.6,16.38,27.19,13.51,25.69,1.19
2017-03-14,2017,3,14,73,0.02,37.05,17.5,27.93,24.81,24.5,1.53
2017-03-15,2017,3,15,74,2.39,36.48,23.09,29.84,40.01,18.4,2.72
2017-03-16,2017,3,16,75,5.66,35.65,22.38,29.01,47.82,22.25,1.21
2017-03-17,2017,3,17,76,0.01,36.85,19.93,28.44,30.93,25.62,2.19
2017-03-18,2017,3,18,77,0.0,37.08,18.15,28.25,26.87,25.53,1.6
2017-03-19,2017,3,19,78,0.0,38.24,19.85,29.22,25.03,25.29,2.13
2017-03-20,2017,3,20,79,0.0,37.61,18.8,29.02,23.26,26.31,1.71
2017-03-21,2017,3,21,80,0.0,37.79,19.87,29.31,22.08,26.43,1.56
2017-03-22,2017,3,22,81,0.0,38.55,20.64,29.93,21.28,25.92,1.53
2017-03-23,2017,3,23,82,0.0,39.49,19.57,30.2,19.12,25.71,1.75
2017-03-24,2017,3,24,83,0.0,39.65,21.45,30.69,26.56,23.47,1.39
2017-03-25,2017,3,25,84,0.0,40.08,23.42,31.63,24.63,24.05,1.7
2017-03-26,2017,3,26,85,0.0,40.26,24.46,32.45,21.82,24.21,1.44
2017-03-27,2017,3,27,86,0.0,41.03,23.03,32.79,20.14,25.21,1.4
2017-03-28,2017,3,28,87,0.0,40.78,22.99,32.29,21.88,23.17,1.82
2017-03-29,2017,3,29,88,0.0,41.3,22.98,32.29,30.13,22.98,1.57
2017-03-30,2017,3,30,89,0.0,40.35,24.19,32.84,37.43,22.63,1.54
2017-03-31,2017,3,31,90,0.06,41.29,27.16,33.84,28.64,22.33,1.38
2017-04-01,2017,4,1,91,0.11,41.07,25.75,33.55,28.19,20.47,1.48
2017-04-02,2017,4,2,92,0.12,40.77,26.02,33.3,22.33,24.14,2.34
2017-04-03,2017,4,3,93,0.0,40.64,23.2,32.64,25.1,25.05,1.59
2017-04-04,2017,4,4,94,0.0,40.96,23.26,32.49,26.62,25.84,2.21
2017-04-05,2017,4,5,95,0.0,41.0,22.78,32.3,27.73,26.24,2.25
2017-04-06,2017,4,6,96,0.0,41.04,22.25,31.87,30.68,27.15,2.27
2017-04-07,2017,4,7,97,0.0,40.18,22.24,31.61,25.58,26.92,2.08
2017-04-08,2017,4,8,98,0.0,41.4,22.23,32.53,21.04,27.24,2.1
2017-04-09,2017,4,9,99,0.0,41.75,24.19,33.43,17.88,25.53,1.57
2017-04-10,2017,4,10,100,0.0,41.74,23.77,32.75,13.45,25.92,2.11
2017-04-11,2017,4,11,101,0.0,42.0,22.21,32.04,9.07,26.5,2.81
2017-04-12,2017,4,12,102,0.0,42.04,22.34,31.81,7.39,28.91,2.16
2017-04-13,2017,4,13,103,0.0,41.82,20.93,32.08,8.1,27.91,1.38
2017-04-14,2017,4,14,104,0.0,42.08,21.17,32.29,18.14,26.95,1.41
2017-04-15,2017,4,15,105,0.0,42.51,22.0,32.49,29.21,26.81,2.47
2017-04-16,2017,4,16,106,0.0,43.81,22.95,33.57,21.53,26.49,2.4
2017-04-17,2017,4,17,107,0.0,43.26,22.39,33.08,21.13,26.93,2.43
2017-04-18,2017,4,18,108,0.0,43.05,23.36,33.93,14.79,26.95,2.24
2017-04-19,2017,4,19,109,0.0,42.81,23.99,33.7,15.52,26.95,2.88
2017-04-20,2017,4,20,110,0.0,42.56,22.83,33.01,24.91,27.06,2.41
2017-04-21,2017,4,21,111,0.0,42.23,22.42,32.59,29.82,27.09,2.91
2017-04-22,2017,4,22,112,0.0,41.33,21.85,31.87,29.13,27.26,3.34
2017-04-23,2017,4,23,113,0.0,41.03,22.26,31.97,27.85,27.16,3.41
2017-04-24,2017,4,24,114,0.0,41.1,22.49,32.15,28.86,27.63,3.3
2017-04-25,2017,4,25,115,0.0,41.32,22.76,32.36,23.99,27.43,3.16
2017-04-26,2017,4,26,116,0.0,40.9,23.83,32.59,25.32,26.22,2.2
2017-04-27,2017,4,27,117,0.0,41.68,24.77,33.68,23.72,26.04,2.75
2017-04-28,2017,4,28,118,0.55,41.08,26.75,34.23,27.16,24.52,1.51
2017-04-29,2017,4,29,119,1.47,40.86,26.01,33.61,26.55,23.52,2.13
2017-04-30,2017,4,30,120,1.6,39.87,25.18,32.79,27.67,26.3,1.43
2017-05-01,2017,5,1,121,0.0,40.58,24.36,33.29,27.96,25.7,1.52
2017-05-02,2017,5,2,122,0.0,40.99,26.32,34.25,24.7,24.68,2.01
2017-05-03,2017,5,3,123,0.9,41.3,27.31,34.69,28.11,23.42,1.84
2017-05-04,2017,5,4,124,1.15,41.17,27.45,34.79,32.19,22.22,1.62
2017-05-05,2017,5,5,125,0.86,42.07,29.45,35.99,28.9,24.09,0.71
2017-05-06,2017,5,6,126,2.48,41.61,28.66,35.26,32.15,22.63,1.9
2017-05-07,2017,5,7,127,1.84,41.15,26.55,34.37,34.0,25.21,1.83
2017-05-08,2017,5,8,128,3.62,40.67,27.0,33.96,32.83,24.25,2.21
2017-05-09,2017,5,9,129,0.15,40.39,26.11,33.14,35.51,25.25,2.78
2017-05-10,2017,5,10,130,0.26,41.06,25.65,33.63,33.9,26.84,2.11
2017-05-11,2017,5,11,131,0.54,41.05,26.3,33.94,32.2,24.84,2.55
2017-05-12,2017,5,12,132,0.55,40.15,27.35,33.86,35.92,23.02,2.67
2017-05-13,2017,5,13,133,1.06,41.87,26.61,34.73,33.58,23.58,1.78
2017-05-14,2017,5,14,134,1.35,41.26,28.12,34.4,40.02,20.82,3.23
2017-05-15,2017,5,15,135,0.16,40.79,26.95,33.59,42.04,19.34,3.57
2017-05-16,2017,5,16,136,0.02,42.55,26.72,34.65,34.92,25.19,3.19
2017-05-17,2017,5,17,137,0.03,40.76,26.3,33.38,34.53,24.24,3.56
2017-05-18,2017,5,18,138,0.0,42.12,25.98,33.83,32.71,27.09,3.76
2017-05-19,2017,5,19,139,0.0,41.38,25.42,33.52,34.68,27.33,4.42
2017-05-20,2017,5,20,140,0.0,42.34,25.37,34.14,31.73,27.41,3.28
2017-05-21,2017,5,21,141,0.01,41.67,25.05,33.67,33.12,26.28,3.6
2017-05-22,2017,5,22,142,0.01,42.16,25.48,34.39,30.5,25.77,3.07
2017-05-23,2017,5,23,143,0.0,42.86,28.78,35.68,27.83,25.29,3.48
2017-05-24,2017,5,24,144,0.0,41.69,29.37,35.47,26.88,21.89,3.43
2017-05-25,2017,5,25,145,0.0,42.86,26.13,34.95,33.99,24.76,3.68
2017-05-26,2017,5,26,146,0.0,39.26,28.1,33.5,38.34,21.35,3.27
2017-05-27,2017,5,27,147,0.0,42.35,26.13,34.04,38.29,24.54,4.79
2017-05-28,2017,5,28,148,0.0,42.2,25.1,33.17,42.6,26.79,5.36
2017-05-29,2017,5,29,149,0.0,41.25,25.38,32.49,46.97,25.53,5.91
2017-05-30,2017,5,30,150,0.36,39.28,25.63,31.68,52.7,21.61,6.18
2017-05-31,2017,5,31,151,0.61,37.92,25.93,31.16,57.1,22.32,4.22
2017-06-01,2017,6,1,152,0.08,37.91,26.34,31.66,55.26,21.63,3.15
2017-06-02,2017,6,2,153,0.06,40.66,26.13,33.38,48.03,24.34,3.59
2017-06-03,2017,6,3,154,4.72,39.58,26.48,32.51,49.83,25.0,3.99
2017-06-04,2017,6,4,155,20.69,35.57,25.12,29.44,62.1,21.36,2.95
2017-06-05,2017,6,5,156,1.96,36.77,23.9,29.89,60.51,24.73,3.87
2017-06-06,2017,6,6,157,14.44,37.0,24.32,29.73,62.55,20.36,4.24
2017-06-07,2017,6,7,158,4.32,35.57,23.75,28.56,62.83,13.58,5.07
2017-06-08,2017,6,8,159,0.63,31.06,23.49,27.13,68.82,16.91,3.85
2017-06-09,2017,6,9,160,11.39,31.46,23.16,26.85,74.29,20.13,3.16
2017-06-10,2017,6,10,161,1.33,33.29,22.61,27.09,69.4,18.17,4.26
2017-06-11,2017,6,11,162,24.44,32.88,22.37,26.75,73.47,16.38,4.25
2017-06-12,2017,6,12,163,21.36,31.0,23.65,26.22,77.74,15.51,4.66
2017-06-13,2017,6,13,164,4.22,31.11,22.43,26.24,77.64,12.15,2.71
2017-06-14,2017,6,14,165,0.38,33.34,22.88,27.79,71.34,12.03,2.1
2017-06-15,2017,6,15,166,18.05,33.61,23.88,27.75,71.85,14.48,2.8
2017-06-16,2017,6,16,167,1.64,33.3,22.53,27.41,72.84,19.01,2.38
2017-06-17,2017,6,17,168,0.5,31.56,21.91,26.66,71.59,20.76,2.68
2017-06-18,2017,6,18,169,0.53,33.57,23.33,28.1,70.24,21.08,3.2
2017-06-19,2017,6,19,170,1.51,34.71,22.98,28.34,67.12,20.47,3.51
2017-06-20,2017,6,20,171,0.48,34.22,23.5,28.1,68.39,21.24,4.4
2017-06-21,2017,6,21,172,0.01,35.14,22.86,28.24,66.76,23.25,4.28
2017-06-22,2017,6,22,173,0.02,34.7,23.22,28.16,67.81,21.16,4.93
2017-06-23,2017,6,23,174,0.18,33.93,23.42,28.16,68.36,18.85,4.7
2017-06-24,2017,6,24,175,0.76,34.9,23.55,28.32,68.6,21.35,4.96
2017-06-25,2017,6,25,176,1.36,32.81,24.25,27.71,72.48,17.35,5.28
2017-06-26,2017,6,26,177,5.67,31.52,23.83,26.82,72.62,15.73,5.46
2017-06-27,2017,6,27,178,0.94,30.42,23.33,26.52,74.04,17.49,5.65
2017-06-28,2017,6,28,179,1.18,32.68,23.07,27.24,70.1,15.95,6.14
2017-06-29,2017,6,29,180,1.06,32.14,22.98,27.19,71.1,16.0,6.07
2017-06-30,2017,6,30,181,0.78,32.53,23.59,27.18,71.86,19.62,5.87
2017-07-01,2017,7,1,182,0.73,34.0,22.91,27.66,70.3,19.97,6.09
2017-07-02,2017,7,2,183,0.63,32.62,23.76,27.59,71.71,20.2,5.4
2017-07-03,2017,7,3,184,0.19,33.8,23.16,27.85,68.7,19.54,4.87
2017-07-04,2017,7,4,185,0.33,33.85,23.17,27.81,68.57,19.48,5.79
2017-07-05,2017,7,5,186,0.45,33.32,23.02,27.44,68.69,16.0,4.85
2017-07-06,2017,7,6,187,0.07,34.28,22.63,27.94,66.72,19.3,4.76
2017-07-07,2017,7,7,188,0.67,33.76,22.58,27.55,68.08,19.36,4.61
2017-07-08,2017,7,8,189,1.31,33.6,22.55,27.46,66.32,20.79,3.95
2017-07-09,2017,7,9,190,10.07,34.22,22.56,27.66,67.08,20.46,3.42
2017-07-10,2017,7,10,191,6.2,32.64,22.81,27.07,70.79,19.23,2.94
2017-07-11,2017,7,11,192,1.93,32.47,22.88,26.99,70.17,16.95,4.58
2017-07-12,2017,7,12,193,0.55,32.85,22.58,26.9,69.76,17.66,4.98
2017-07-13,2017,7,13,194,0.3,32.31,22.72,26.87,72.08,15.12,5.89
2017-07-14,2017,7,14,195,0.84,31.4,23.77,26.52,74.18,13.74,6.04
2017-07-15,2017,7,15,196,0.43,31.04,23.15,26.52,72.45,19.27,5.89
2017-07-16,2017,7,16,197,1.08,33.76,21.84,27.0,68.66,14.4,5.91
2017-07-17,2017,7,17,198,1.64,29.78,22.23,25.58,76.53,13.92,5.6
2017-07-18,2017,7,18,199,5.14,29.24,23.03,25.58,78.28,15.89,6.16
2017-07-19,2017,7,19,200,5.21,29.56,23.53,25.91,77.13,14.38,7.08
2017-07-20,2017,7,20,201,11.99,30.62,22.95,26.21,76.13,12.24,7.04
2017-07-21,2017,7,21,202,1.45,33.85,23.22,27.44,71.54,18.95,6.69
2017-07-22,2017,7,22,203,0.35,34.08,22.56,27.27,70.06,18.6,6.83
2017-07-23,2017,7,23,204,0.61,33.8,22.51,27.14,69.47,17.36,6.49
2017-07-24,2017,7,24,205,1.08,32.06,22.82,26.61,71.73,13.0,6.41
2017-07-25,2017,7,25,206,0.12,34.2,22.41,27.33,69.97,18.04,5.94
2017-07-26,2017,7,26,207,0.58,33.78,21.98,27.06,68.7,18.15,5.88
2017-07-27,2017,7,27,208,0.45,31.91,22.18,26.28,72.01,17.58,5.3
2017-07-28,2017,7,28,209,3.11,34.46,22.35,27.37,69.89,18.43,5.38
2017-07-29,2017,7,29,210,0.48,34.37,22.4,27.57,69.03,16.13,4.48
2017-07-30,2017,7,30,211,0.11,34.49,22.25,27.56,67.41,17.73,4.21
2017-07-31,2017,7,31,212,0.12,34.44,22.69,27.64,68.0,19.35,4.24
2017-08-01,2017,8,1,213,4.42,34.52,22.61,27.55,68.4,20.78,4.48
2017-08-02,2017,8,2,214,1.05,34.72,22.47,27.62,67.92,19.24,4.46
2017-08-03,2017,8,3,215,0.95,34.13,22.15,27.04,69.87,15.87,4.91
2017-08-04,2017,8,4,216,0.37,35.03,22.41,27.94,67.43,18.95,4.77
2017-08-05,2017,8,5,217,0.11,35.33,22.8,28.24,65.6,14.93,4.47
2017-08-06,2017,8,6,218,1.86,33.88,22.96,27.64,68.42,16.93,4.04
2017-08-07,2017,8,7,219,0.97,34.37,22.54,27.81,66.79,18.84,3.55
2017-08-08,2017,8,8,220,0.12,34.52,22.85,28.07,66.11,17.79,2.96
2017-08-09,2017,8,9,221,3.44,34.64,23.37,27.96,66.35,12.82,3.76
2017-08-10,2017,8,10,222,7.67,33.74,22.64,27.17,69.25,14.62,3.63
2017-08-11,2017,8,11,223,2.39,33.89,22.16,27.31,69.34,19.38,3.22
2017-08-12,2017,8,12,224,1.5,33.82,22.37,27.24,69.03,16.81,3.45
2017-08-13,2017,8,13,225,0.19,33.44,22.28,26.94,66.92,18.31,3.38
2017-08-14,2017,8,14,226,0.66,32.14,22.07,26.73,67.89,14.4,2.19
2017-08-15,2017,8,15,227,1.88,33.18,22.6,27.09,67.04,14.91,2.71
2017-08-16,2017,8,16,228,4.72,32.72,22.35,26.79,70.06,20.2,3.13
2017-08-17,2017,8,17,229,1.2,33.35,22.68,27.51,67.54,20.97,3.57
2017-08-18,2017,8,18,230,1.36,33.09,22.86,27.16,67.54,13.82,3.95
2017-08-19,2017,8,19,231,11.85,27.73,22.68,24.83,79.03,7.97,4.63
2017-08-20,2017,8,20,232,12.49,25.74,21.11,23.09,82.23,7.35,6.09
2017-08-21,2017,8,21,233,1.77,30.92,20.08,24.47,69.45,16.38,4.73
2017-08-22,2017,8,22,234,0.48,34.54,19.25,26.37,68.15,17.94,3.26
2017-08-23,2017,8,23,235,0.52,34.46,21.59,27.5,68.67,20.83,3.15
2017-08-24,2017,8,24,236,2.89,32.86,22.43,26.93,72.3,21.08,3.74
2017-08-25,2017,8,25,237,5.01,31.46,22.62,26.08,77.3,16.07,4.43
2017-08-26,2017,8,26,238,30.93,32.26,22.28,26.16,78.52,17.41,4.14
2017-08-27,2017,8,27,239,17.72,31.36,22.24,26.11,78.48,15.44,4.5
2017-08-28,2017,8,28,240,10.72,30.41,22.33,25.24,80.25,10.29,4.32
2017-08-29,2017,8,29,241,8.7,29.49,21.55,24.55,76.46,13.93,5.36
2017-08-30,2017,8,30,242,0.65,33.78,21.55,26.67,73.36,21.32,4.38
2017-08-31,2017,8,31,243,0.2,33.79,21.71,26.79,73.3,19.51,3.66
2017-09-01,2017,9,1,244,0.01,33.73,21.34,26.96,70.86,22.36,2.89
2017-09-02,2017,9,2,245,0.35,33.86,21.36,27.09,71.02,21.51,2.61
2017-09-03,2017,9,3,246,1.59,34.7,22.13,27.84,69.59,23.12,2.62
2017-09-04,2017,9,4,247,2.37,33.47,22.69,27.6,71.85,19.05,2.31
2017-09-05,2017,9,5,248,2.18,32.14,23.27,27.16,74.09,16.74,2.18
2017-09-06,2017,9,6,249,4.65,30.2,22.78,26.11,78.02,15.07,1.46
2017-09-07,2017,9,7,250,27.55,31.91,22.94,26.94,75.01,18.47,0.65
2017-09-08,2017,9,8,251,9.96,32.75,23.14,27.45,74.32,17.94,0.78
2017-09-09,2017,9,9,252,0.98,31.32,23.53,27.08,79.41,17.56,1.58
2017-09-10,2017,9,10,253,4.38,31.88,23.22,27.19,78.46,20.08,1.53
2017-09-11,2017,9,11,254,1.24,32.49,23.1,27.35,76.88,19.44,2.62
2017-09-12,2017,9,12,255,4.97,31.39,23.43,26.88,79.69,17.92,1.98
2017-09-13,2017,9,13,256,15.25,33.47,22.65,27.71,73.93,18.58,1.39
2017-09-14,2017,9,14,257,23.82,30.71,23.57,26.75,78.95,15.62,0.67
2017-09-15,2017,9,15,258,8.69,28.6,23.22,25.15,83.11,13.95,2.32
2017-09-16,2017,9,16,259,4.25,32.55,21.73,26.37,76.21,18.07,2.06
2017-09-17,2017,9,17,260,2.58,30.8,22.08,25.6,78.96,15.95,2.64
2017-09-18,2017,9,18,261,1.63,28.55,22.35,25.02,83.04,12.65,3.86
2017-09-19,2017,9,19,262,1.96,29.39,22.22,25.28,82.57,13.06,4.8
2017-09-20,2017,9,20,263,5.47,26.59,22.2,24.12,88.03,11.5,4.8
2017-09-21,2017,9,21,264,5.94,31.1,21.67,25.24,77.25,9.21,3.46
2017-09-22,2017,9,22,265,1.12,32.0,21.09,25.83,76.14,16.21,2.4
2017-09-23,2017,9,23,266,0.19,32.89,21.72,26.93,73.96,19.22,1.39
2017-09-24,2017,9,24,267,7.11,32.86,22.01,27.01,73.43,18.19,1.55
2017-09-25,2017,9,25,268,0.56,32.0,20.79,25.9,75.11,20.96,1.79
2017-09-26,2017,9,26,269,0.76,33.27,21.74,26.9,73.01,16.7,1.64
2017-09-27,2017,9,27,270,5.73,31.25,22.26,26.55,76.08,17.36,1.31
2017-09-28,2017,9,28,271,13.71,32.08,21.7,26.56,76.32,14.87,1.68
2017-09-29,2017,9,29,272,11.12,30.77,22.45,26.2,79.98,16.94,1.58
2017-09-30,2017,9,30,273,1.73,30.94,22.22,26.5,77.13,19.54,1.48
2017-10-01,2017,10,1,274,0.72,33.81,21.68,27.44,70.62,20.92,1.54
2017-10-02,2017,10,2,275,4.91,32.35,21.5,26.32,76.44,16.55,1.95
2017-10-03,2017,10,3,276,2.85,30.84,22.97,26.1,79.74,16.39,1.42
2017-10-04,2017,10,4,277,0.67,31.27,22.37,26.48,72.09,19.52,1.21
2017-10-05,2017,10,5,278,0.01,32.4,20.17,26.34,68.3,19.58,1.7
2017-10-06,2017,10,6,279,7.95,30.16,22.02,25.63,81.61,13.93,1.81
2017-10-07,2017,10,7,280,9.27,30.4,22.73,25.91,84.25,15.74,1.93
2017-10-08,2017,10,8,281,8.88,31.08,22.76,26.46,80.66,15.26,0.99
2017-10-09,2017,10,9,282,19.37,29.72,22.7,25.93,83.23,14.56,1.3
2017-10-10,2017,10,10,283,15.52,30.07,22.65,25.74,83.51,14.43,1.06
2017-10-11,2017,10,11,284,13.27,30.57,22.48,26.21,78.31,18.06,0.92
2017-10-12,2017,10,12,285,6.29,32.66,21.75,27.07,73.67,20.24,0.82
2017-10-13,2017,10,13,286,12.25,31.31,22.82,26.58,79.74,16.53,1.02
2017-10-14,2017,10,14,287,7.37,27.72,23.49,25.19,86.76,15.32,0.94
2017-10-15,2017,10,15,288,21.38,29.45,22.73,25.75,81.72,16.07,0.8
2017-10-16,2017,10,16,289,0.91,32.43,21.38,26.29,72.71,17.66,1.39
2017-10-17,2017,10,17,290,0.0,32.76,20.03,25.68,70.05,18.0,1.58
2017-10-18,2017,10,18,291,0.0,31.75,18.34,24.19,67.43,19.19,1.78
2017-10-19,2017,10,19,292,0.0,31.65,16.13,23.26,65.96,20.64,1.82
2017-10-20,2017,10,20,293,0.0,31.68,17.89,24.14,66.08,19.47,1.69
2017-10-21,2017,10,21,294,0.29,30.56,19.5,24.66,76.91,10.72,1.81
2017-10-22,2017,10,22,295,0.21,29.94,21.42,24.99,81.92,14.07,2.39
2017-10-23,2017,10,23,296,0.25,32.24,21.86,25.87,74.64,18.71,2.01
2017-10-24,2017,10,24,297,0.0,31.99,18.87,24.53,68.39,21.24,1.79
2017-10-25,2017,10,25,298,0.01,31.79,16.63,23.68,62.15,21.25,1.28
2017-10-26,2017,10,26,299,0.07,30.94,17.97,24.18,74.28,19.17,1.39
2017-10-27,2017,10,27,300,0.25,30.81,18.91,24.83,71.32,19.05,0.96
2017-10-28,2017,10,28,301,3.15,30.88,19.19,24.23,68.0,17.49,1.29
2017-10-29,2017,10,29,302,0.09,29.65,17.7,23.24,70.9,17.54,1.77
2017-10-30,2017,10,30,303,0.0,29.92,16.27,22.44,68.04,19.55,1.85
2017-10-31,2017,10,31,304,0.0,30.13,15.34,22.13,67.65,18.69,2.01
2017-11-01,2017,11,1,305,0.0,30.3,16.04,22.34,69.01,19.78,1.76
2017-11-02,2017,11,2,306,0.0,29.36,14.66,21.43,68.29,19.25,2.16
2017-11-03,2017,11,3,307,0.0,29.1,13.92,20.73,68.49,20.08,2.57
2017-11-04,2017,11,4,308,0.0,29.29,14.21,21.23,71.34,20.91,2.08
2017-11-05,2017,11,5,309,0.0,28.23,16.75,22.27,78.98,18.81,2.45
2017-11-06,2017,11,6,310,0.0,30.77,18.32,23.65,73.59,20.3,2.06
2017-11-07,2017,11,7,311,0.0,30.03,16.08,22.59,68.89,20.68,1.67
2017-11-08,2017,11,8,312,0.0,29.89,15.66,22.82,61.09,19.49,1.51
2017-11-09,2017,11,9,313,0.0,29.93,15.85,22.49,61.98,19.59,1.12
2017-11-10,2017,11,10,314,0.0,29.47,14.1,21.4,66.47,18.87,1.85
2017-11-11,2017,11,11,315,0.0,29.26,13.47,20.88,64.17,19.19,2.03
2017-11-12,2017,11,12,316,0.0,29.6,12.49,20.96,56.06,19.16,1.58
2017-11-13,2017,11,13,317,0.0,29.66,13.25,21.93,56.43,18.17,1.04
2017-11-14,2017,11,14,318,0.0,30.7,16.36,23.86,61.11,17.25,0.76
2017-11-15,2017,11,15,319,0.0,30.44,19.04,24.2,73.59,17.68,1.27
2017-11-16,2017,11,16,320,0.0,29.85,18.9,23.45,71.99,17.29,2.06
2017-11-17,2017,11,17,321,0.0,30.38,15.81,22.96,68.26,16.22,1.51
2017-11-18,2017,11,18,322,0.0,30.98,17.21,24.07,69.0,15.46,1.28
2017-11-19,2017,11,19,323,0.01,29.35,19.51,24.17,71.53,9.12,1.47
2017-11-20,2017,11,20,324,0.2,31.3,18.78,24.66,70.67,14.74,1.63
2017-11-21,2017,11,21,325,0.01,30.76,19.06,24.96,69.78,13.92,1.61
2017-11-22,2017,11,22,326,0.08,31.45,19.64,25.35,70.68,15.16,1.09
2017-11-23,2017,11,23,327,0.0,32.26,19.58,25.26,67.8,17.04,1.18
2017-11-24,2017,11,24,328,0.0,32.01,17.18,23.68,66.32,18.22,1.55
2017-11-25,2017,11,25,329,0.0,30.74,16.48,22.93,67.79,16.35,1.84
2017-11-26,2017,11,26,330,0.0,30.4,14.62,22.17,60.02,18.37,1.66
2017-11-27,2017,11,27,331,0.0,30.17,12.78,21.52,52.3,18.5,1.36
2017-11-28,2017,11,28,332,0.0,29.9,12.14,21.23,48.47,18.37,1.42
2017-11-29,2017,11,29,333,0.0,29.69,11.42,20.68,58.36,18.25,1.58
2017-11-30,2017,11,30,334,0.0,29.85,12.86,21.33,60.71,18.38,1.81
2017-12-01,2017,12,1,335,0.0,30.39,13.68,21.41,67.37,16.22,2.33
2017-12-02,2017,12,2,336,0.0,28.75,16.24,21.31,69.89,15.58,2.81
2017-12-03,2017,12,3,337,0.0,28.93,14.19,20.78,66.02,16.06,2.39
2017-12-04,2017,12,4,338,0.06,28.85,14.03,21.42,70.97,14.32,2.25
2017-12-05,2017,12,5,339,0.35,30.0,17.07,23.01,72.56,12.51,3.31
2017-12-06,2017,12,6,340,0.11,30.55,18.65,23.88,75.74,12.48,2.14
2017-12-07,2017,12,7,341,3.08,29.59,19.37,24.02,72.89,13.47,1.46
2017-12-08,2017,12,8,342,0.06,31.59,15.05,22.71,58.43,17.13,1.76
2017-12-09,2017,12,9,343,0.0,31.12,15.26,22.48,60.2,16.83,1.71
2017-12-10,2017,12,10,344,0.0,30.42,14.74,22.7,57.25,17.34,1.46
2017-12-11,2017,12,11,345,0.0,30.64,13.88,22.73,51.83,17.9,1.13
2017-12-12,2017,12,12,346,0.0,30.73,15.85,23.13,54.38,17.2,0.93
2017-12-13,2017,12,13,347,0.0,30.85,16.0,23.04,52.72,17.22,0.88
2017-12-14,2017,12,14,348,0.0,30.14,14.83,22.33,61.99,15.18,1.24
2017-12-15,2017,12,15,349,0.0,30.65,15.18,22.61,60.84,16.45,1.84
2017-12-16,2017,12,16,350,0.0,30.3,15.12,21.65,58.94,16.37,2.3
2017-12-17,2017,12,17,351,0.0,29.92,13.64,20.9,56.35,15.44,2.43
2017-12-18,2017,12,18,352,0.0,29.17,13.49,20.24,56.93,14.54,2.31
2017-12-19,2017,12,19,353,0.0,30.08,12.24,19.87,49.37,18.07,2.38
2017-12-20,2017,12,20,354,0.0,31.01,11.2,19.54,45.82,18.99,2.1
2017-12-21,2017,12,21,355,0.0,29.82,10.95,19.53,45.83,17.61,1.94
2017-12-22,2017,12,22,356,0.0,29.24,12.21,20.11,46.28,17.28,1.9
2017-12-23,2017,12,23,357,0.0,28.67,12.25,20.16,47.49,16.88,1.48
2017-12-24,2017,12,24,358,0.0,29.79,13.46,21.53,47.29,16.53,1.52
2017-12-25,2017,12,25,359,0.0,30.37,14.2,21.73,42.71,16.96,1.2
2017-12-26,2017,12,26,360,0.0,29.15,11.61,19.4,48.76,16.14,1.84
2017-12-27,2017,12,27,361,0.0,29.93,10.59,19.48,39.64,17.82,1.8
2017-12-28,2017,12,28,362,0.0,29.87,10.04,19.35,42.35,18.58,1.99
2017-12-29,2017,12,29,363,0.0,29.05,10.24,20.08,43.52,18.5,1.43
2017-12-30,2017,12,30,364,0.0,28.93,11.5,20.37,47.92,18.07,1.43
2017-12-31,2017,12,31,365,0.0,29.2,12.08,20.67,49.48,17.82,1.3
2018-01-01,2018,1,1,1,0.0,29.88,13.18,21.2,41.23,18.5,1.04
2018-01-02,2018,1,2,2,0.01,29.98,11.86,20.55,45.75,17.33,1.07
2018-01-03,2018,1,3,3,0.0,29.7,11.72,20.86,45.82,15.84,1.52
2018-01-04,2018,1,4,4,0.0,29.38,12.91,21.3,48.73,14.33,1.47
2018-01-05,2018,1,5,5,0.0,29.63,13.12,21.44,45.55,15.62,1.07
2018-01-06,2018,1,6,6,0.0,29.2,14.08,21.29,43.63,15.5,0.96
2018-01-07,2018,1,7,7,0.0,28.7,12.68,20.85,43.65,15.62,0.97
2018-01-08,2018,1,8,8,0.0,28.72,12.61,20.04,47.58,15.76,1.83
2018-01-09,2018,1,9,9,0.0,28.17,12.1,19.95,53.05,15.52,2.08
2018-01-10,2018,1,10,10,0.0,29.79,13.32,21.4,51.1,15.98,1.71
2018-01-11,2018,1,11,11,0.0,31.43,14.27,23.09,49.33,17.01,1.53
2018-01-12,2018,1,12,12,0.0,31.68,15.74,23.74,44.93,16.88,1.85
2018-01-13,2018,1,13,13,0.0,32.55,15.68,23.78,44.18,16.5,1.61
2018-01-14,2018,1,14,14,0.0,32.54,15.28,23.69,42.73,16.85,1.61
2018-01-15,2018,1,15,15,0.0,32.39,16.18,24.22,45.95,15.93,1.25
2018-01-16,2018,1,16,16,0.0,32.11,17.5,24.78,44.64,16.07,1.55
2018-01-17,2018,1,17,17,0.0,31.99,17.31,24.77,39.7,17.3,0.84
2018-01-18,2018,1,18,18,0.0,31.27,14.38,22.58,42.04,18.57,1.8
2018-01-19,2018,1,19,19,0.0,30.97,13.24,22.13,35.38,19.23,1.1
2018-01-20,2018,1,20,20,0.0,31.0,11.44,21.46,29.07,20.33,1.69
2018-01-21,2018,1,21,21,0.0,31.18,11.48,21.64,29.97,20.35,1.71
2018-01-22,2018,1,22,22,0.0,30.64,11.71,21.14,34.67,18.8,1.56
2018-01-23,2018,1,23,23,0.09,31.17,12.9,22.17,41.7,18.23,1.5
2018-01-24,2018,1,24,24,0.0,30.45,13.5,21.61,44.87,18.97,1.92
2018-01-25,2018,1,25,25,0.0,30.93,12.46,21.38,33.13,20.12,1.29
2018-01-26,2018,1,26,26,0.0,31.38,10.89,21.11,19.18,20.62,1.62
2018-01-27,2018,1,27,27,0.0,31.41,11.53,21.9,18.09,19.71,1.09
2018-01-28,2018,1,28,28,0.0,31.77,12.79,22.35,24.12,18.48,1.33
2018-01-29,2018,1,29,29,0.0,32.4,12.53,22.07,28.27,19.04,1.98
2018-01-30,2018,1,30,30,0.0,33.1,12.16,21.74,23.9,20.93,2.23
2018-01-31,2018,1,31,31,0.0,33.27,13.42,22.53,21.72,21.65,1.81
2018-02-01,2018,2,1,32,0.0,33.55,15.02,23.18,18.31,21.93,1.42
2018-02-02,2018,2,2,33,0.0,33.68,13.52,23.65,17.57,21.66,1.29
2018-02-03,2018,2,3,34,0.0,33.3,15.11,24.42,18.77,21.45,1.26
2018-02-04,2018,2,4,35,0.0,33.43,14.96,23.68,23.61,21.41,1.59
2018-02-05,2018,2,5,36,0.0,33.88,15.64,23.81,25.68,22.25,2.12
2018-02-06,2018,2,6,37,0.0,29.52,14.91,22.98,27.81,18.81,1.49
2018-02-07,2018,2,7,38,0.0,29.06,18.61,23.19,28.21,6.86,1.36
2018-02-08,2018,2,8,39,0.0,33.38,16.04,24.41,34.57,21.77,1.49
2018-02-09,2018,2,9,40,0.0,33.56,15.49,24.46,34.48,16.01,2.21
2018-02-10,2018,2,10,41,0.0,29.19,18.78,23.55,30.83,9.77,1.18
2018-02-11,2018,2,11,42,0.02,34.34,17.58,25.9,37.41,17.16,2.64
2018-02-12,2018,2,12,43,0.0,33.25,17.89,26.12,41.39,18.43,1.2
2018-02-13,2018,2,13,44,0.0,33.18,20.21,26.81,39.57,19.78,1.56
2018-02-14,2018,2,14,45,0.0,33.77,18.94,25.88,40.07,19.07,2.81
2018-02-15,2018,2,15,46,0.0,32.89,18.13,25.13,42.88,19.9,2.56
2018-02-16,2018,2,16,47,0.0,34.04,16.99,25.41,30.3,17.83,1.91
2018-02-17,2018,2,17,48,0.0,35.26,16.69,26.05,23.62,21.62,1.23
2018-02-18,2018,2,18,49,0.0,35.22,16.65,25.75,19.15,22.68,1.33
2018-02-19,2018,2,19,50,0.0,35.42,17.67,26.55,19.55,22.01,1.04
2018-02-20,2018,2,20,51,0.0,35.23,18.34,26.79,25.21,20.3,1.04
2018-02-21,2018,2,21,52,0.0,34.93,19.64,27.26,29.78,18.98,1.13
2018-02-22,2018,2,22,53,0.0,35.02,20.85,27.84,29.33,19.2,1.45
2018-02-23,2018,2,23,54,0.0,35.56,21.69,28.15,29.27,20.21,1.88
2018-02-24,2018,2,24,55,0.0,35.68,19.22,26.98,26.4,21.93,2.42
2018-02-25,2018,2,25,56,0.0,35.99,17.38,26.57,22.6,23.65,2.6
2018-02-26,2018,2,26,57,0.0,36.8,16.41,27.07,18.38,22.91,1.8
2018-02-27,2018,2,27,58,0.0,37.47,18.3,27.66,21.7,23.09,2.26
2018-02-28,2018,2,28,59,0.0,36.88,18.44,27.64,19.44,22.4,2.1
2018-03-01,2018,3,1,60,0.0,36.46,18.72,27.72,19.13,22.51,1.55
2018-03-02,2018,3,2,61,0.0,36.82,20.49,28.5,18.82,22.48,1.54
2018-03-03,2018,3,3,62,0.0,37.26,19.86,28.77,19.74,22.01,1.12
2018-03-04,2018,3,4,63,0.0,36.95,19.03,27.93,32.12,21.28,1.63
2018-03-05,2018,3,5,64,0.0,37.18,19.07,28.1,29.17,21.8,1.48
2018-03-06,2018,3,6,65,0.0,37.41,19.39,28.52,18.73,21.67,1.59
2018-03-07,2018,3,7,66,0.0,37.76,19.2,28.5,20.32,21.87,2.02
2018-03-08,2018,3,8,67,0.0,37.85,19.92,28.43,25.16,22.33,1.89
2018-03-09,2018,3,9,68,0.0,38.1,18.69,28.39,20.52,23.11,1.89
2018-03-10,2018,3,10,69,0.0,37.83,19.58,28.89,20.23,21.95,1.49
2018-03-11,2018,3,11,70,0.0,37.78,20.58,29.19,23.66,18.55,1.48
2018-03-12,2018,3,12,71,0.0,37.56,22.18,29.64,26.42,20.06,1.55
2018-03-13,2018,3,13,72,0.0,37.74,22.15,29.78,27.78,21.91,2.14
2018-03-14,2018,3,14,73,0.0,38.18,21.82,30.51,26.08,20.67,2.93
2018-03-15,2018,3,15,74,0.01,36.15,24.42,30.13,28.61,9.48,2.55
2018-03-16,2018,3,16,75,0.23,33.22,24.02,28.42,42.98,8.67,1.68
2018-03-17,2018,3,17,76,0.01,34.89,22.8,29.09,38.17,21.92,1.46
2018-03-18,2018,3,18,77,0.27,36.21,24.16,30.31,34.58,19.23,2.48
2018-03-19,2018,3,19,78,0.46,37.13,23.85,30.94,38.63,21.24,1.47
2018-03-20,2018,3,20,79,0.0,38.33,25.85,32.1,28.44,23.27,1.6
2018-03-21,2018,3,21,80,0.0,38.12,23.64,30.66,25.21,23.25,2.63
2018-03-22,2018,3,22,81,0.0,37.94,20.88,29.22,23.39,26.44,2.81
2018-03-23,2018,3,23,82,0.0,37.94,18.64,28.23,22.34,26.18,2.43
2018-03-24,2018,3,24,83,0.0,39.3,18.95,29.62,17.08,26.21,1.55
2018-03-25,2018,3,25,84,0.0,39.89,21.68,30.79,16.7,24.56,2.45
2018-03-26,2018,3,26,85,0.0,38.69,21.71,30.99,21.08,23.94,1.92
2018-03-27,2018,3,27,86,0.0,38.53,24.21,31.27,19.31,24.6,0.78
2018-03-28,2018,3,28,87,0.0,38.2,23.45,30.92,24.26,25.43,2.21
2018-03-29,2018,3,29,88,0.0,38.66,22.58,30.6,24.4,24.53,2.31
2018-03-30,2018,3,30,89,0.0,40.71,21.17,30.84,27.84,24.43,2.59
2018-03-31,2018,3,31,90,0.0,40.33,21.61,30.6,29.2,23.75,2.65
2018-04-01,2018,4,1,91,0.0,40.77,21.4,31.28,26.84,25.21,2.41
2018-04-02,2018,4,2,92,0.0,40.02,21.5,31.6,19.45,24.26,1.46
2018-04-03,2018,4,3,93,0.19,40.21,21.57,31.76,20.87,24.29,1.22
2018-04-04,2018,4,4,94,0.0,40.81,23.29,32.83,18.03,23.61,1.14
2018-04-05,2018,4,5,95,0.02,40.49,23.08,32.31,28.14,22.75,1.66
2018-04-06,2018,4,6,96,0.08,39.36,25.46,32.06,31.48,15.25,1.58
2018-04-07,2018,4,7,97,2.2,39.72,26.0,32.9,28.6,22.53,1.99
2018-04-08,2018,4,8,98,0.06,38.74,23.61,31.18,34.34,24.86,2.47
2018-04-09,2018,4,9,99,0.77,38.68,24.22,31.88,31.44,23.61,2.08
2018-04-10,2018,4,10,100,0.0,38.99,25.51,32.7,29.66,23.62,1.76
2018-04-11,2018,4,11,101,1.35,37.84,27.47,32.48,32.11,20.65,0.91
2018-04-12,2018,4,12,102,0.17,38.73,27.0,32.49,31.31,24.84,0.63
2018-04-13,2018,4,13,103,0.29,39.37,24.27,32.65,29.84,22.07,1.4
2018-04-14,2018,4,14,104,0.16,40.26,25.72,33.89,28.42,22.18,1.35
2018-04-15,2018,4,15,105,0.49,39.91,25.92,33.65,29.8,18.36,1.59
2018-04-16,2018,4,16,106,0.47,40.31,27.45,34.39,33.39,23.92,1.66
2018-04-17,2018,4,17,107,2.24,41.55,29.44,35.43,31.08,21.8,1.38
2018-04-18,2018,4,18,108,0.86,42.03,27.87,35.07,31.92,22.0,2.22
2018-04-19,2018,4,19,109,0.0,41.32,26.38,34.35,23.75,23.66,2.46
2018-04-20,2018,4,20,110,0.0,41.65,25.11,33.08,30.7,26.63,3.56
2018-04-21,2018,4,21,111,0.0,41.62,23.17,32.98,24.3,27.78,2.2
2018-04-22,2018,4,22,112,0.0,41.97,24.33,33.95,21.05,27.93,2.15
2018-04-23,2018,4,23,113,0.01,42.06,24.34,33.64,18.82,28.11,2.17
2018-04-24,2018,4,24,114,0.0,42.13,23.53,33.06,18.28,28.09,2.59
2018-04-25,2018,4,25,115,0.0,41.88,22.1,32.51,14.34,28.21,2.41
2018-04-26,2018,4,26,116,0.0,41.61,22.17,32.08,21.25,27.88,2.9
2018-04-27,2018,4,27,117,0.0,41.73,22.17,32.9,25.3,25.37,2.06
2018-04-28,2018,4,28,118,0.1,42.44,27.16,35.23,22.51,24.32,1.49
2018-04-29,2018,4,29,119,0.2,43.65,26.65,35.3,27.3,26.5,3.45
2018-04-30,2018,4,30,120,0.0,43.52,25.74,34.48,24.67,27.06,4.52
2018-05-01,2018,5,1,121,0.0,43.73,24.04,34.21,25.98,27.34,3.3
2018-05-02,2018,5,2,122,0.0,42.83,24.5,34.03,26.62,26.75,2.32
2018-05-03,2018,5,3,123,0.0,42.83,25.53,34.39,27.56,26.34,2.13
2018-05-04,2018,5,4,124,0.0,42.31,27.88,35.41,28.11,23.87,1.9
2018-05-05,2018,5,5,125,0.01,37.29,30.15,33.61,29.28,24.03,1.41
2018-05-06,2018,5,6,126,0.04,39.97,27.78,33.96,31.02,23.63,2.62
2018-05-07,2018,5,7,127,0.65,40.84,27.2,34.14,31.44,19.62,2.83
2018-05-08,2018,5,8,128,0.0,41.19,25.08,33.89,26.79,26.19,2.37
2018-05-09,2018,5,9,129,0.0,43.05,25.63,34.83,21.38,26.79,3.45
2018-05-10,2018,5,10,130,1.0,39.81,28.39,33.99,37.83,23.73,3.08
2018-05-11,2018,5,11,131,4.38,38.49,27.11,31.95,46.46,25.16,4.1
2018-05-12,2018,5,12,132,1.34,39.32,25.35,32.07,43.07,25.22,3.93
2018-05-13,2018,5,13,133,1.27,38.94,26.05,32.62,39.16,21.8,2.55
2018-05-14,2018,5,14,134,0.24,40.49,25.65,33.49,37.54,25.04,2.44
2018-05-15,2018,5,15,135,1.64,40.08,25.75,33.12,38.13,25.9,1.94
2018-05-16,2018,5,16,136,6.44,40.35,25.11,33.03,39.15,23.29,1.89
2018-05-17,2018,5,17,137,14.47,37.11,24.7,31.01,52.09,19.05,2.44
2018-05-18,2018,5,18,138,0.37,38.83,24.89,31.34,52.99,22.09,3.26
2018-05-19,2018,5,19,139,0.0,39.12,24.72,31.59,48.59,24.24,2.8
2018-05-20,2018,5,20,140,0.01,39.36,23.26,31.17,44.73,22.59,3.1
2018-05-21,2018,5,21,141,0.04,40.91,22.99,32.18,41.99,24.98,2.82
2018-05-22,2018,5,22,142,0.1,39.74,25.23,32.3,39.91,18.93,2.96
2018-05-23,2018,5,23,143,0.22,41.54,25.38,33.8,34.23,23.02,2.1
2018-05-24,2018,5,24,144,0.21,40.78,26.79,33.57,36.92,19.55,3.11
2018-05-25,2018,5,25,145,0.01,42.19,25.9,33.86,33.25,21.18,3.72
2018-05-26,2018,5,26,146,0.03,43.29,26.1,35.12,27.85,24.98,3.06
2018-05-27,2018,5,27,147,3.02,40.06,28.27,32.91,44.57,21.3,2.6
2018-05-28,2018,5,28,148,4.57,41.77,27.79,34.32,44.76,23.53,2.68
2018-05-29,2018,5,29,149,2.71,39.6,26.32,32.33,52.18,23.13,4.23
2018-05-30,2018,5,30,150,0.29,38.75,25.81,31.72,53.45,21.58,4.01
2018-05-31,2018,5,31,151,4.16,34.98,26.45,29.8,61.97,23.51,3.36
2018-06-01,2018,6,1,152,6.39,32.72,25.11,28.66,71.15,19.34,1.82
2018-06-02,2018,6,2,153,2.1,34.87,24.86,29.76,62.96,10.77,1.68
2018-06-03,2018,6,3,154,6.91,33.23,24.74,27.84,73.53,18.44,2.63
2018-06-04,2018,6,4,155,0.51,36.59,23.56,29.27,63.4,14.13,3.09
2018-06-05,2018,6,5,156,0.42,34.86,24.51,29.36,64.93,20.05,2.08
2018-06-06,2018,6,6,157,9.71,32.29,24.66,27.91,71.86,20.97,3.2
2018-06-07,2018,6,7,158,45.03,30.54,24.16,26.64,82.2,11.26,2.87
2018-06-08,2018,6,8,159,13.48,27.94,23.34,25.39,82.51,9.9,2.19
2018-06-09,2018,6,9,160,2.31,30.99,22.96,26.03,76.39,12.71,4.81
2018-06-10,2018,6,10,161,2.06,34.1,23.03,27.72,70.5,14.63,5.45
2018-06-11,2018,6,11,162,0.88,33.39,23.66,27.76,73.8,17.99,5.55
2018-06-12,2018,6,12,163,0.07,34.25,24.22,28.33,70.49,19.9,5.84
2018-06-13,2018,6,13,164,0.01,35.36,23.81,28.62,68.1,20.19,5.0
2018-06-14,2018,6,14,165,0.0,35.93,23.7,28.69,66.95,16.75,4.66
2018-06-15,2018,6,15,166,0.04,35.75,23.65,28.57,63.95,22.24,4.54
2018-06-16,2018,6,16,167,0.06,34.89,22.7,28.13,65.51,22.27,4.47
2018-06-17,2018,6,17,168,0.5,32.95,23.32,27.6,67.78,18.86,4.77
2018-06-18,2018,6,18,169,0.24,32.48,22.91,27.16,72.81,15.5,5.3
2018-06-19,2018,6,19,170,0.94,32.62,23.87,27.45,72.2,21.65,4.09
2018-06-20,2018,6,20,171,0.34,34.58,23.12,28.48,68.23,21.38,2.25
2018-06-21,2018,6,21,172,2.49,29.81,23.3,26.75,74.11,18.0,3.45
2018-06-22,2018,6,22,173,15.9,32.94,22.07,26.85,70.86,16.55,4.2
2018-06-23,2018,6,23,174,6.39,29.31,23.55,25.86,78.69,16.36,3.43
2018-06-24,2018,6,24,175,0.44,32.79,21.57,26.58,67.76,16.16,5.34
2018-06-25,2018,6,25,176,0.92,32.86,22.36,26.98,69.78,15.69,5.85
2018-06-26,2018,6,26,177,0.52,32.61,23.19,27.31,71.94,15.22,6.0
2018-06-27,2018,6,27,178,0.14,30.7,23.27,26.56,74.36,14.85,5.44
2018-06-28,2018,6,28,179,0.13,31.67,22.96,26.63,73.6,19.01,5.07
2018-06-29,2018,6,29,180,15.2,30.7,22.98,26.16,75.01,18.65,4.16
2018-06-30,2018,6,30,181,2.87,33.8,22.15,27.02,66.96,21.1,3.82
2018-07-01,2018,7,1,182,1.03,34.0,20.96,26.83,66.15,22.55,4.02
2018-07-02,2018,7,2,183,0.33,33.48,21.64,26.87,70.71,18.48,4.54
2018-07-03,2018,7,3,184,1.42,32.03,22.14,26.38,70.31,15.08,5.63
2018-07-04,2018,7,4,185,0.86,30.95,22.49,26.09,75.26,17.59,5.62
2018-07-05,2018,7,5,186,2.19,30.41,22.73,26.03,76.48,15.7,5.44
2018-07-06,2018,7,6,187,0.75,30.08,22.67,26.15,75.67,17.61,4.25
2018-07-07,2018,7,7,188,0.92,31.51,23.27,26.5,69.17,12.83,5.67
2018-07-08,2018,7,8,189,1.64,28.34,22.42,24.99,78.04,11.89,5.22
2018-07-09,2018,7,9,190,0.72,29.63,22.47,25.65,77.04,11.81,4.14
2018-07-10,2018,7,10,191,0.98,31.75,22.77,26.55,73.93,12.33,5.7
2018-07-11,2018,7,11,192,2.2,32.48,22.65,26.79,70.69,13.55,5.63
2018-07-12,2018,7,12,193,6.73,28.71,22.5,25.18,80.02,8.6,5.61
2018-07-13,2018,7,13,194,1.77,31.73,22.66,26.65,72.81,13.23,5.99
2018-07-14,2018,7,14,195,1.04,32.31,22.14,26.54,73.38,15.76,5.41
2018-07-15,2018,7,15,196,2.8,31.01,22.49,26.01,75.68,11.64,6.58
2018-07-16,2018,7,16,197,7.91,29.92,23.31,25.77,80.23,8.73,6.61
2018-07-17,2018,7,17,198,0.9,33.01,22.93,27.0,71.21,14.57,7.09
2018-07-18,2018,7,18,199,0.24,33.99,22.56,27.21,70.82,18.57,6.03
2018-07-19,2018,7,19,200,2.24,33.4,22.14,26.75,70.84,14.95,6.23
2018-07-20,2018,7,20,201,0.84,32.43,22.64,26.64,73.1,16.41,5.82
2018-07-21,2018,7,21,202,0.83,29.42,22.89,25.32,77.02,18.66,5.4
2018-07-22,2018,7,22,203,0.17,30.89,22.58,25.91,74.21,11.6,5.74
2018-07-23,2018,7,23,204,0.61,30.57,21.96,25.79,73.22,13.61,5.52
2018-07-24,2018,7,24,205,0.13,32.76,21.83,26.43,71.73,14.25,6.15
2018-07-25,2018,7,25,206,0.08,34.59,21.77,27.17,69.0,16.76,5.4
2018-07-26,2018,7,26,207,0.27,31.93,22.25,26.22,72.9,10.9,5.46
2018-07-27,2018,7,27,208,0.32,33.89,22.23,26.97,69.51,10.67,5.81
2018-07-28,2018,7,28,209,0.32,34.3,21.91,27.09,69.36,15.94,5.24
2018-07-29,2018,7,29,210,0.0,35.02,22.14,27.58,67.91,16.21,5.03
2018-07-30,2018,7,30,211,0.04,33.46,22.08,26.73,69.92,12.52,4.97
2018-07-31,2018,7,31,212,0.05,34.41,22.05,27.27,68.96,14.65,5.17
2018-08-01,2018,8,1,213,0.13,32.66,22.25,26.72,70.81,14.93,5.15
2018-08-02,2018,8,2,214,0.06,33.35,22.03,26.87,70.03,16.42,5.25
2018-08-03,2018,8,3,215,0.09,33.91,21.86,26.91,69.08,16.18,5.34
2018-08-04,2018,8,4,216,1.01,32.51,22.23,26.4,69.46,14.24,5.66
2018-08-05,2018,8,5,217,0.73,33.92,21.72,26.78,68.44,17.65,5.66
2018-08-06,2018,8,6,218,0.77,32.92,22.06,26.19,69.41,13.8,6.37
2018-08-07,2018,8,7,219,0.25,32.5,21.98,26.42,68.92,14.79,5.98
2018-08-08,2018,8,8,220,0.25,31.17,22.62,26.06,71.89,14.12,5.55
2018-08-09,2018,8,9,221,0.36,34.53,22.33,27.31,67.44,16.49,5.64
2018-08-10,2018,8,10,222,0.18,34.02,22.13,27.25,66.33,16.68,5.88
2018-08-11,2018,8,11,223,3.56,33.39,22.36,26.98,68.89,12.34,6.27
2018-08-12,2018,8,12,224,2.9,31.87,22.46,26.14,70.55,9.92,6.58
2018-08-13,2018,8,13,225,3.38,29.75,22.34,25.46,72.58,13.42,6.38
2018-08-14,2018,8,14,226,0.87,34.27,21.89,27.03,70.86,12.12,5.57
2018-08-15,2018,8,15,227,16.72,28.37,22.79,24.92,80.85,10.99,5.01
2018-08-16,2018,8,16,228,25.49,26.68,22.32,24.04,84.56,5.53,6.61
2018-08-17,2018,8,17,229,2.43,31.37,22.02,25.79,73.39,15.57,6.96
2018-08-18,2018,8,18,230,1.13,32.63,21.13,26.04,73.56,13.71,5.77
2018-08-19,2018,8,19,231,1.11,33.26,22.07,26.57,71.6,18.04,5.69
2018-08-20,2018,8,20,232,8.57,28.78,21.71,24.61,78.92,8.88,5.32
2018-08-21,2018,8,21,233,5.07,30.72,21.87,25.3,77.7,8.23,5.2
2018-08-22,2018,8,22,234,0.94,33.44,21.3,26.44,72.24,18.08,5.32
2018-08-23,2018,8,23,235,1.45,33.53,21.44,26.47,71.48,15.36,5.1
2018-08-24,2018,8,24,236,0.42,33.7,21.31,26.48,70.64,16.28,4.69
2018-08-25,2018,8,25,237,2.04,29.71,21.62,25.14,75.99,16.11,4.27
2018-08-26,2018,8,26,238,5.37,31.89,21.17,25.65,74.09,15.22,4.45
2018-08-27,2018,8,27,239,9.36,31.74,21.43,25.75,74.84,10.16,4.34
2018-08-28,2018,8,28,240,2.03,31.3,21.61,25.62,75.3,16.69,4.07
2018-08-29,2018,8,29,241,0.28,33.17,21.15,26.37,71.78,19.49,3.84
2018-08-30,2018,8,30,242,1.25,33.45,21.21,26.59,70.17,17.25,4.01
2018-08-31,2018,8,31,243,0.18,31.98,20.98,25.87,71.57,20.4,3.77
2018-09-01,2018,9,1,244,6.85,32.65,21.35,26.13,72.15,13.64,3.68
2018-09-02,2018,9,2,245,0.86,32.65,21.21,25.84,72.39,17.09,4.09
2018-09-03,2018,9,3,246,0.65,33.13,20.78,26.03,70.94,16.8,3.93
2018-09-04,2018,9,4,247,0.48,32.97,20.59,25.9,69.92,19.31,4.01
2018-09-05,2018,9,5,248,0.11,32.13,20.59,25.7,69.8,17.47,4.11
2018-09-06,2018,9,6,249,0.06,33.47,20.67,26.1,68.26,20.14,4.22
2018-09-07,2018,9,7,250,0.04,32.74,20.5,25.86,68.5,14.23,3.94
2018-09-08,2018,9,8,251,0.01,33.77,20.2,25.98,64.72,21.75,3.65
2018-09-09,2018,9,9,252,0.01,33.72,19.1,26.04,64.06,21.86,2.41
2018-09-10,2018,9,10,253,0.0,32.99,20.47,26.55,66.82,20.99,2.15
2018-09-11,2018,9,11,254,3.33,33.49,21.63,27.12,66.78,20.69,1.61
2018-09-12,2018,9,12,255,2.94,34.54,20.65,26.56,63.92,22.99,2.57
2018-09-13,2018,9,13,256,0.0,34.63,19.78,26.48,63.39,24.2,2.6
2018-09-14,2018,9,14,257,0.0,35.17,20.65,27.3,63.09,22.99,2.24
2018-09-15,2018,9,15,258,1.1,34.56,21.98,27.57,65.76,21.49,2.12
2018-09-16,2018,9,16,259,2.62,34.2,21.81,27.69,67.7,14.6,1.67
2018-09-17,2018,9,17,260,6.44,28.4,22.92,25.11,78.64,16.07,2.97
2018-09-18,2018,9,18,261,1.39,31.58,21.85,25.72,72.76,21.13,2.45
2018-09-19,2018,9,19,262,9.59,33.61,21.95,26.97,69.6,19.13,2.26
2018-09-20,2018,9,20,263,5.77,33.12,22.17,27.22,69.73,17.11,2.3
2018-09-21,2018,9,21,264,1.04,29.07,22.28,25.54,72.14,10.42,2.31
2018-09-22,2018,9,22,265,0.37,31.8,21.62,25.91,72.29,16.35,3.27
2018-09-23,2018,9,23,266,0.16,33.22,21.17,26.67,70.15,18.75,1.4
2018-09-24,2018,9,24,267,0.01,35.68,21.69,28.3,64.49,21.89,1.68
2018-09-25,2018,9,25,268,3.06,35.51,22.66,28.64,66.12,20.75,2.0
2018-09-26,2018,9,26,269,17.77,30.43,23.58,26.43,77.26,19.52,1.52
2018-09-27,2018,9,27,270,1.2,33.55,22.46,27.52,68.66,20.17,1.38
2018-09-28,2018,9,28,271,3.32,34.61,21.74,27.79,66.26,20.25,1.86
2018-09-29,2018,9,29,272,1.97,35.29,22.27,27.86,67.32,19.07,2.18
2018-09-30,2018,9,30,273,0.17,35.72,21.89,28.3,64.58,20.8,1.83
2018-10-01,2018,10,1,274,0.16,35.81,22.38,28.47,63.46,20.49,2.25
2018-10-02,2018,10,2,275,0.21,35.15,22.28,28.48,66.27,20.7,1.56
2018-10-03,2018,10,3,276,0.4,35.26,22.93,28.73,63.35,20.21,2.01
2018-10-04,2018,10,4,277,0.59,34.14,22.59,28.14,65.95,18.8,2.31
2018-10-05,2018,10,5,278,0.23,34.91,22.39,27.66,62.66,20.25,2.84
2018-10-06,2018,10,6,279,0.0,35.45,19.34,26.76,57.08,21.94,2.43
2018-10-07,2018,10,7,280,0.0,35.38,20.44,27.52,58.5,21.57,2.62
2018-10-08,2018,10,8,281,0.02,35.07,21.62,27.76,57.73,19.67,2.25
2018-10-09,2018,10,9,282,0.0,35.52,19.26,27.05,51.05,21.27,2.0
2018-10-10,2018,10,10,283,0.0,35.66,20.87,27.9,50.23,17.27,1.68
2018-10-11,2018,10,11,284,0.0,37.03,20.41,28.6,46.3,20.07,2.01
2018-10-12,2018,10,12,285,0.0,36.83,21.51,28.56,47.04,19.12,2.6
2018-10-13,2018,10,13,286,0.0,36.18,19.43,27.52,46.67,21.85,1.86
2018-10-14,2018,10,14,287,0.0,36.49,19.84,27.96,43.62,21.38,1.74
2018-10-15,2018,10,15,288,0.0,36.08,20.64,28.24,50.57,20.33,1.56
2018-10-16,2018,10,16,289,13.63,34.28,21.87,27.34,60.83,16.33,1.97
2018-10-17,2018,10,17,290,13.7,32.82,22.64,26.9,68.38,13.55,1.08
2018-10-18,2018,10,18,291,1.08,31.99,21.33,26.21,69.06,18.0,1.61
2018-10-19,2018,10,19,292,0.12,31.9,21.34,26.1,65.33,19.51,1.44
2018-10-20,2018,10,20,293,0.0,34.35,18.7,25.95,57.62,21.11,1.9
2018-10-21,2018,10,21,294,0.0,34.32,18.66,26.12,56.89,19.83,1.51
2018-10-22,2018,10,22,295,0.0,34.9,20.55,27.35,50.34,20.06,1.14
2018-10-23,2018,10,23,296,0.22,34.68,20.73,27.08,54.57,17.53,1.2
2018-10-24,2018,10,24,297,0.27,34.27,21.82,27.21,57.12,16.68,1.54
2018-10-25,2018,10,25,298,0.67,31.95,20.52,25.96,61.38,10.42,2.07
2018-10-26,2018,10,26,299,0.0,33.92,18.1,25.3,50.63,19.39,2.45
2018-10-27,2018,10,27,300,0.0,34.58,16.89,24.93,47.75,20.99,2.43
2018-10-28,2018,10,28,301,0.0,34.61,16.46,24.76,47.86,20.35,2.39
2018-10-29,2018,10,29,302,0.0,33.55,16.32,24.17,46.19,20.72,2.41
2018-10-30,2018,10,30,303,0.0,33.31,15.11,23.52,44.14,21.56,2.45
2018-10-31,2018,10,31,304,0.0,33.4,15.91,24.01,46.32,20.38,2.37
2018-11-01,2018,11,1,305,0.0,32.9,15.93,24.58,51.73,20.02,1.88
2018-11-02,2018,11,2,306,0.0,33.38,21.25,26.74,62.29,14.06,2.4
2018-11-03,2018,11,3,307,0.1,34.14,21.55,27.41,58.59,13.23,2.48
2018-11-04,2018,11,4,308,0.14,34.57,21.76,27.99,56.59,17.72,1.9
2018-11-05,2018,11,5,309,0.03,34.02,21.81,27.78,51.97,18.47,1.43
2018-11-06,2018,11,6,310,0.62,34.8,22.18,28.33,52.03,16.3,1.4
2018-11-07,2018,11,7,311,0.01,34.84,22.37,28.53,50.1,17.34,1.64
2018-11-08,2018,11,8,312,0.0,35.12,21.18,28.01,45.9,18.52,1.71
2018-11-09,2018,11,9,313,0.0,34.97,20.09,27.11,41.58,18.67,1.69
2018-11-10,2018,11,10,314,0.0,34.58,18.4,26.17,36.47,18.59,1.52
2018-11-11,2018,11,11,315,0.0,34.91,16.74,25.12,29.86,19.26,1.69
2018-11-12,2018,11,12,316,0.0,34.28,15.34,23.96,27.88,19.83,1.8
2018-11-13,2018,11,13,317,0.0,34.27,15.38,23.93,25.72,19.64,1.56
2018-11-14,2018,11,14,318,0.0,34.2,15.29,23.81,28.57,19.83,1.64
2018-11-15,2018,11,15,319,0.0,34.82,14.86,24.17,29.19,20.29,2.27
2018-11-16,2018,11,16,320,0.0,35.63,15.91,25.4,32.26,20.47,2.26
2018-11-17,2018,11,17,321,0.0,34.64,19.74,27.31,51.53,18.16,1.37
2018-11-18,2018,11,18,322,4.98,34.26,21.72,27.66,57.54,15.01,1.51
2018-11-19,2018,11,19,323,6.11,28.81,22.22,25.16,73.45,10.16,1.7
2018-11-20,2018,11,20,324,1.6,31.86,20.5,25.82,68.7,9.98,1.5
2018-11-21,2018,11,21,325,0.0,32.94,20.7,26.01,59.87,16.77,1.9
2018-11-22,2018,11,22,326,0.0,32.58,18.2,24.66,53.02,18.32,2.36
2018-11-23,2018,11,23,327,0.0,32.32,18.17,24.76,54.47,18.12,2.44
2018-11-24,2018,11,24,328,0.0,33.09,17.69,25.03,43.76,17.6,1.66
2018-11-25,2018,11,25,329,0.0,32.82,16.87,24.3,41.81,16.86,1.48
2018-11-26,2018,11,26,330,0.0,33.47,15.5,23.6,36.03,18.19,1.73
2018-11-27,2018,11,27,331,0.0,32.33,13.89,22.67,34.97,17.63,2.0
2018-11-28,2018,11,28,332,0.0,31.76,13.97,22.22,39.31,18.63,1.98
2018-11-29,2018,11,29,333,0.0,32.11,14.29,22.88,40.14,17.67,1.69
2018-11-30,2018,11,30,334,0.0,32.67,14.45,22.87,36.0,18.15,1.93
2018-12-01,2018,12,1,335,0.0,31.01,14.77,22.84,39.32,16.52,1.72
2018-12-02,2018,12,2,336,0.0,30.84,16.01,22.71,44.92,15.3,1.72
2018-12-03,2018,12,3,337,0.0,30.72,16.14,23.09,51.92,14.82,1.8
2018-12-04,2018,12,4,338,0.0,31.89,18.12,24.47,49.8,14.17,1.87
2018-12-05,2018,12,5,339,0.07,32.74,19.46,25.94,50.14,13.35,1.11
2018-12-06,2018,12,6,340,0.01,32.85,19.28,25.72,54.58,13.88,1.02
2018-12-07,2018,12,7,341,0.0,33.91,19.07,26.29,45.81,15.66,1.02
2018-12-08,2018,12,8,342,0.0,33.79,19.08,26.61,47.41,15.29,1.28
2018-12-09,2018,12,9,343,0.01,33.78,19.68,26.97,40.27,16.1,0.62
2018-12-10,2018,12,10,344,0.06,33.99,18.63,25.77,35.43,16.54,2.14
2018-12-11,2018,12,11,345,0.0,32.57,14.48,23.16,26.25,18.02,1.58
2018-12-12,2018,12,12,346,0.0,33.1,15.04,23.52,27.93,17.15,1.14
2018-12-13,2018,12,13,347,0.21,31.48,14.35,22.63,39.4,14.65,2.2
2018-12-14,2018,12,14,348,5.22,28.45,17.54,22.25,65.47,9.64,3.22
2018-12-15,2018,12,15,349,0.0,29.38,15.6,21.97,57.43,13.05,2.69
2018-12-16,2018,12,16,350,0.0,28.6,14.58,20.71,46.26,16.2,2.55
2018-12-17,2018,12,17,351,0.0,28.76,12.38,20.08,56.21,16.29,2.46
2018-12-18,2018,12,18,352,0.0,28.86,13.42,20.25,56.39,17.64,2.43
2018-12-19,2018,12,19,353,0.0,28.7,11.48,19.38,50.86,18.74,2.24
2018-12-20,2018,12,20,354,0.0,29.43,12.46,20.57,53.79,15.41,1.81
2018-12-21,2018,12,21,355,0.0,30.96,14.33,22.47,50.86,17.35,1.28
2018-12-22,2018,12,22,356,0.0,30.96,14.22,22.74,45.9,16.0,1.45
2018-12-23,2018,12,23,357,0.0,30.52,15.83,23.06,50.56,15.59,1.82
2018-12-24,2018,12,24,358,0.0,31.33,16.23,23.67,48.94,15.69,1.64
2018-12-25,2018,12,25,359,0.0,32.45,16.41,24.4,38.95,16.0,1.31
2018-12-26,2018,12,26,360,0.0,33.11,16.96,25.33,40.78,15.15,1.87
2018-12-27,2018,12,27,361,0.0,31.35,15.64,22.36,25.07,18.25,2.87
2018-12-28,2018,12,28,362,0.0,28.96,9.67,18.47,16.27,18.98,2.11
2018-12-29,2018,12,29,363,0.0,29.62,8.92,18.47,19.95,18.88,1.86
2018-12-30,2018,12,30,364,0.0,29.16,8.6,18.19,21.48,18.84,2.1
2018-12-31,2018,12,31,365,0.0,30.02,9.18,18.7,23.83,18.69,2.07
2019-01-01,2019,1,1,1,0.0,31.49,9.47,19.74,18.3,19.95,1.93
2019-01-02,2019,1,2,2,0.0,31.19,11.03,20.8,20.62,18.4,1.78
2019-01-03,2019,1,3,3,0.0,31.45,12.07,21.29,21.96,18.5,1.42
2019-01-04,2019,1,4,4,0.0,32.09,11.45,21.33,23.03,18.46,1.73
2019-01-05,2019,1,5,5,0.0,32.24,12.42,21.8,29.79,17.58,1.67
2019-01-06,2019,1,6,6,0.0,31.82,14.37,22.33,32.6,17.61,1.15
2019-01-07,2019,1,7,7,0.0,31.53,12.85,21.3,30.19,17.38,2.13
2019-01-08,2019,1,8,8,0.0,31.48,11.15,20.56,18.85,18.61,1.74
2019-01-09,2019,1,9,9,0.0,32.04,11.46,21.28,17.09,18.36,1.4
2019-01-10,2019,1,10,10,0.0,31.96,10.69,20.88,19.55,18.3,1.52
2019-01-11,2019,1,11,11,0.0,32.23,11.92,21.57,29.47,17.74,1.5
2019-01-12,2019,1,12,12,0.0,32.53,14.27,22.74,35.67,17.89,1.67
2019-01-13,2019,1,13,13,0.0,32.05,14.47,22.77,37.69,17.52,1.51
2019-01-14,2019,1,14,14,0.0,32.04,14.76,22.98,36.2,17.4,1.78
2019-01-15,2019,1,15,15,0.0,31.81,14.48,22.61,37.85,17.5,1.9
2019-01-16,2019,1,16,16,0.0,31.89,14.46,22.75,34.64,16.65,1.87
2019-01-17,2019,1,17,17,0.0,32.69,13.6,22.66,23.83,18.36,1.69
2019-01-18,2019,1,18,18,0.0,32.56,13.06,22.73,26.91,17.97,1.59
2019-01-19,2019,1,19,19,0.0,31.85,13.39,22.37,28.07,17.89,1.98
2019-01-20,2019,1,20,20,0.0,32.92,13.18,22.39,23.93,18.89,1.99
2019-01-21,2019,1,21,21,0.0,33.17,13.73,22.84,29.09,19.23,2.21
2019-01-22,2019,1,22,22,0.0,31.49,14.5,22.75,43.24,19.13,1.26
2019-01-23,2019,1,23,23,0.0,31.78,14.49,22.75,41.8,19.81,1.61
2019-01-24,2019,1,24,24,0.0,32.62,14.18,23.5,32.26,19.05,1.42
2019-01-25,2019,1,25,25,0.0,31.71,13.81,22.98,29.39,18.07,1.85
2019-01-26,2019,1,26,26,0.01,31.72,14.71,23.2,34.09,16.08,1.82
2019-01-27,2019,1,27,27,0.12,28.67,16.35,22.1,60.58,12.21,3.41
2019-01-28,2019,1,28,28,0.0,29.12,15.56,21.72,46.07,18.13,3.24
2019-01-29,2019,1,29,29,0.0,29.37,12.32,20.05,24.17,19.02,2.75
2019-01-30,2019,1,30,30,0.0,30.71,9.9,19.95,20.28,20.71,1.81
2019-01-31,2019,1,31,31,0.0,31.62,11.03,21.09,32.43,20.04,2.26
2019-02-01,2019,2,1,32,0.0,32.35,14.36,23.14,47.15,18.75,2.18
2019-02-02,2019,2,2,33,0.0,32.55,16.64,24.45,36.63,18.07,1.85
2019-02-03,2019,2,3,34,0.0,32.71,16.68,24.3,39.56,18.49,2.72
2019-02-04,2019,2,4,35,0.0,33.01,16.37,24.17,43.15,19.6,2.88
2019-02-05,2019,2,5,36,0.0,33.43,16.6,24.87,41.09,19.85,1.91
2019-02-06,2019,2,6,37,0.0,34.93,16.93,26.14,35.6,19.54,1.61
2019-02-07,2019,2,7,38,0.0,33.7,17.56,25.01,35.67,20.67,2.07
2019-02-08,2019,2,8,39,0.0,32.68,15.24,23.06,35.59,21.74,2.64
2019-02-09,2019,2,9,40,0.0,33.04,11.49,21.72,17.42,22.84,2.34
2019-02-10,2019,2,10,41,0.0,33.81,12.31,23.1,16.41,20.91,1.8
2019-02-11,2019,2,11,42,0.0,33.69,15.04,24.65,32.4,18.07,1.96
2019-02-12,2019,2,12,43,0.0,34.87,19.52,26.81,42.6,18.5,2.39
2019-02-13,2019,2,13,44,0.0,34.56,18.74,26.32,35.97,20.32,2.49
2019-02-14,2019,2,14,45,0.0,35.94,17.44,26.75,31.88,21.58,1.87
2019-02-15,2019,2,15,46,0.0,35.73,19.5,27.14,30.26,20.75,1.76
2019-02-16,2019,2,16,47,0.0,34.85,17.35,26.0,28.95,23.06,1.9
2019-02-17,2019,2,17,48,0.0,34.94,15.24,24.87,18.18,22.68,1.52
2019-02-18,2019,2,18,49,0.0,36.11,16.0,26.04,19.59,22.28,1.45
2019-02-19,2019,2,19,50,0.0,37.88,19.46,28.13,20.68,22.1,1.49
2019-02-20,2019,2,20,51,0.0,37.86,19.97,28.91,32.45,20.28,2.63
2019-02-21,2019,2,21,52,0.0,37.06,21.21,29.08,32.52,20.82,1.96
2019-02-22,2019,2,22,53,0.0,37.86,21.04,29.58,27.11,20.43,1.8
2019-02-23,2019,2,23,54,0.0,38.17,21.52,30.2,24.82,22.53,1.11
2019-02-24,2019,2,24,55,0.0,38.59,20.78,29.91,21.83,22.72,1.56
2019-02-25,2019,2,25,56,0.0,37.33,18.99,28.63,17.77,23.23,1.94
2019-02-26,2019,2,26,57,0.0,36.23,18.62,27.23,19.36,23.74,3.02
2019-02-27,2019,2,27,58,0.0,35.15,17.55,26.28,24.66,23.22,2.77
2019-02-28,2019,2,28,59,0.0,34.07,17.03,25.1,28.45,24.24,2.24
2019-03-01,2019,3,1,60,0.0,35.87,15.15,25.71,17.01,24.57,1.42
2019-03-02,2019,3,2,61,0.0,38.14,17.77,28.12,26.04,23.04,2.29
2019-03-03,2019,3,3,62,0.0,37.49,17.9,27.53,31.02,23.8,1.69
2019-03-04,2019,3,4,63,0.0,38.63,18.39,28.16,35.51,23.6,2.8
2019-03-05,2019,3,5,64,0.0,36.41,19.15,27.21,40.07,24.34,2.6
2019-03-06,2019,3,6,65,0.0,35.65,18.21,26.43,30.64,24.97,2.54
2019-03-07,2019,3,7,66,0.0,36.34,16.02,25.99,18.06,25.49,2.38
2019-03-08,2019,3,8,67,0.0,38.09,17.43,27.87,15.98,24.97,1.73
2019-03-09,2019,3,9,68,0.0,37.66,19.2,29.05,19.18,24.55,1.41
2019-03-10,2019,3,10,69,0.0,38.49,20.32,29.82,21.43,24.77,1.96
2019-03-11,2019,3,11,70,0.0,39.26,20.3,29.98,19.23,24.7,2.09
2019-03-12,2019,3,12,71,0.0,38.2,20.51,29.51,25.09,22.91,2.61
2019-03-13,2019,3,13,72,0.0,38.58,21.54,30.12,23.1,23.88,2.05
2019-03-14,2019,3,14,73,0.0,38.49,22.25,30.31,20.97,23.51,2.31
2019-03-15,2019,3,15,74,0.0,38.86,23.39,30.83,22.02,24.57,2.32
2019-03-16,2019,3,16,75,0.0,39.74,21.7,30.77,20.78,24.59,3.06
2019-03-17,2019,3,17,76,0.0,39.16,20.97,30.28,21.53,24.93,2.13
2019-03-18,2019,3,18,77,0.0,39.03,20.76,30.14,18.85,24.76,1.53
2019-03-19,2019,3,19,78,0.0,39.75,20.3,30.29,17.89,25.22,2.41
2019-03-20,2019,3,20,79,0.0,39.37,20.39,29.98,19.89,25.3,2.56
2019-03-21,2019,3,21,80,0.0,38.53,20.32,29.85,23.38,25.07,2.35
2019-03-22,2019,3,22,81,0.0,39.08,20.65,30.03,19.83,26.19,2.69
2019-03-23,2019,3,23,82,0.0,40.5,20.46,30.69,16.61,25.86,2.27
2019-03-24,2019,3,24,83,0.0,40.74,22.17,32.14,24.16,23.78,2.33
2019-03-25,2019,3,25,84,1.07,40.25,25.77,33.68,24.98,20.34,2.53
2019-03-26,2019,3,26,85,0.19,41.1,26.89,33.55,22.45,23.81,2.44
2019-03-27,2019,3,27,86,0.0,41.23,23.01,32.38,21.15,24.47,1.41
2019-03-28,2019,3,28,87,0.05,41.69,22.4,32.06,16.03,24.94,2.0
2019-03-29,2019,3,29,88,0.02,41.62,22.05,32.06,16.34,25.76,2.07
2019-03-30,2019,3,30,89,0.1,41.74,23.43,33.14,21.84,23.23,1.6
2019-03-31,2019,3,31,90,1.49,41.66,25.18,33.14,29.43,22.75,2.93
2019-04-01,2019,4,1,91,0.1,41.43,23.06,32.49,22.14,26.33,2.41
2019-04-02,2019,4,2,92,0.0,41.84,22.26,32.12,21.38,26.72,2.5
2019-04-03,2019,4,3,93,0.0,42.55,22.41,33.0,19.72,25.79,3.01
2019-04-04,2019,4,4,94,3.25,41.88,26.86,34.32,24.2,22.35,2.69
2019-04-05,2019,4,5,95,5.5,39.23,25.46,32.5,40.68,24.72,1.13
2019-04-06,2019,4,6,96,0.0,40.02,25.25,32.5,33.57,24.46,2.03
2019-04-07,2019,4,7,97,0.0,40.79,23.99,32.82,26.57,26.43,1.46
2019-04-08,2019,4,8,98,0.0,41.8,23.33,33.14,23.32,26.78,2.5
2019-04-09,2019,4,9,99,0.0,42.11,23.51,32.91,23.93,26.88,3.01
2019-04-10,2019,4,10,100,0.11,41.67,23.09,33.07,22.89,27.3,2.37
2019-04-11,2019,4,11,101,0.05,41.92,23.87,33.82,20.0,26.38,1.54
2019-04-12,2019,4,12,102,0.58,42.94,24.82,34.02,21.31,25.43,2.63
2019-04-13,2019,4,13,103,1.22,41.94,25.73,34.18,26.38,21.66,1.88
2019-04-14,2019,4,14,104,0.79,41.8,28.29,34.56,26.05,22.7,1.79
2019-04-15,2019,4,15,105,1.26,41.75,27.3,34.48,27.81,24.2,1.94
2019-04-16,2019,4,16,106,0.87,40.16,26.48,33.13,34.18,22.83,3.51
2019-04-17,2019,4,17,107,0.0,39.62,23.75,31.48,34.53,26.08,3.32
2019-04-18,2019,4,18,108,0.0,39.95,21.67,31.35,19.78,28.26,1.94
2019-04-19,2019,4,19,109,0.0,40.66,21.66,31.74,23.84,27.72,2.89
2019-04-20,2019,4,20,110,0.0,41.12,23.27,32.59,24.68,27.41,3.17
2019-04-21,2019,4,21,111,0.0,40.78,23.15,32.4,28.62,27.26,2.83
2019-04-22,2019,4,22,112,0.0,41.5,23.86,32.82,24.61,27.17,3.16
2019-04-23,2019,4,23,113,0.0,41.22,23.45,33.23,24.02,25.49,1.78
2019-04-24,2019,4,24,114,0.0,42.17,26.62,34.83,21.2,23.81,1.64
2019-04-25,2019,4,25,115,0.0,42.86,25.79,35.23,19.08,24.59,1.71
2019-04-26,2019,4,26,116,0.0,44.31,27.62,36.13,18.59,25.4,1.34
2019-04-27,2019,4,27,117,0.04,43.96,28.07,36.28,25.51,20.51,1.9
2019-04-28,2019,4,28,118,0.01,44.04,29.49,36.66,22.58,21.65,2.44
2019-04-29,2019,4,29,119,0.04,44.02,27.41,35.66,27.65,22.55,3.37
2019-04-30,2019,4,30,120,0.09,43.77,26.06,35.11,25.0,22.73,3.46
2019-05-01,2019,5,1,121,0.01,41.32,25.22,33.29,29.75,22.59,4.34
2019-05-02,2019,5,2,122,0.0,42.41,25.17,33.17,28.19,25.41,4.48
2019-05-03,2019,5,3,123,0.0,40.91,23.57,31.86,27.62,27.8,4.73
2019-05-04,2019,5,4,124,0.0,40.12,21.7,31.09,33.53,27.73,4.07
2019-05-05,2019,5,5,125,0.0,40.38,23.63,32.02,36.48,27.05,3.3
2019-05-06,2019,5,6,126,0.0,41.41,23.98,33.32,29.5,26.23,2.68
2019-05-07,2019,5,7,127,0.0,41.27,24.98,33.59,28.21,26.48,3.67
2019-05-08,2019,5,8,128,0.0,40.8,24.63,32.82,36.89,26.42,4.1
2019-05-09,2019,5,9,129,0.0,40.95,24.83,33.06,38.75,26.26,3.81
2019-05-10,2019,5,10,130,0.0,41.31,25.23,33.55,34.56,26.21,3.65
2019-05-11,2019,5,11,131,0.0,40.75,25.36,33.64,31.5,24.28,2.99
2019-05-12,2019,5,12,132,0.0,42.43,25.26,34.07,26.82,26.68,2.52
2019-05-13,2019,5,13,133,0.0,42.44,25.76,34.12,29.88,26.97,3.48
2019-05-14,2019,5,14,134,0.0,42.48,24.2,33.56,28.25,28.02,3.39
2019-05-15,2019,5,15,135,0.0,42.55,23.8,33.48,25.49,28.29,3.44
2019-05-16,2019,5,16,136,0.0,42.41,23.98,33.51,24.42,28.06,3.28
2019-05-17,2019,5,17,137,0.0,42.81,24.66,34.12,21.49,27.74,3.22
2019-05-18,2019,5,18,138,0.0,42.33,26.62,34.92,23.12,26.33,3.55
2019-05-19,2019,5,19,139,0.0,43.03,27.23,35.55,20.26,26.78,3.87
2019-05-20,2019,5,20,140,0.0,43.87,26.89,35.92,17.46,25.9,3.17
2019-05-21,2019,5,21,141,0.74,44.05,28.14,36.64,21.89,24.84,2.0
2019-05-22,2019,5,22,142,0.49,43.5,27.93,36.25,29.12,24.99,2.64
2019-05-23,2019,5,23,143,0.94,43.01,28.0,35.75,28.49,25.89,3.6
2019-05-24,2019,5,24,144,0.1,42.21,27.64,35.61,28.59,25.65,2.44
2019-05-25,2019,5,25,145,0.0,42.69,28.08,35.44,29.97,26.93,4.1
2019-05-26,2019,5,26,146,0.0,43.09,27.35,35.19,29.57,26.97,4.26
2019-05-27,2019,5,27,147,0.15,43.03,27.38,35.45,30.26,26.0,3.36
2019-05-28,2019,5,28,148,0.0,43.96,27.92,36.42,25.67,26.96,3.65
2019-05-29,2019,5,29,149,0.0,43.51,26.47,35.45,27.79,27.33,3.46
2019-05-30,2019,5,30,150,0.0,43.71,26.2,35.5,29.51,26.18,3.64
2019-05-31,2019,5,31,151,0.75,43.17,28.33,36.05,32.67,25.12,3.29
2019-06-01,2019,6,1,152,0.31,41.02,27.23,34.46,37.87,21.92,3.35
2019-06-02,2019,6,2,153,0.86,43.63,27.89,35.57,35.13,25.82,4.02
2019-06-03,2019,6,3,154,18.34,40.92,27.02,33.1,48.91,23.01,4.52
2019-06-04,2019,6,4,155,0.73,38.66,25.72,32.11,51.89,19.23,3.06
2019-06-05,2019,6,5,156,0.09,40.59,25.43,33.54,48.2,23.17,2.2
2019-06-06,2019,6,6,157,1.51,39.66,26.21,31.63,50.55,19.74,3.86
2019-06-07,2019,6,7,158,1.48,40.45,27.03,33.47,47.45,18.67,2.52
2019-06-08,2019,6,8,159,5.92,35.0,26.72,30.57,59.33,16.12,2.09
2019-06-09,2019,6,9,160,1.77,32.33,26.38,28.93,69.26,18.16,1.45
2019-06-10,2019,6,10,161,4.07,37.82,24.83,30.93,61.69,23.46,2.28
2019-06-11,2019,6,11,162,0.25,37.46,25.23,30.36,60.31,22.93,4.21
2019-06-12,2019,6,12,163,0.34,35.99,25.02,29.84,62.37,16.28,5.56
2019-06-13,2019,6,13,164,1.95,35.52,24.13,28.87,59.67,18.18,5.1
2019-06-14,2019,6,14,165,0.04,36.79,22.81,29.03,56.63,22.88,5.1
2019-06-15,2019,6,15,166,0.04,37.84,23.8,30.21,57.4,23.19,4.96
2019-06-16,2019,6,16,167,0.0,38.88,24.52,30.99,53.86,22.11,5.04
2019-06-17,2019,6,17,168,0.0,38.96,25.22,31.18,51.79,21.56,5.54
2019-06-18,2019,6,18,169,0.01,38.05,24.67,30.74,53.6,22.68,5.35
2019-06-19,2019,6,19,170,0.14,38.72,25.16,31.34,54.32,18.96,5.53
2019-06-20,2019,6,20,171,1.52,38.1,25.42,30.58,56.26,19.35,4.77
2019-06-21,2019,6,21,172,5.91,35.07,25.85,29.95,57.15,19.74,3.97
2019-06-22,2019,6,22,173,5.15,30.1,24.91,27.01,71.31,11.41,2.41
2019-06-23,2019,6,23,174,20.56,29.47,23.56,26.35,78.42,17.84,2.91
2019-06-24,2019,6,24,175,6.56,30.92,23.8,26.74,77.0,17.28,3.65
2019-06-25,2019,6,25,176,1.76,33.46,23.91,28.06,71.39,20.25,2.33
2019-06-26,2019,6,26,177,0.21,32.63,23.99,27.58,73.13,21.26,3.44
2019-06-27,2019,6,27,178,0.97,35.19,23.79,28.64,68.89,17.43,4.67
2019-06-28,2019,6,28,179,0.88,30.12,23.33,26.16,72.62,14.61,5.65
2019-06-29,2019,6,29,180,2.45,29.02,22.24,25.24,74.13,13.04,5.41
2019-06-30,2019,6,30,181,3.18,32.64,22.99,27.18,70.07,13.33,4.9
2019-07-01,2019,7,1,182,4.29,33.08,23.46,27.4,69.91,12.25,4.54
2019-07-02,2019,7,2,183,3.02,33.18,22.94,27.11,68.08,13.55,5.33
2019-07-03,2019,7,3,184,1.05,32.3,23.67,26.99,69.3,15.96,5.43
2019-07-04,2019,7,4,185,0.47,32.68,23.03,27.38,67.37,19.09,5.62
2019-07-05,2019,7,5,186,2.21,31.77,23.12,27.24,73.66,15.4,6.29
2019-07-06,2019,7,6,187,1.36,33.25,24.44,27.97,70.02,13.02,7.78
2019-07-07,2019,7,7,188,2.4,32.6,24.24,27.49,71.6,17.95,6.77
2019-07-08,2019,7,8,189,3.9,33.56,23.24,27.63,71.17,19.27,6.02
2019-07-09,2019,7,9,190,0.97,32.44,23.41,27.36,73.03,18.11,5.79
2019-07-10,2019,7,10,191,1.39,32.63,23.74,27.26,74.08,16.91,6.09
2019-07-11,2019,7,11,192,1.51,31.15,23.51,26.79,73.99,15.91,5.77
2019-07-12,2019,7,12,193,0.6,33.06,22.15,27.12,70.35,15.65,4.68
2019-07-13,2019,7,13,194,0.12,30.69,23.23,26.74,76.24,19.13,4.18
2019-07-14,2019,7,14,195,0.35,33.68,23.33,27.6,70.01,18.34,4.52
2019-07-15,2019,7,15,196,0.09,33.32,23.49,27.55,70.44,21.75,4.25
2019-07-16,2019,7,16,197,0.21,33.35,23.35,27.55,67.35,21.09,4.75
2019-07-17,2019,7,17,198,0.95,35.52,22.28,28.37,63.66,21.35,4.43
2019-07-18,2019,7,18,199,2.52,35.94,22.97,28.95,64.36,22.86,3.72
2019-07-19,2019,7,19,200,9.16,29.13,24.0,26.24,78.35,20.4,2.38
2019-07-20,2019,7,20,201,8.83,34.05,23.38,28.34,68.7,18.45,0.93
2019-07-21,2019,7,21,202,2.45,34.71,24.47,29.01,68.4,15.8,1.8
2019-07-22,2019,7,22,203,0.75,32.64,24.27,28.01,73.03,14.94,3.32
2019-07-23,2019,7,23,204,0.28,32.06,23.71,27.03,75.77,16.24,3.45
2019-07-24,2019,7,24,205,0.15,32.44,23.84,27.23,75.77,17.49,4.37
2019-07-25,2019,7,25,206,0.09,30.22,23.4,26.38,78.18,17.4,4.34
2019-07-26,2019,7,26,207,2.94,30.18,23.58,26.28,75.69,11.82,5.17
2019-07-27,2019,7,27,208,1.27,29.89,22.61,25.76,75.81,11.57,6.43
2019-07-28,2019,7,28,209,2.2,29.84,23.2,26.1,75.44,9.82,5.88
2019-07-29,2019,7,29,210,7.44,29.33,23.5,25.8,78.05,8.9,5.8
2019-07-30,2019,7,30,211,7.16,30.14,23.16,25.64,78.42,7.64,6.03
2019-07-31,2019,7,31,212,1.78,32.47,22.19,26.62,72.65,17.52,6.09
2019-08-01,2019,8,1,213,10.24,32.86,22.29,26.73,73.07,13.02,6.39
2019-08-02,2019,8,2,214,6.52,30.83,22.48,25.96,74.79,12.93,6.86
2019-08-03,2019,8,3,215,11.18,30.18,23.44,26.01,75.5,11.81,7.86
2019-08-04,2019,8,4,216,4.33,27.38,22.64,24.99,79.56,14.62,7.86
2019-08-05,2019,8,5,217,11.89,30.87,23.39,26.13,78.08,13.54,7.62
2019-08-06,2019,8,6,218,5.91,29.04,22.86,25.6,79.33,11.2,7.55
2019-08-07,2019,8,7,219,7.36,28.51,22.83,25.38,81.11,10.39,7.11
2019-08-08,2019,8,8,220,1.9,29.38,23.61,25.77,78.76,8.93,7.6
2019-08-09,2019,8,9,221,2.24,32.29,23.16,26.81,74.13,9.99,7.41
2019-08-10,2019,8,10,222,0.65,32.75,23.15,26.93,72.54,16.18,6.6
2019-08-11,2019,8,11,223,0.42,32.98,21.71,26.64,72.45,17.85,5.25
2019-08-12,2019,8,12,224,0.96,32.05,21.88,26.53,74.38,15.18,4.26
2019-08-13,2019,8,13,225,0.2,31.81,22.13,26.38,76.05,15.52,4.5
2019-08-14,2019,8,14,226,6.4,29.62,23.15,25.89,79.22,15.57,3.73
2019-08-15,2019,8,15,227,2.44,33.1,22.67,27.09,75.08,15.24,4.38
2019-08-16,2019,8,16,228,0.11,33.66,22.47,27.31,72.56,17.59,4.48
2019-08-17,2019,8,17,229,0.02,32.56,22.55,26.82,72.74,17.48,3.65
2019-08-18,2019,8,18,230,0.84,30.65,22.66,26.11,75.93,17.86,3.48
2019-08-19,2019,8,19,231,0.13,33.05,22.25,27.09,71.19,20.8,3.51
2019-08-20,2019,8,20,232,0.09,30.8,22.69,26.43,74.53,20.18,3.34
2019-08-21,2019,8,21,233,6.2,33.85,22.42,27.33,70.79,19.0,4.38
2019-08-22,2019,8,22,234,4.96,33.51,22.46,27.21,70.01,20.75,4.43
2019-08-23,2019,8,23,235,1.9,31.47,21.8,26.26,73.7,17.64,4.19
2019-08-24,2019,8,24,236,1.41,33.33,22.25,26.79,71.21,20.31,4.46
2019-08-25,2019,8,25,237,0.06,34.39,21.32,26.83,67.45,21.6,4.46
2019-08-26,2019,8,26,238,0.0,33.62,21.01,26.59,68.4,20.4,4.53
2019-08-27,2019,8,27,239,0.0,33.23,21.54,26.51,69.79,21.9,4.33
2019-08-28,2019,8,28,240,0.09,34.31,21.58,27.43,68.98,20.39,3.68
2019-08-29,2019,8,29,241,0.44,34.26,22.41,27.6,69.77,18.03,3.26
2019-08-30,2019,8,30,242,0.86,33.01,23.15,27.13,72.37,16.47,3.94
2019-08-31,2019,8,31,243,7.54,29.89,23.28,25.77,79.94,10.97,3.88
2019-09-01,2019,9,1,244,6.6,30.34,22.5,25.65,77.8,12.22,4.31
2019-09-02,2019,9,2,245,10.59,30.01,21.45,25.41,77.22,15.65,4.41
2019-09-03,2019,9,3,246,8.84,28.91,22.47,24.95,81.24,11.4,4.28
2019-09-04,2019,9,4,247,0.8,30.27,21.08,25.03,80.11,13.41,5.18
2019-09-05,2019,9,5,248,1.43,30.7,22.96,25.98,78.61,15.09,5.37
2019-09-06,2019,9,6,249,1.81,31.04,22.95,26.11,77.58,12.11,5.35
2019-09-07,2019,9,7,250,2.84,30.59,22.88,25.75,77.62,12.61,5.25
2019-09-08,2019,9,8,251,0.93,32.19,22.01,26.21,75.55,13.2,5.09
2019-09-09,2019,9,9,252,0.67,33.26,22.29,26.88,73.52,14.3,5.21
2019-09-10,2019,9,10,253,0.27,33.55,22.59,27.22,73.21,13.96,4.87
2019-09-11,2019,9,11,254,0.28,29.97,22.37,25.69,76.72,13.15,4.11
2019-09-12,2019,9,12,255,1.44,32.46,21.98,26.28,75.0,16.49,4.0
2019-09-13,2019,9,13,256,0.4,32.38,22.31,26.52,73.94,15.55,4.49
2019-09-14,2019,9,14,257,4.5,32.7,22.08,26.22,77.29,16.18,4.03
2019-09-15,2019,9,15,258,1.22,34.22,22.25,27.14,71.31,16.73,3.78
2019-09-16,2019,9,16,259,2.13,33.74,21.73,27.12,69.92,13.37,4.25
2019-09-17,2019,9,17,260,1.56,32.78,22.14,26.78,74.97,15.89,3.56
2019-09-18,2019,9,18,261,10.01,28.89,23.24,25.9,81.24,8.35,1.89
2019-09-19,2019,9,19,262,19.88,32.1,22.17,26.26,79.47,15.36,2.65
2019-09-20,2019,9,20,263,1.43,32.24,21.81,26.24,74.88,15.87,2.61
2019-09-21,2019,9,21,264,0.1,34.48,20.82,27.04,70.29,22.31,2.58
2019-09-22,2019,9,22,265,21.23,34.15,21.72,27.82,72.02,20.17,1.17
2019-09-23,2019,9,23,266,38.56,30.34,23.42,26.16,83.94,19.89,2.04
2019-09-24,2019,9,24,267,25.64,28.68,23.11,25.18,88.52,14.39,2.44
2019-09-25,2019,9,25,268,9.08,30.05,23.26,25.73,85.74,14.71,2.48
2019-09-26,2019,9,26,269,12.03,29.23,22.81,25.46,83.41,13.87,2.74
2019-09-27,2019,9,27,270,1.75,30.33,21.62,25.28,80.77,18.07,2.34
2019-09-28,2019,9,28,271,0.02,32.07,21.23,26.11,77.04,17.3,1.93
2019-09-29,2019,9,29,272,1.08,31.19,21.99,26.11,78.54,20.99,1.61
2019-09-30,2019,9,30,273,4.86,28.19,22.43,24.74,82.18,19.99,1.48
2019-10-01,2019,10,1,274,6.23,31.84,21.11,26.09,76.76,21.5,1.58
2019-10-02,2019,10,2,275,0.78,32.57,21.81,26.75,72.51,22.09,1.58
2019-10-03,2019,10,3,276,16.99,28.09,22.79,25.37,80.84,18.11,1.12
2019-10-04,2019,10,4,277,2.13,29.39,21.98,25.47,78.3,16.22,1.0
2019-10-05,2019,10,5,278,12.98,29.23,21.65,25.41,79.59,21.07,1.25
2019-10-06,2019,10,6,279,4.78,29.49,21.66,25.57,76.28,15.55,0.99
2019-10-07,2019,10,7,280,2.31,32.06,21.5,26.34,74.45,20.41,1.24
2019-10-08,2019,10,8,281,1.63,31.69,21.41,26.05,77.06,18.24,2.1
2019-10-09,2019,10,9,282,9.11,29.49,21.98,25.36,81.33,17.49,1.72
2019-10-10,2019,10,10,283,10.28,29.78,21.47,25.54,79.65,16.95,1.47
2019-10-11,2019,10,11,284,2.12,31.28,21.38,26.01,76.26,17.56,1.29
2019-10-12,2019,10,12,285,2.26,30.92,21.64,26.05,78.9,17.5,1.24
2019-10-13,2019,10,13,286,2.64,31.0,22.8,26.04,82.27,15.88,1.53
2019-10-14,2019,10,14,287,0.33,27.47,21.75,24.45,81.97,19.3,2.24
2019-10-15,2019,10,15,288,0.01,30.01,20.06,24.74,78.39,19.35,2.19
2019-10-16,2019,10,16,289,0.22,30.62,20.77,25.09,79.49,16.87,1.95
2019-10-17,2019,10,17,290,1.93,30.3,21.67,24.84,80.27,15.28,2.09
2019-10-18,2019,10,18,291,15.71,29.88,20.53,24.27,80.86,10.84,2.39
2019-10-19,2019,10,19,292,23.99,25.72,21.97,23.38,90.05,13.37,2.51
2019-10-20,2019,10,20,293,34.45,28.07,21.21,23.92,85.92,11.94,1.85
2019-10-21,2019,10,21,294,14.64,27.73,21.22,23.88,85.98,15.83,1.95
2019-10-22,2019,10,22,295,3.76,30.08,21.08,24.78,81.25,14.25,1.96
2019-10-23,2019,10,23,296,9.13,28.81,21.81,24.78,81.57,14.91,1.33
2019-10-24,2019,10,24,297,8.73,29.07,22.0,24.36,85.62,13.26,1.9
2019-10-25,2019,10,25,298,14.25,28.71,20.82,23.88,87.08,9.9,2.99
2019-10-26,2019,10,26,299,5.63,29.47,21.58,24.76,82.71,11.59,2.9
2019-10-27,2019,10,27,300,0.66,27.62,20.15,23.71,81.88,17.21,1.27
2019-10-28,2019,10,28,301,0.53,30.19,20.41,24.96,82.21,17.62,1.79
2019-10-29,2019,10,29,302,0.3,30.17,21.18,25.04,82.73,17.61,2.31
2019-10-30,2019,10,30,303,11.64,29.65,20.51,24.39,82.48,18.92,2.35
2019-10-31,2019,10,31,304,2.57,29.56,20.34,24.07,81.0,13.58,2.57
2019-11-01,2019,11,1,305,1.8,28.7,21.14,24.18,84.47,12.6,2.73
2019-11-02,2019,11,2,306,0.22,28.88,21.18,24.62,84.04,18.0,1.4
2019-11-03,2019,11,3,307,0.41,30.57,21.67,25.38,79.48,16.55,1.17
2019-11-04,2019,11,4,308,1.36,31.33,20.34,25.25,79.59,18.08,1.47
2019-11-05,2019,11,5,309,0.4,31.16,20.74,25.52,75.71,15.16,1.38
2019-11-06,2019,11,6,310,0.84,31.96,20.92,26.31,69.68,18.59,0.64
2019-11-07,2019,11,7,311,1.23,30.48,22.21,25.9,76.7,18.73,1.03
2019-11-08,2019,11,8,312,0.05,31.49,20.59,25.23,75.67,20.59,1.51
2019-11-09,2019,11,9,313,0.0,31.83,19.29,25.0,72.33,20.48,1.35
2019-11-10,2019,11,10,314,0.0,30.93,18.89,24.48,74.21,18.64,1.42
2019-11-11,2019,11,11,315,0.0,30.64,18.18,23.66,74.19,18.35,1.85
2019-11-12,2019,11,12,316,0.0,29.28,19.94,23.66,78.74,17.62,2.36
2019-11-13,2019,11,13,317,0.0,28.73,17.54,22.18,74.81,17.54,2.41
2019-11-14,2019,11,14,318,0.24,28.82,16.65,22.27,80.37,14.53,2.12
2019-11-15,2019,11,15,319,0.0,27.71,18.95,23.08,80.97,14.83,1.88
2019-11-16,2019,11,16,320,0.0,29.38,19.38,23.66,80.82,12.86,2.08
2019-11-17,2019,11,17,321,0.0,30.0,18.78,23.31,77.37,17.13,2.32
2019-11-18,2019,11,18,322,0.0,29.6,16.58,21.7,74.81,17.05,2.12
2019-11-19,2019,11,19,323,0.0,29.58,15.04,21.56,75.11,15.87,1.52
2019-11-20,2019,11,20,324,0.0,29.33,16.07,22.37,78.82,13.71,1.55
2019-11-21,2019,11,21,325,0.0,29.37,18.12,22.71,77.91,15.17,2.41
2019-11-22,2019,11,22,326,0.0,29.1,15.96,21.8,74.04,17.26,1.91
2019-11-23,2019,11,23,327,0.0,29.33,15.3,21.41,73.95,17.66,2.13
2019-11-24,2019,11,24,328,0.0,28.34,14.49,20.93,73.79,17.99,1.82
2019-11-25,2019,11,25,329,0.0,29.56,15.46,21.48,73.8,17.71,2.18
2019-11-26,2019,11,26,330,0.0,28.99,14.38,20.9,73.4,17.94,2.23
2019-11-27,2019,11,27,331,0.0,29.44,15.29,21.5,73.91,18.17,2.18
2019-11-28,2019,11,28,332,0.0,29.64,16.54,22.43,76.49,17.66,2.1
2019-11-29,2019,11,29,333,0.0,30.16,17.09,22.97,75.54,15.86,1.83
2019-11-30,2019,11,30,334,0.0,29.49,17.27,22.83,77.54,14.18,2.21
2019-12-01,2019,12,1,335,0.0,28.9,18.2,22.85,80.67,15.91,2.23
2019-12-02,2019,12,2,336,0.92,29.3,19.9,23.43,76.73,9.59,2.61
2019-12-03,2019,12,3,337,2.43,28.23,18.94,22.83,80.15,8.97,2.69
2019-12-04,2019,12,4,338,0.01,28.75,18.58,23.1,76.59,11.59,2.86
2019-12-05,2019,12,5,339,0.0,28.85,18.14,22.42,75.48,13.32,2.58
2019-12-06,2019,12,6,340,0.0,28.29,15.41,20.98,73.14,15.85,2.15
2019-12-07,2019,12,7,341,0.0,28.03,14.97,20.72,73.09,15.43,1.97
2019-12-08,2019,12,8,342,0.0,28.64,15.5,21.81,77.38,12.87,1.59
2019-12-09,2019,12,9,343,0.0,28.91,18.22,23.0,76.39,14.64,1.86
2019-12-10,2019,12,10,344,0.0,29.01,17.11,22.65,75.32,14.76,1.81
2019-12-11,2019,12,11,345,0.0,29.3,16.76,22.93,71.38,16.22,1.59
2019-12-12,2019,12,12,346,0.0,29.46,17.0,23.41,67.09,17.15,1.67
2019-12-13,2019,12,13,347,0.0,29.7,17.99,23.59,70.33,15.86,0.71
2019-12-14,2019,12,14,348,0.0,29.88,18.97,23.77,72.07,16.66,1.09
2019-12-15,2019,12,15,349,0.0,29.64,18.52,23.34,73.9,16.23,1.77
2019-12-16,2019,12,16,350,0.0,29.1,17.53,22.83,73.24,16.64,1.8
2019-12-17,2019,12,17,351,0.0,29.4,17.26,22.51,71.62,16.89,2.5
2019-12-18,2019,12,18,352,0.0,28.62,15.77,21.35,73.59,16.57,1.95
2019-12-19,2019,12,19,353,0.0,29.0,15.3,21.61,72.34,15.87,1.91
2019-12-20,2019,12,20,354,0.0,29.19,15.14,21.86,69.73,13.35,1.83
2019-12-21,2019,12,21,355,0.0,29.56,16.0,22.06,69.82,16.24,1.93
2019-12-22,2019,12,22,356,0.0,29.11,16.37,22.0,72.71,14.61,2.06
2019-12-23,2019,12,23,357,0.0,29.25,17.35,22.55,69.74,13.7,2.01
2019-12-24,2019,12,24,358,0.0,29.73,16.84,22.77,67.33,15.32,2.03
2019-12-25,2019,12,25,359,0.0,30.57,16.9,23.3,69.01,15.47,1.82
2019-12-26,2019,12,26,360,0.0,29.75,18.66,23.69,73.85,11.81,1.32
2019-12-27,2019,12,27,361,0.0,29.27,19.29,23.45,76.25,13.52,1.87
2019-12-28,2019,12,28,362,0.0,28.72,17.57,22.14,71.18,9.7,2.42
2019-12-29,2019,12,29,363,0.0,28.1,15.78,21.62,71.95,12.37,2.13
2019-12-30,2019,12,30,364,0.03,29.08,17.99,22.96,69.88,13.36,2.07
2019-12-31,2019,12,31,365,0.01,30.37,17.58,22.96,69.17,16.17,1.99
2020-01-01,2020,1,1,1,0.01,30.41,15.76,22.85,71.16,13.37,1.82
2020-01-02,2020,1,2,2,0.76,30.1,17.75,23.53,66.33,14.36,1.21
2020-01-03,2020,1,3,3,0.07,29.97,15.35,21.7,66.52,18.3,1.53
2020-01-04,2020,1,4,4,0.0,29.42,13.24,20.74,65.42,15.14,1.38
2020-01-05,2020,1,5,5,0.0,28.1,14.52,20.45,71.85,15.79,2.78
2020-01-06,2020,1,6,6,0.0,29.39,14.65,21.71,68.05,14.76,2.43
2020-01-07,2020,1,7,7,0.0,30.64,19.11,24.42,69.19,15.84,2.03
2020-01-08,2020,1,8,8,0.0,30.35,19.77,24.35,71.03,11.92,2.2
2020-01-09,2020,1,9,9,0.0,30.03,17.73,22.86,71.09,14.77,1.8
2020-01-10,2020,1,10,10,0.0,28.85,16.27,21.94,68.59,10.94,2.86
2020-01-11,2020,1,11,11,0.0,29.02,15.39,21.31,65.78,13.1,2.44
2020-01-12,2020,1,12,12,0.0,29.06,13.55,21.13,60.82,17.21,1.66
2020-01-13,2020,1,13,13,0.0,30.03,13.18,21.35,52.29,18.31,1.01
2020-01-14,2020,1,14,14,0.0,30.16,15.1,22.22,55.36,17.47,0.71
2020-01-15,2020,1,15,15,0.0,30.69,13.87,21.62,58.59,17.81,2.24
2020-01-16,2020,1,16,16,0.0,28.07,14.82,20.61,70.83,17.42,1.37
2020-01-17,2020,1,17,17,0.0,28.98,12.37,20.55,61.19,18.83,1.41
2020-01-18,2020,1,18,18,0.03,30.75,14.63,22.97,61.73,17.46,1.77
2020-01-19,2020,1,19,19,0.0,30.89,16.86,23.6,64.07,16.73,1.4
2020-01-20,2020,1,20,20,0.0,31.52,16.01,23.67,60.53,16.7,1.74
2020-01-21,2020,1,21,21,0.0,31.91,17.98,24.28,57.64,18.02,2.1
2020-01-22,2020,1,22,22,0.0,31.92,17.04,23.54,53.15,19.29,2.8
2020-01-23,2020,1,23,23,0.0,31.58,14.76,22.74,54.4,19.51,1.98
2020-01-24,2020,1,24,24,0.0,32.23,14.63,23.15,53.31,19.36,1.97
2020-01-25,2020,1,25,25,0.0,32.52,15.89,24.32,49.82,18.89,1.44
2020-01-26,2020,1,26,26,0.0,32.93,16.64,24.63,48.67,18.78,1.33
2020-01-27,2020,1,27,27,0.0,33.88,16.23,24.54,52.48,17.61,2.44
2020-01-28,2020,1,28,28,0.0,31.38,16.28,23.06,62.14,18.19,2.66
2020-01-29,2020,1,29,29,0.0,30.82,15.53,22.2,62.91,20.51,2.14
2020-01-30,2020,1,30,30,0.0,31.93,13.78,22.23,52.02,20.87,1.67
2020-01-31,2020,1,31,31,0.0,32.47,13.56,22.59,48.75,19.85,1.63
2020-02-01,2020,2,1,32,0.0,32.74,14.79,23.17,49.5,19.77,1.6
2020-02-02,2020,2,2,33,0.05,32.39,16.54,24.52,57.72,17.23,2.16
2020-02-03,2020,2,3,34,0.02,31.49,19.48,25.42,56.73,16.92,1.3
2020-02-04,2020,2,4,35,0.0,32.72,19.28,25.67,52.86,17.48,1.36
2020-02-05,2020,2,5,36,0.0,32.48,19.23,25.42,50.12,18.63,1.97
2020-02-06,2020,2,6,37,0.0,32.97,17.55,24.88,50.85,18.59,1.96
2020-02-07,2020,2,7,38,0.0,32.06,15.01,22.55,47.97,20.84,2.77
2020-02-08,2020,2,8,39,0.0,31.2,13.81,22.37,54.78,17.6,2.26
2020-02-09,2020,2,9,40,0.0,30.17,17.1,23.04,59.94,15.51,3.57
2020-02-10,2020,2,10,41,0.0,31.28,19.54,24.83,57.24,14.27,3.12
2020-02-11,2020,2,11,42,0.0,31.6,19.33,24.99,58.03,15.9,2.83
2020-02-12,2020,2,12,43,0.0,32.68,19.0,25.33,52.82,16.95,2.54
2020-02-13,2020,2,13,44,0.0,33.1,17.86,24.7,45.37,17.54,2.49
2020-02-14,2020,2,14,45,0.0,33.82,15.26,25.03,36.48,21.21,1.48
2020-02-15,2020,2,15,46,0.0,34.8,16.7,25.97,35.98,21.47,1.1
2020-02-16,2020,2,16,47,0.0,35.04,16.48,25.78,33.3,21.41,2.08
2020-02-17,2020,2,17,48,0.0,35.34,16.14,25.44,34.47,21.12,2.25
2020-02-18,2020,2,18,49,0.0,35.39,16.14,25.74,30.36,21.97,1.89
2020-02-19,2020,2,19,50,0.0,35.13,16.38,25.69,29.7,22.29,1.58
2020-02-20,2020,2,20,51,0.0,35.31,17.37,26.13,37.98,21.1,2.22
2020-02-21,2020,2,21,52,0.0,34.82,17.88,26.07,36.79,21.16,2.4
2020-02-22,2020,2,22,53,0.0,35.21,17.77,26.35,34.34,22.54,2.72
2020-02-23,2020,2,23,54,0.0,35.45,17.84,26.56,34.87,22.78,2.47
2020-02-24,2020,2,24,55,0.0,36.11,18.11,27.51,33.97,21.7,1.41
2020-02-25,2020,2,25,56,0.0,35.34,18.99,26.72,26.29,22.62,2.75
2020-02-26,2020,2,26,57,0.0,34.48,16.92,25.33,21.9,21.6,2.92
2020-02-27,2020,2,27,58,0.0,35.08,16.15,25.56,22.2,22.34,2.2
2020-02-28,2020,2,28,59,0.0,35.25,16.52,26.2,28.38,21.65,2.22
2020-02-29,2020,2,29,60,0.74,34.02,19.88,27.5,38.72,18.11,1.72
2020-03-01,2020,3,1,61,5.83,33.47,23.05,28.13,46.02,18.24,1.34
2020-03-02,2020,3,2,62,0.82,34.49,22.42,28.13,48.39,21.32,0.82
2020-03-03,2020,3,3,63,0.33,35.34,20.38,27.46,43.11,21.71,2.32
2020-03-04,2020,3,4,64,0.0,35.3,17.59,25.91,38.84,24.81,2.46
2020-03-05,2020,3,5,65,0.0,34.24,16.75,25.63,40.73,24.16,2.21
2020-03-06,2020,3,6,66,0.0,33.95,16.53,24.94,45.1,24.88,3.23
2020-03-07,2020,3,7,67,0.0,34.61,17.09,26.15,44.95,20.94,2.7
2020-03-08,2020,3,8,68,0.0,36.12,20.62,28.56,36.26,20.59,1.96
2020-03-09,2020,3,9,69,0.0,36.39,23.01,29.33,37.28,20.49,2.24
2020-03-10,2020,3,10,70,0.0,37.57,20.3,29.2,38.91,22.92,2.75
2020-03-11,2020,3,11,71,0.01,35.29,20.82,28.0,45.28,21.64,2.92
2020-03-12,2020,3,12,72,0.0,35.54,19.29,27.79,38.07,23.17,2.2
2020-03-13,2020,3,13,73,0.0,36.72,19.92,28.63,38.8,23.45,2.96
2020-03-14,2020,3,14,74,0.0,38.12,20.33,29.26,23.12,24.15,1.91
2020-03-15,2020,3,15,75,0.0,38.02,22.12,30.43,31.21,23.34,2.45
2020-03-16,2020,3,16,76,1.28,37.71,25.19,31.46,32.81,21.68,2.57
2020-03-17,2020,3,17,77,0.12,38.32,25.14,31.75,32.95,20.65,1.92
2020-03-18,2020,3,18,78,0.24,38.56,26.36,32.74,29.11,20.43,1.69
2020-03-19,2020,3,19,79,0.79,38.57,25.69,31.76,26.74,23.12,1.69
2020-03-20,2020,3,20,80,0.0,38.23,20.11,29.35,21.97,25.97,2.88
2020-03-21,2020,3,21,81,0.0,37.59,18.76,28.13,27.1,26.28,2.65
2020-03-22,2020,3,22,82,0.0,38.01,19.18,29.0,22.84,26.11,1.68
2020-03-23,2020,3,23,83,0.0,38.54,21.1,30.14,23.57,24.9,1.44
2020-03-24,2020,3,24,84,4.88,38.86,22.8,31.29,31.78,22.18,1.99
2020-03-25,2020,3,25,85,2.6,37.52,25.81,31.27,44.59,18.53,1.37
2020-03-26,2020,3,26,86,0.06,38.15,24.17,31.0,38.88,23.4,2.81
2020-03-27,2020,3,27,87,0.02,38.9,23.5,31.06,32.84,24.78,2.42
2020-03-28,2020,3,28,88,0.0,38.54,21.41,30.56,30.0,24.35,1.31
2020-03-29,2020,3,29,89,0.02,39.78,25.21,32.47,29.64,24.38,1.63
2020-03-30,2020,3,30,90,0.14,39.85,25.08,32.09,28.87,23.87,2.2
2020-03-31,2020,3,31,91,0.49,39.98,23.51,32.16,29.46,23.99,1.74
2020-04-01,2020,4,1,92,0.09,39.77,25.4,32.63,30.35,23.65,1.79
2020-04-02,2020,4,2,93,0.0,40.53,25.13,33.24,27.37,23.61,1.7
2020-04-03,2020,4,3,94,0.04,41.01,28.19,34.37,26.99,22.54,2.39
2020-04-04,2020,4,4,95,0.43,39.84,28.49,33.61,29.63,21.63,3.74
2020-04-05,2020,4,5,96,3.91,40.47,27.07,33.28,31.78,21.54,2.95
2020-04-06,2020,4,6,97,2.15,38.96,23.77,31.13,39.4,24.14,2.43
2020-04-07,2020,4,7,98,0.72,38.9,22.44,30.71,34.43,23.7,2.06
2020-04-08,2020,4,8,99,0.12,38.66,21.25,30.09,29.62,27.55,2.42
2020-04-09,2020,4,9,100,0.43,39.02,21.08,30.71,27.18,27.08,1.91
2020-04-10,2020,4,10,101,0.07,38.87,22.21,31.1,31.88,22.02,2.34
2020-04-11,2020,4,11,102,0.0,39.67,26.99,33.1,30.15,25.2,2.3
2020-04-12,2020,4,12,103,0.02,40.48,25.91,33.41,29.59,24.52,1.95
2020-04-13,2020,4,13,104,0.24,40.06,27.11,33.96,28.82,22.52,1.67
2020-04-14,2020,4,14,105,0.05,40.96,27.69,34.58,25.89,24.35,1.76
2020-04-15,2020,4,15,106,0.02,40.97,25.42,33.75,24.8,23.86,2.08
2020-04-16,2020,4,16,107,0.22,40.87,27.05,34.18,30.91,22.58,1.93
2020-04-17,2020,4,17,108,0.46,41.55,27.09,34.53,29.91,23.91,2.43
2020-04-18,2020,4,18,109,1.05,41.41,28.29,34.66,32.23,22.8,1.87
2020-04-19,2020,4,19,110,1.01,40.78,26.69,33.8,36.5,22.84,2.21
2020-04-20,2020,4,20,111,0.54,40.53,28.44,34.06,32.21,24.37,1.92
2020-04-21,2020,4,21,112,0.15,41.21,28.01,34.36,28.99,25.74,1.05
2020-04-22,2020,4,22,113,0.01,41.81,24.39,33.65,23.55,27.05,2.42
2020-04-23,2020,4,23,114,0.0,42.63,26.05,34.65,26.12,25.96,3.31
2020-04-24,2020,4,24,115,0.0,42.37,26.17,34.75,26.52,26.55,3.16
2020-04-25,2020,4,25,116,0.0,40.74,26.0,33.19,32.65,27.85,3.71
2020-04-26,2020,4,26,117,0.0,41.42,23.99,33.01,24.01,28.13,2.54
2020-04-27,2020,4,27,118,0.0,41.77,24.29,33.42,28.28,26.72,3.06
2020-04-28,2020,4,28,119,0.04,40.3,25.73,33.76,32.61,23.66,2.55
2020-04-29,2020,4,29,120,0.02,40.76,28.3,34.82,30.63,22.9,2.38
2020-04-30,2020,4,30,121,0.81,40.6,28.16,34.44,34.88,22.66,2.04
2020-05-01,2020,5,1,122,0.8,42.01,27.21,34.9,32.5,24.37,2.28
2020-05-02,2020,5,2,123,0.04,43.05,28.6,35.98,25.41,24.71,2.28
2020-05-03,2020,5,3,124,0.12,43.3,27.82,35.99,25.32,25.98,2.51
2020-05-04,2020,5,4,125,0.01,43.6,26.68,35.6,21.54,27.62,3.09
2020-05-05,2020,5,5,126,0.0,43.49,26.58,35.56,21.2,27.16,3.36
2020-05-06,2020,5,6,127,0.0,43.62,29.25,36.74,21.71,26.17,2.38
2020-05-07,2020,5,7,128,0.25,42.85,29.5,36.38,26.7,27.16,1.4
2020-05-08,2020,5,8,129,5.21,42.35,27.13,35.09,30.06,25.25,2.13
2020-05-09,2020,5,9,130,0.58,40.8,26.22,33.92,38.95,23.65,2.5
2020-05-10,2020,5,10,131,1.07,36.94,28.35,32.49,42.98,21.95,2.67
2020-05-11,2020,5,11,132,0.11,39.98,25.87,32.93,40.44,26.0,3.01
2020-05-12,2020,5,12,133,0.55,41.5,27.2,34.55,35.86,25.69,2.28
2020-05-13,2020,5,13,134,2.08,40.69,28.87,34.8,36.13,23.03,1.41
2020-05-14,2020,5,14,135,1.86,40.59,28.74,34.46,39.99,24.52,2.16
2020-05-15,2020,5,15,136,1.94,38.47,26.93,32.63,44.34,21.25,2.51
2020-05-16,2020,5,16,137,0.81,36.84,25.34,31.05,50.22,18.64,2.57
2020-05-17,2020,5,17,138,0.14,36.11,27.22,31.68,46.96,19.27,2.02
2020-05-18,2020,5,18,139,0.02,39.54,26.91,32.58,38.26,20.92,5.03
2020-05-19,2020,5,19,140,0.56,39.49,26.35,32.7,38.23,21.89,5.06
2020-05-20,2020,5,20,141,0.11,41.67,24.8,33.36,38.23,26.82,4.14
2020-05-21,2020,5,21,142,0.0,42.47,26.27,34.17,33.81,25.09,3.9
2020-05-22,2020,5,22,143,0.0,42.4,25.98,34.62,32.62,26.19,2.95
2020-05-23,2020,5,23,144,0.0,44.27,26.62,36.14,23.69,26.95,2.74
2020-05-24,2020,5,24,145,0.0,44.23,28.41,36.5,22.44,26.44,2.72
2020-05-25,2020,5,25,146,0.0,44.51,28.33,36.8,25.22,26.73,2.72
2020-05-26,2020,5,26,147,0.03,44.12,29.73,37.02,27.83,26.49,2.83
2020-05-27,2020,5,27,148,0.0,44.03,27.84,35.96,32.15,26.98,4.11
2020-05-28,2020,5,28,149,0.0,44.0,26.04,34.93,34.27,27.23,4.64
2020-05-29,2020,5,29,150,0.08,42.64,25.96,34.48,39.16,27.58,4.14
2020-05-30,2020,5,30,151,0.46,37.73,28.63,32.86,43.36,26.14,3.12
2020-05-31,2020,5,31,152,2.24,35.39,27.9,31.36,49.81,16.29,2.17
2020-06-01,2020,6,1,153,8.9,32.22,26.41,28.78,62.62,17.24,2.07
2020-06-02,2020,6,2,154,4.56,31.8,24.9,27.13,74.47,19.42,3.55
2020-06-03,2020,6,3,155,5.6,32.96,23.87,27.61,69.91,11.31,6.22
2020-06-04,2020,6,4,156,1.66,33.61,24.14,28.01,66.29,21.23,6.16
2020-06-05,2020,6,5,157,0.05,36.71,22.66,28.77,58.2,23.28,4.33
2020-06-06,2020,6,6,158,0.17,36.91,22.31,28.9,58.26,21.97,4.67
2020-06-07,2020,6,7,159,0.16,36.86,23.17,29.71,59.14,21.2,4.55
2020-06-08,2020,6,8,160,0.0,37.04,24.14,29.7,55.78,22.92,4.8
2020-06-09,2020,6,9,161,0.11,37.61,22.68,29.84,51.02,24.04,4.66
2020-06-10,2020,6,10,162,15.25,36.32,24.36,29.28,59.27,24.43,4.37
2020-06-11,2020,6,11,163,2.87,31.81,23.59,27.13,70.81,16.18,3.55
2020-06-12,2020,6,12,164,0.75,31.28,23.53,26.94,72.56,14.96,3.62
2020-06-13,2020,6,13,165,1.17,33.42,22.81,27.21,69.04,13.74,4.94
2020-06-14,2020,6,14,166,3.86,34.97,23.21,28.11,67.54,17.39,5.3
2020-06-15,2020,6,15,167,3.99,34.85,23.6,28.39,69.34,17.36,5.12
2020-06-16,2020,6,16,168,15.37,31.66,24.57,27.23,79.72,8.48,4.41
2020-06-17,2020,6,17,169,79.01,30.55,23.84,26.57,82.09,11.55,4.39
2020-06-18,2020,6,18,170,17.09,31.57,23.42,26.7,78.62,15.47,4.98
2020-06-19,2020,6,19,171,2.65,32.63,23.25,27.26,76.24,17.72,4.22
2020-06-20,2020,6,20,172,0.1,32.73,23.43,27.52,72.55,19.4,4.03
2020-06-21,2020,6,21,173,0.03,33.34,23.33,27.74,71.63,22.0,4.08
2020-06-22,2020,6,22,174,0.68,31.78,23.51,27.05,72.24,20.73,4.15
2020-06-23,2020,6,23,175,0.05,32.92,22.83,27.45,67.51,22.67,3.76
2020-06-24,2020,6,24,176,1.08,34.92,22.19,28.23,66.99,24.76,3.16
2020-06-25,2020,6,25,177,20.24,34.4,23.22,28.92,70.04,23.46,1.83
2020-06-26,2020,6,26,178,7.99,33.61,24.21,28.43,74.56,21.01,2.31
2020-06-27,2020,6,27,179,27.64,29.77,24.1,26.66,81.46,19.13,2.34
2020-06-28,2020,6,28,180,9.64,29.16,23.77,26.38,80.7,17.29,2.28
2020-06-29,2020,6,29,181,2.44,32.94,23.1,27.19,77.02,19.38,1.68
2020-06-30,2020,6,30,182,6.81,30.51,23.45,26.46,79.63,20.21,2.83
2020-07-01,2020,7,1,183,1.25,31.56,23.19,26.4,76.71,22.51,3.87
2020-07-02,2020,7,2,184,1.34,30.86,22.59,25.98,78.38,20.74,4.44
2020-07-03,2020,7,3,185,0.96,28.9,22.34,25.06,78.21,17.0,5.57
2020-07-04,2020,7,4,186,1.07,30.0,22.83,25.67,79.58,14.69,5.05
2020-07-05,2020,7,5,187,0.76,31.44,22.14,26.24,75.64,14.97,5.93
2020-07-06,2020,7,6,188,0.38,29.9,22.61,26.0,77.44,16.1,5.25
2020-07-07,2020,7,7,189,0.99,31.86,22.79,26.49,75.47,16.62,5.76
2020-07-08,2020,7,8,190,11.25,32.31,21.99,26.36,76.58,16.19,4.41
2020-07-09,2020,7,9,191,24.12,30.63,21.71,25.86,81.08,16.8,3.38
2020-07-10,2020,7,10,192,11.53,31.1,22.63,26.22,79.78,15.57,3.94
2020-07-11,2020,7,11,193,0.9,30.48,22.83,25.91,77.91,21.0,4.03
2020-07-12,2020,7,12,194,0.53,31.68,21.58,26.06,76.07,17.85,3.81
2020-07-13,2020,7,13,195,0.2,31.41,22.42,26.25,77.18,16.33,2.76
2020-07-14,2020,7,14,196,5.09,29.47,23.49,26.13,81.32,17.02,3.22
2020-07-15,2020,7,15,197,25.2,27.96,23.13,24.87,85.88,10.44,5.31
2020-07-16,2020,7,16,198,7.0,30.19,21.99,25.24,78.37,10.05,5.33
2020-07-17,2020,7,17,199,0.92,32.19,21.63,26.28,76.53,15.13,4.7
2020-07-18,2020,7,18,200,3.51,32.98,22.43,26.97,77.36,18.67,3.18
2020-07-19,2020,7,19,201,5.36,31.02,22.93,26.24,80.68,19.57,1.9
2020-07-20,2020,7,20,202,8.14,31.09,23.54,26.72,78.21,17.37,2.03
2020-07-21,2020,7,21,203,6.27,30.39,23.26,26.5,79.91,21.02,1.1
2020-07-22,2020,7,22,204,1.7,30.49,23.63,26.93,80.2,18.58,1.55
2020-07-23,2020,7,23,205,3.81,29.25,23.46,25.87,81.91,11.68,1.11
2020-07-24,2020,7,24,206,20.93,31.6,22.38,26.42,76.65,5.93,1.74
2020-07-25,2020,7,25,207,4.56,28.9,22.62,25.35,79.81,14.66,1.55
2020-07-26,2020,7,26,208,0.29,31.93,22.52,26.42,77.38,16.87,3.35
2020-07-27,2020,7,27,209,0.03,31.89,21.99,26.59,76.58,19.5,3.63
2020-07-28,2020,7,28,210,6.75,29.84,22.71,25.96,81.65,20.83,2.93
2020-07-29,2020,7,29,211,7.31,28.59,22.95,25.84,82.03,17.52,2.21
2020-07-30,2020,7,30,212,16.92,30.35,23.18,26.58,81.66,18.59,1.49
2020-07-31,2020,7,31,213,15.33,31.67,22.47,26.84,78.44,18.72,2.24
2020-08-01,2020,8,1,214,0.22,31.1,23.73,26.57,82.08,17.64,2.33
2020-08-02,2020,8,2,215,0.16,31.14,23.03,26.66,80.01,19.08,3.85
2020-08-03,2020,8,3,216,1.67,29.39,23.3,25.63,81.71,16.81,5.8
2020-08-04,2020,8,4,217,4.81,29.35,23.28,25.65,82.7,14.46,6.42
2020-08-05,2020,8,5,218,7.58,29.22,23.82,25.93,82.82,12.84,6.63
2020-08-06,2020,8,6,219,2.29,31.67,23.51,26.77,77.24,17.11,6.14
2020-08-07,2020,8,7,220,1.02,31.71,23.16,26.81,77.86,18.46,5.12
2020-08-08,2020,8,8,221,0.35,32.51,22.58,26.72,76.54,16.41,4.7
2020-08-09,2020,8,9,222,1.65,31.45,22.5,26.37,78.29,14.54,4.55
2020-08-10,2020,8,10,223,11.39,30.66,22.93,26.02,81.02,6.75,4.18
2020-08-11,2020,8,11,224,1.12,30.84,22.53,25.91,79.53,16.09,4.82
2020-08-12,2020,8,12,225,1.04,29.71,22.43,25.3,81.46,13.06,4.98
2020-08-13,2020,8,13,226,10.43,28.22,22.46,24.8,85.12,7.6,5.14
2020-08-14,2020,8,14,227,6.56,28.34,22.38,25.02,82.99,14.53,5.94
2020-08-15,2020,8,15,228,6.2,28.25,22.69,25.01,84.96,8.15,5.29
2020-08-16,2020,8,16,229,9.33,28.36,22.26,24.75,84.12,8.13,4.92
2020-08-17,2020,8,17,230,1.56,29.64,22.62,25.35,82.96,12.46,4.56
2020-08-18,2020,8,18,231,5.14,31.4,22.24,25.89,80.27,13.93,4.58
2020-08-19,2020,8,19,232,2.61,31.56,21.88,25.94,80.3,15.57,4.02
2020-08-20,2020,8,20,233,8.42,28.33,22.35,24.88,85.75,12.13,4.45
2020-08-21,2020,8,21,234,1.34,29.68,22.33,25.36,82.03,13.82,4.92
2020-08-22,2020,8,22,235,2.62,31.56,22.32,25.95,80.08,16.85,4.58
2020-08-23,2020,8,23,236,0.8,32.44,21.98,26.39,78.36,19.19,4.35
2020-08-24,2020,8,24,237,0.71,31.86,21.98,26.1,79.29,19.44,3.8
2020-08-25,2020,8,25,238,0.13,31.71,22.04,26.3,78.48,21.21,3.06
2020-08-26,2020,8,26,239,0.6,32.65,21.65,26.72,76.29,21.78,2.46
2020-08-27,2020,8,27,240,3.18,30.13,22.02,25.58,79.75,17.29,3.75
2020-08-28,2020,8,28,241,1.26,31.35,21.48,25.66,79.44,15.01,3.23
2020-08-29,2020,8,29,242,2.14,29.39,21.96,25.18,83.02,14.32,3.18
2020-08-30,2020,8,30,243,0.68,31.59,22.14,26.03,78.68,18.19,3.43
2020-08-31,2020,8,31,244,0.02,32.7,21.79,26.47,76.99,22.1,3.32
2020-09-01,2020,9,1,245,0.02,32.08,22.26,26.72,76.79,21.32,1.83
2020-09-02,2020,9,2,246,0.72,28.75,23.25,25.6,82.84,16.6,1.92
2020-09-03,2020,9,3,247,2.03,31.7,22.75,26.92,77.54,20.17,1.86
2020-09-04,2020,9,4,248,0.69,32.38,22.68,27.09,77.4,18.94,2.62
2020-09-05,2020,9,5,249,0.03,34.25,22.69,27.89,72.22,21.19,2.48
2020-09-06,2020,9,6,250,9.46,33.83,21.81,27.03,67.82,21.43,1.78
2020-09-07,2020,9,7,251,14.83,33.22,22.16,27.46,74.46,20.68,1.33
2020-09-08,2020,9,8,252,5.59,31.38,23.38,27.01,78.59,17.9,1.37
2020-09-09,2020,9,9,253,8.36,32.03,23.33,27.29,78.18,21.06,1.58
2020-09-10,2020,9,10,254,4.21,31.28,23.3,26.86,80.44,17.79,1.53
2020-09-11,2020,9,11,255,3.21,31.81,23.93,27.07,79.09,17.0,1.56
2020-09-12,2020,9,12,256,4.92,30.92,22.8,26.25,81.3,16.31,2.94
2020-09-13,2020,9,13,257,4.03,30.08,22.0,25.45,81.6,12.71,2.87
2020-09-14,2020,9,14,258,8.17,29.1,22.08,24.77,82.34,12.47,3.42
2020-09-15,2020,9,15,259,13.89,29.49,21.68,24.99,82.67,14.04,2.84
2020-09-16,2020,9,16,260,28.12,29.55,22.59,25.34,84.83,9.93,3.1
2020-09-17,2020,9,17,261,7.87,28.67,22.76,25.24,86.02,9.66,2.83
2020-09-18,2020,9,18,262,4.48,26.68,22.4,24.33,89.23,10.08,4.48
2020-09-19,2020,9,19,263,6.51,29.17,22.16,24.88,86.24,12.28,2.55
2020-09-20,2020,9,20,264,12.62,27.94,21.69,24.21,87.02,16.3,2.48
2020-09-21,2020,9,21,265,1.42,29.82,22.21,25.21,84.39,15.04,4.14
2020-09-22,2020,9,22,266,2.17,27.38,22.21,24.56,86.31,17.12,5.38
2020-09-23,2020,9,23,267,0.22,31.6,20.93,25.26,79.61,13.97,5.18
2020-09-24,2020,9,24,268,0.08,32.2,21.33,26.4,80.38,18.02,2.85
2020-09-25,2020,9,25,269,6.77,31.8,22.86,26.3,80.72,16.28,3.41
2020-09-26,2020,9,26,270,10.94,27.91,21.61,24.4,85.8,10.97,3.05
2020-09-27,2020,9,27,271,1.38,30.85,20.71,25.03,77.98,18.39,1.99
2020-09-28,2020,9,28,272,1.22,31.91,20.94,25.94,78.69,20.78,1.85
2020-09-29,2020,9,29,273,0.15,30.5,22.62,25.89,80.84,19.03,2.09
2020-09-30,2020,9,30,274,3.19,29.42,22.44,25.47,82.02,19.31,2.1
2020-10-01,2020,10,1,275,0.99,28.97,22.14,25.0,80.25,13.37,1.36
2020-10-02,2020,10,2,276,2.0,31.65,21.37,25.97,77.14,19.9,1.74
2020-10-03,2020,10,3,277,0.42,32.18,21.69,26.44,77.09,19.69,1.79
2020-10-04,2020,10,4,278,0.12,30.1,21.89,24.94,81.45,18.42,2.77
2020-10-05,2020,10,5,279,0.08,31.45,21.65,25.91,77.41,20.01,2.33
2020-10-06,2020,10,6,280,0.01,32.82,21.95,26.69,73.62,21.13,1.88
2020-10-07,2020,10,7,281,0.01,31.93,22.05,25.76,73.55,18.69,2.38
2020-10-08,2020,10,8,282,0.0,31.95,20.9,26.04,71.85,18.0,2.14
2020-10-09,2020,10,9,283,0.0,32.33,22.85,27.23,76.22,17.77,0.59
2020-10-10,2020,10,10,284,15.56,28.67,23.31,26.01,83.48,16.56,0.74
2020-10-11,2020,10,11,285,20.41,26.73,21.9,23.9,88.68,9.68,2.34
2020-10-12,2020,10,12,286,8.88,27.43,21.59,24.26,87.98,13.71,1.91
2020-10-13,2020,10,13,287,19.16,30.25,21.98,25.17,83.46,14.81,1.58
2020-10-14,2020,10,14,288,70.3,27.13,22.74,24.41,89.83,2.86,3.85
2020-10-15,2020,10,15,289,65.39,29.01,22.75,25.03,88.62,7.05,4.03
2020-10-16,2020,10,16,290,0.09,29.42,21.21,25.04,82.68,10.44,2.07
2020-10-17,2020,10,17,291,0.07,31.32,20.89,25.81,77.77,20.06,1.72
2020-10-18,2020,10,18,292,3.79,28.78,21.98,24.67,86.16,17.62,2.1
2020-10-19,2020,10,19,293,11.82,29.06,22.07,25.32,84.92,14.73,1.19
2020-10-20,2020,10,20,294,7.8,29.37,22.39,25.74,82.61,14.64,1.14
2020-10-21,2020,10,21,295,1.68,29.95,22.23,25.56,80.6,16.06,1.32
2020-10-22,2020,10,22,296,1.25,31.98,20.81,26.33,72.89,17.71,0.72
2020-10-23,2020,10,23,297,3.03,32.16,21.21,26.13,76.33,16.63,1.42
2020-10-24,2020,10,24,298,1.14,31.47,21.39,25.98,77.99,15.35,1.08
2020-10-25,2020,10,25,299,8.41,30.47,21.88,25.74,77.97,14.54,0.91
2020-10-26,2020,10,26,300,4.9,30.27,21.94,25.09,81.52,14.91,1.37
2020-10-27,2020,10,27,301,0.1,29.98,20.47,24.62,78.85,17.67,1.93
2020-10-28,2020,10,28,302,0.1,29.84,19.57,23.99,74.54,17.52,1.48
2020-10-29,2020,10,29,303,0.0,30.16,16.88,22.9,71.65,20.02,1.57
2020-10-30,2020,10,30,304,0.01,30.51,16.78,23.49,73.38,18.14,1.51
2020-10-31,2020,10,31,305,0.0,30.27,19.68,24.48,77.78,16.96,1.38
2020-11-01,2020,11,1,306,0.0,30.8,18.78,23.99,74.41,18.17,1.55
2020-11-02,2020,11,2,307,0.0,30.49,17.32,22.87,73.75,19.02,1.97
2020-11-03,2020,11,3,308,0.0,30.53,16.67,22.58,74.21,19.15,2.33
2020-11-04,2020,11,4,309,0.0,30.43,15.75,22.15,71.84,19.09,1.84
2020-11-05,2020,11,5,310,0.0,29.52,14.3,21.18,67.4,19.81,1.8
2020-11-06,2020,11,6,311,0.0,29.75,13.81,21.13,66.16,19.88,1.8
2020-11-07,2020,11,7,312,0.0,29.34,17.19,22.78,79.95,15.62,2.41
2020-11-08,2020,11,8,313,0.0,29.63,18.93,23.29,78.86,17.84,2.46
2020-11-09,2020,11,9,314,0.0,28.71,14.91,20.51,70.66,19.6,2.11
2020-11-10,2020,11,10,315,0.0,27.5,11.95,18.94,71.95,20.26,2.06
2020-11-11,2020,11,11,316,0.0,27.91,12.45,19.43,73.71,19.99,2.17
2020-11-12,2020,11,12,317,0.0,29.58,14.41,21.96,79.62,19.89,2.46
2020-11-13,2020,11,13,318,0.0,29.78,19.75,24.29,82.17,15.97,2.37
2020-11-14,2020,11,14,319,0.0,30.13,20.06,23.94,78.7,19.13,2.1
2020-11-15,2020,11,15,320,0.0,30.52,18.22,23.47,78.05,19.68,1.99
2020-11-16,2020,11,16,321,0.01,29.97,19.2,23.88,82.97,15.38,2.58
2020-11-17,2020,11,17,322,0.0,30.28,19.53,24.11,79.49,17.04,2.55
2020-11-18,2020,11,18,323,0.0,30.04,19.83,24.01,80.46,15.91,2.21
2020-11-19,2020,11,19,324,0.0,30.66,19.81,24.06,77.46,18.78,2.2
2020-11-20,2020,11,20,325,0.0,31.04,19.04,24.43,77.14,18.53,1.5
2020-11-21,2020,11,21,326,0.0,31.13,19.77,24.98,75.51,17.59,1.17
2020-11-22,2020,11,22,327,0.0,29.05,20.24,23.71,77.46,17.19,2.38
2020-11-23,2020,11,23,328,0.0,28.46,17.99,22.5,77.35,15.51,1.76
2020-11-24,2020,11,24,329,0.0,29.23,16.33,21.96,71.42,16.02,1.95
2020-11-25,2020,11,25,330,0.0,29.43,14.87,21.72,73.15,18.35,2.3
2020-11-26,2020,11,26,331,0.0,29.02,18.64,22.93,78.48,12.5,2.59
2020-11-27,2020,11,27,332,0.08,27.52,18.16,21.83,77.94,15.09,3.22
2020-11-28,2020,11,28,333,0.47,28.14,17.95,22.37,79.73,5.36,3.68
2020-11-29,2020,11,29,334,0.13,29.36,19.56,23.62,81.25,11.1,2.45
2020-11-30,2020,11,30,335,0.0,30.17,19.06,23.93,78.29,12.75,1.78
2020-12-01,2020,12,1,336,0.0,29.43,18.85,23.34,77.62,16.84,1.8
2020-12-02,2020,12,2,337,0.0,29.24,16.6,21.8,75.12,18.28,1.78
2020-12-03,2020,12,3,338,0.0,29.52,15.05,21.47,73.02,17.26,1.59
2020-12-04,2020,12,4,339,0.0,29.63,14.62,21.03,71.84,16.09,1.74
2020-12-05,2020,12,5,340,0.0,29.45,14.56,20.95,71.58,18.64,1.86
2020-12-06,2020,12,6,341,0.0,29.46,14.48,20.67,69.51,17.99,2.13
2020-12-07,2020,12,7,342,0.0,30.33,13.33,20.59,67.35,18.82,1.94
2020-12-08,2020,12,8,343,0.0,29.83,13.5,20.91,73.21,18.74,1.9
2020-12-09,2020,12,9,344,0.0,30.0,16.16,22.11,71.58,17.49,1.81
2020-12-10,2020,12,10,345,0.0,29.64,16.16,22.13,69.57,17.95,1.69
2020-12-11,2020,12,11,346,0.0,30.3,16.33,22.54,70.87,14.63,1.79
2020-12-12,2020,12,12,347,0.0,29.82,15.62,21.97,69.15,17.26,2.02
2020-12-13,2020,12,13,348,0.0,29.64,14.81,21.61,68.63,16.43,1.83
2020-12-14,2020,12,14,349,0.0,28.99,15.97,21.89,71.43,14.3,1.67
2020-12-15,2020,12,15,350,0.0,29.24,16.47,22.24,71.59,16.97,2.37
2020-12-16,2020,12,16,351,0.0,29.41,15.85,22.0,72.84,16.94,2.1
2020-12-17,2020,12,17,352,0.0,29.6,17.1,22.45,74.29,17.02,1.6
2020-12-18,2020,12,18,353,0.0,29.16,16.1,21.62,72.69,15.76,1.92
2020-12-19,2020,12,19,354,0.0,27.89,15.34,20.54,71.04,14.14,2.45
2020-12-20,2020,12,20,355,0.0,27.92,13.76,19.34,66.93,17.98,2.55
2020-12-21,2020,12,21,356,0.0,27.52,9.78,17.65,59.54,19.51,1.93
2020-12-22,2020,12,22,357,0.0,27.25,9.53,17.4,62.81,17.59,1.68
2020-12-23,2020,12,23,358,0.0,27.8,10.12,18.37,66.16,18.11,1.6
2020-12-24,2020,12,24,359,0.0,28.65,12.22,19.53,68.81,17.23,1.64
2020-12-25,2020,12,25,360,0.0,28.46,12.99,19.52,69.56,16.61,1.96
2020-12-26,2020,12,26,361,0.0,28.84,13.43,19.99,70.66,16.02,1.82
2020-12-27,2020,12,27,362,0.0,29.95,13.78,21.25,68.21,16.62,1.28
2020-12-28,2020,12,28,363,0.0,29.48,13.59,21.04,67.09,16.43,1.57
2020-12-29,2020,12,29,364,0.0,29.69,13.6,20.89,66.99,15.84,1.52
2020-12-30,2020,12,30,365,0.0,29.69,13.99,20.97,69.31,16.12,2.17
2020-12-31,2020,12,31,366,0.0,29.2,15.33,21.41,73.16,14.07,2.33
2021-01-01,2021,1,1,1,0.05,29.01,16.55,22.16,74.39,14.52,2.33
2021-01-02,2021,1,2,2,0.0,26.61,17.34,21.28,76.82,14.62,2.11
2021-01-03,2021,1,3,3,0.0,29.62,15.33,21.32,67.05,15.63,2.31
2021-01-04,2021,1,4,4,0.62,27.54,15.63,20.99,72.56,10.38,1.67
2021-01-05,2021,1,5,5,0.36,29.02,16.52,22.2,72.18,13.66,1.71
2021-01-06,2021,1,6,6,0.25,29.48,18.67,23.52,75.66,14.06,1.64
2021-01-07,2021,1,7,7,0.14,27.11,19.73,22.95,81.79,10.38,2.0
2021-01-08,2021,1,8,8,0.12,28.74,19.5,23.63,77.84,12.8,2.09
2021-01-09,2021,1,9,9,0.04,31.25,18.81,24.4,70.45,13.45,2.29
2021-01-10,2021,1,10,10,0.0,31.54,18.37,24.21,61.96,18.06,1.76
2021-01-11,2021,1,11,11,0.0,32.46,17.26,24.13,63.48,18.77,1.88
2021-01-12,2021,1,12,12,0.0,33.1,17.42,24.69,63.6,14.51,1.89
2021-01-13,2021,1,13,13,0.0,31.28,18.01,23.9,63.82,16.8,2.09
2021-01-14,2021,1,14,14,0.0,31.67,17.57,24.04,62.2,17.54,1.6
2021-01-15,2021,1,15,15,0.0,32.06,16.37,24.02,62.67,17.11,1.58
2021-01-16,2021,1,16,16,0.0,32.08,17.95,24.59,63.04,16.72,2.05
2021-01-17,2021,1,17,17,0.0,32.29,19.18,25.24,62.02,16.74,2.54
2021-01-18,2021,1,18,18,0.0,32.16,18.7,24.77,62.18,16.88,2.06
2021-01-19,2021,1,19,19,0.0,32.2,17.51,24.56,61.62,16.96,1.53
2021-01-20,2021,1,20,20,0.0,32.63,17.45,25.2,53.18,17.38,0.67
2021-01-21,2021,1,21,21,0.0,32.45,16.4,24.5,54.16,17.35,1.14
2021-01-22,2021,1,22,22,0.0,32.64,15.73,23.82,53.43,17.12,1.66
2021-01-23,2021,1,23,23,0.0,32.96,16.48,24.73,56.58,17.74,1.21
2021-01-24,2021,1,24,24,0.0,33.63,17.24,25.0,48.9,18.02,0.91
2021-01-25,2021,1,25,25,0.0,33.02,15.29,24.38,42.39,18.17,1.02
2021-01-26,2021,1,26,26,0.0,32.73,15.5,23.8,44.55,18.15,0.99
2021-01-27,2021,1,27,27,0.0,32.24,15.4,23.43,44.87,18.67,0.98
2021-01-28,2021,1,28,28,0.0,31.52,15.68,23.43,52.36,17.51,1.56
2021-01-29,2021,1,29,29,0.0,31.61,17.05,24.54,55.62,16.0,1.42
2021-01-30,2021,1,30,30,0.0,32.08,18.3,25.08,50.09,17.39,1.61
2021-01-31,2021,1,31,31,0.0,31.97,17.01,24.44,55.15,17.23,1.93
2021-02-01,2021,2,1,32,0.0,30.71,17.83,23.92,51.72,15.93,2.36
2021-02-02,2021,2,2,33,0.0,31.26,15.32,22.3,44.71,20.52,2.21
2021-02-03,2021,2,3,34,0.0,31.2,11.98,21.24,38.71,20.34,1.93
2021-02-04,2021,2,4,35,0.0,31.56,13.29,22.13,48.82,19.99,2.1
2021-02-05,2021,2,5,36,0.0,32.2,14.15,23.21,47.63,20.21,1.84
2021-02-06,2021,2,6,37,0.0,31.82,15.5,23.09,43.97,20.47,1.67
2021-02-07,2021,2,7,38,0.0,31.34,13.89,21.88,40.34,20.33,2.41
2021-02-08,2021,2,8,39,0.0,32.0,12.24,21.18,33.61,21.53,2.53
2021-02-09,2021,2,9,40,0.0,32.73,12.43,22.18,40.28,21.06,1.85
2021-02-10,2021,2,10,41,0.0,33.18,12.57,22.74,39.15,21.63,1.56
2021-02-11,2021,2,11,42,0.0,33.56,14.34,23.88,33.38,21.18,1.44
2021-02-12,2021,2,12,43,0.0,33.24,15.05,24.15,42.28,19.4,1.62
2021-02-13,2021,2,13,44,0.0,33.41,15.72,24.43,38.03,20.86,1.68
2021-02-14,2021,2,14,45,0.0,33.37,15.15,24.3,37.74,21.12,1.76
2021-02-15,2021,2,15,46,0.0,33.5,15.64,24.99,37.94,20.47,1.79
2021-02-16,2021,2,16,47,0.0,34.05,16.57,25.32,38.98,20.08,1.6
2021-02-17,2021,2,17,48,0.13,33.94,17.97,26.0,43.84,18.76,1.01
2021-02-18,2021,2,18,49,0.77,32.85,20.13,25.75,42.05,17.29,3.03
2021-02-19,2021,2,19,50,0.33,28.7,18.35,22.84,56.32,14.09,3.04
2021-02-20,2021,2,20,51,0.0,31.42,16.58,24.16,45.39,18.45,3.27
2021-02-21,2021,2,21,52,0.06,32.06,17.8,25.08,48.51,17.94,2.96
2021-02-22,2021,2,22,53,0.28,32.58,20.01,26.07,46.66,19.25,1.65
2021-02-23,2021,2,23,54,0.0,34.99,20.19,26.83,37.8,20.89,1.62
2021-02-24,2021,2,24,55,0.0,35.3,16.81,26.41,28.78,21.98,1.48
2021-02-25,2021,2,25,56,0.0,36.02,18.79,27.43,26.58,21.56,0.94
2021-02-26,2021,2,26,57,0.0,36.16,19.24,27.71,30.76,20.5,1.53
2021-02-27,2021,2,27,58,0.0,37.0,18.94,27.78,26.13,22.08,1.95
2021-02-28,2021,2,28,59,0.0,37.1,17.79,27.98,20.64,23.49,1.98
2021-03-01,2021,3,1,60,0.0,37.49,20.19,29.04,22.44,20.8,1.16
2021-03-02,2021,3,2,61,0.0,37.47,21.43,29.01,24.84,22.9,1.51
2021-03-03,2021,3,3,62,0.0,37.8,18.93,27.87,20.74,24.15,2.3
2021-03-04,2021,3,4,63,0.0,37.72,17.42,27.59,18.98,24.47,2.3
2021-03-05,2021,3,5,64,0.0,37.31,17.6,27.68,21.76,23.84,1.83
2021-03-06,2021,3,6,65,0.0,37.71,18.18,28.61,27.36,23.57,1.06
2021-03-07,2021,3,7,66,0.0,38.12,20.33,29.08,21.73,23.15,1.08
2021-03-08,2021,3,8,67,0.0,37.75,19.19,28.65,22.73,23.01,1.14
2021-03-09,2021,3,9,68,0.0,37.72,20.03,28.6,24.07,22.22,2.95
2021-03-10,2021,3,10,69,0.0,37.57,19.38,28.41,24.03,22.43,2.01
2021-03-11,2021,3,11,70,0.0,37.61,19.38,28.36,21.4,22.62,2.62
2021-03-12,2021,3,12,71,0.0,37.77,18.67,28.32,20.2,24.26,2.92
2021-03-13,2021,3,13,72,0.0,37.27,18.85,28.21,20.55,24.65,2.17
2021-03-14,2021,3,14,73,0.0,38.01,18.22,28.25,18.95,24.9,2.54
2021-03-15,2021,3,15,74,0.0,38.14,18.92,28.77,20.68,24.63,2.18
2021-03-16,2021,3,16,75,0.0,38.09,19.94,29.3,24.69,23.2,2.04
2021-03-17,2021,3,17,76,0.0,37.84,20.8,29.96,24.91,19.51,1.92
2021-03-18,2021,3,18,77,0.01,37.69,25.26,31.3,25.46,18.36,1.79
2021-03-19,2021,3,19,78,0.01,37.36,26.43,31.35,25.63,20.45,1.46
2021-03-20,2021,3,20,79,0.24,38.37,24.2,31.33,24.43,20.71,2.44
2021-03-21,2021,3,21,80,0.02,37.97,24.43,31.21,27.59,21.14,2.68
2021-03-22,2021,3,22,81,0.05,38.05,23.13,30.74,28.01,20.86,1.86
2021-03-23,2021,3,23,82,0.72,38.6,25.62,31.5,26.16,20.3,3.02
2021-03-24,2021,3,24,83,0.01,38.8,22.7,31.33,25.28,23.64,2.4
2021-03-25,2021,3,25,84,0.0,38.2,25.54,32.08,25.11,19.94,2.23
2021-03-26,2021,3,26,85,0.0,39.72,25.6,32.22,20.18,23.1,2.67
2021-03-27,2021,3,27,86,0.0,39.9,21.97,31.29,19.38,23.0,1.95
2021-03-28,2021,3,28,87,0.0,40.44,21.59,31.17,15.03,24.73,1.99
2021-03-29,2021,3,29,88,0.0,40.87,21.5,31.6,14.26,26.09,1.75
2021-03-30,2021,3,30,89,0.0,40.42,20.85,30.85,24.19,25.16,2.16
2021-03-31,2021,3,31,90,0.0,41.25,20.86,30.68,17.47,27.92,2.84
2021-04-01,2021,4,1,91,0.0,40.9,21.53,31.01,27.19,25.21,3.07
2021-04-02,2021,4,2,92,0.0,40.37,21.67,30.67,29.92,27.43,2.86
2021-04-03,2021,4,3,93,0.0,40.36,20.27,30.51,29.49,26.52,2.41
2021-04-04,2021,4,4,94,0.0,40.67,22.06,31.2,32.13,25.82,3.27
2021-04-05,2021,4,5,95,0.0,41.37,22.25,31.76,19.43,24.78,2.72
2021-04-06,2021,4,6,96,0.0,40.49,23.09,32.29,21.63,22.26,1.68
2021-04-07,2021,4,7,97,0.0,40.78,24.78,33.05,21.7,19.48,1.14
2021-04-08,2021,4,8,98,0.0,36.64,27.35,31.89,27.42,14.84,1.89
2021-04-09,2021,4,9,99,0.36,38.82,26.47,32.37,30.3,20.12,1.39
2021-04-10,2021,4,10,100,0.23,38.45,26.68,32.91,28.08,16.14,2.02
2021-04-11,2021,4,11,101,3.42,37.15,25.92,31.67,37.49,19.08,1.24
2021-04-12,2021,4,12,102,4.66,37.27,27.32,31.79,38.19,17.54,1.49
2021-04-13,2021,4,13,103,5.61,38.14,23.91,30.99,43.82,19.91,2.32
2021-04-14,2021,4,14,104,13.12,35.28,23.2,28.86,55.06,23.72,1.49
2021-04-15,2021,4,15,105,0.03,35.85,22.51,29.23,51.33,24.63,1.44
2021-04-16,2021,4,16,106,0.0,37.72,20.8,29.36,45.43,25.47,2.26
2021-04-17,2021,4,17,107,0.0,38.4,22.61,30.49,41.12,24.05,1.25
2021-04-18,2021,4,18,108,0.0,38.93,24.89,31.45,40.13,24.77,1.42
2021-04-19,2021,4,19,109,0.01,40.07,24.33,32.34,34.44,25.68,2.42
2021-04-20,2021,4,20,110,0.0,39.98,23.43,31.86,32.1,25.77,3.08
2021-04-21,2021,4,21,111,0.0,38.88,24.06,31.72,34.23,24.91,3.21
2021-04-22,2021,4,22,112,0.0,36.73,24.91,31.67,31.85,24.03,1.8
2021-04-23,2021,4,23,113,1.4,36.34,25.38,30.82,35.33,20.47,1.15
2021-04-24,2021,4,24,114,0.01,39.5,23.08,32.0,33.31,23.36,1.61
2021-04-25,2021,4,25,115,0.87,40.16,26.98,33.61,32.98,22.38,1.53
2021-04-26,2021,4,26,116,2.43,38.92,26.33,32.57,40.61,21.38,1.99
2021-04-27,2021,4,27,117,1.71,37.92,27.68,32.48,41.86,24.93,1.16
2021-04-28,2021,4,28,118,0.02,39.59,25.67,32.79,36.13,25.48,1.99
2021-04-29,2021,4,29,119,1.12,40.87,25.82,33.71,31.84,18.83,1.28
2021-04-30,2021,4,30,120,0.09,40.62,26.68,33.88,32.99,24.63,1.11
2021-05-01,2021,5,1,121,1.63,40.24,27.12,33.28,34.87,22.13,2.36
2021-05-02,2021,5,2,122,1.45,38.2,25.14,31.87,40.57,20.84,1.83
2021-05-03,2021,5,3,123,1.42,38.76,26.08,32.19,39.86,24.13,1.86
2021-05-04,2021,5,4,124,1.61,37.79,26.01,31.77,43.12,22.88,1.65
2021-05-05,2021,5,5,125,2.11,38.54,27.07,33.13,42.4,20.51,1.06
2021-05-06,2021,5,6,126,3.52,37.54,27.11,32.5,48.0,19.75,1.36
2021-05-07,2021,5,7,127,1.95,34.77,27.46,30.62,54.8,18.52,1.16
2021-05-08,2021,5,8,128,0.36,38.41,25.81,32.51,48.45,22.9,1.11
2021-05-09,2021,5,9,129,18.3,36.56,26.16,30.78,55.92,17.98,2.02
2021-05-10,2021,5,10,130,4.43,37.15,24.39,31.03,59.6,21.75,1.78
2021-05-11,2021,5,11,131,0.08,36.38,24.98,30.56,52.53,24.69,2.18
2021-05-12,2021,5,12,132,0.0,37.72,24.4,30.81,50.95,25.66,2.7
2021-05-13,2021,5,13,133,0.0,33.17,24.8,29.0,60.45,22.03,2.63
2021-05-14,2021,5,14,134,0.41,32.64,24.9,29.09,63.57,22.17,1.7
2021-05-15,2021,5,15,135,11.32,36.69,25.6,30.32,60.2,21.21,4.9
2021-05-16,2021,5,16,136,4.66,33.48,24.3,27.7,71.82,14.2,6.88
2021-05-17,2021,5,17,137,3.21,35.31,24.12,28.89,65.06,18.32,6.37
2021-05-18,2021,5,18,138,0.58,32.38,23.88,27.97,70.91,20.35,4.74
2021-05-19,2021,5,19,139,0.32,34.63,24.06,28.7,68.73,21.08,3.95
2021-05-20,2021,5,20,140,0.13,35.29,24.02,29.4,63.16,24.93,3.16
2021-05-21,2021,5,21,141,0.32,36.53,24.52,30.21,57.39,24.05,3.28
2021-05-22,2021,5,22,142,0.81,35.7,25.06,29.49,57.5,23.5,3.32
2021-05-23,2021,5,23,143,2.96,36.19,23.75,29.77,59.85,23.99,3.55
2021-05-24,2021,5,24,144,1.51,37.03,24.44,30.46,55.77,14.94,3.58
2021-05-25,2021,5,25,145,0.4,37.56,24.96,29.59,62.2,21.83,4.9
2021-05-26,2021,5,26,146,0.0,39.22,23.99,30.99,54.81,25.3,5.39
2021-05-27,2021,5,27,147,0.25,38.9,23.8,30.74,53.56,24.08,5.8
2021-05-28,2021,5,28,148,0.34,37.95,25.2,30.76,55.37,21.15,4.62
2021-05-29,2021,5,29,149,7.56,36.82,25.8,30.77,57.14,21.53,3.0
2021-05-30,2021,5,30,150,1.1,32.97,25.13,28.84,67.38,21.89,2.71
2021-05-31,2021,5,31,151,0.98,35.95,24.44,29.93,62.82,20.55,2.93
2021-06-01,2021,6,1,152,1.16,35.81,24.36,29.97,63.63,23.71,2.61
2021-06-02,2021,6,2,153,5.47,33.0,25.44,28.82,70.69,21.22,2.06
2021-06-03,2021,6,3,154,5.55,33.57,24.53,28.87,70.11,15.21,1.53
2021-06-04,2021,6,4,155,6.69,31.27,25.01,28.21,70.89,21.09,1.46
2021-06-05,2021,6,5,156,12.63,32.44,23.7,28.1,67.23,18.46,1.38
2021-06-06,2021,6,6,157,2.64,33.85,23.11,28.25,66.96,20.13,2.6
2021-06-07,2021,6,7,158,0.5,35.66,23.24,28.8,63.03,24.68,4.44
2021-06-08,2021,6,8,159,0.34,36.06,23.2,29.04,63.93,22.19,4.42
2021-06-09,2021,6,9,160,0.54,33.22,24.21,27.83,69.21,14.69,5.05
2021-06-10,2021,6,10,161,0.64,29.28,23.23,26.03,73.96,18.2,5.61
2021-06-11,2021,6,11,162,0.29,35.3,22.68,28.28,61.8,17.08,5.74
2021-06-12,2021,6,12,163,10.1,33.53,23.8,28.04,72.71,18.84,5.15
2021-06-13,2021,6,13,164,3.98,30.01,23.3,26.77,76.45,17.67,4.79
2021-06-14,2021,6,14,165,1.2,33.37,22.27,27.19,68.31,17.56,4.09
2021-06-15,2021,6,15,166,2.43,33.2,23.06,27.15,68.32,19.32,5.47
2021-06-16,2021,6,16,167,6.81,31.22,23.49,26.88,72.25,18.07,5.77
2021-06-17,2021,6,17,168,4.85,31.72,24.05,27.05,73.91,18.65,6.03
2021-06-18,2021,6,18,169,2.25,32.37,23.52,27.34,72.62,16.62,6.28
2021-06-19,2021,6,19,170,3.71,31.52,23.57,26.88,73.85,16.42,5.37
2021-06-20,2021,6,20,171,0.31,31.38,23.28,26.79,72.88,22.58,4.66
2021-06-21,2021,6,21,172,0.04,33.08,22.45,27.24,70.8,19.81,3.97
2021-06-22,2021,6,22,173,0.0,34.91,23.06,28.21,66.85,21.61,4.53
2021-06-23,2021,6,23,174,0.06,31.53,23.33,27.11,70.72,17.89,4.01
2021-06-24,2021,6,24,175,1.97,32.31,23.14,26.66,69.63,13.54,4.44
2021-06-25,2021,6,25,176,0.19,33.54,21.71,26.69,67.35,13.08,4.67
2021-06-26,2021,6,26,177,5.68,33.45,22.34,27.09,70.93,17.55,4.32
2021-06-27,2021,6,27,178,40.06,27.17,22.37,24.45,82.49,7.02,4.05
2021-06-28,2021,6,28,179,2.03,31.88,22.61,26.55,74.38,20.47,2.61
2021-06-29,2021,6,29,180,0.02,34.25,22.44,28.09,70.51,22.2,2.72
2021-06-30,2021,6,30,181,0.0,34.61,23.09,28.4,68.49,22.44,3.63
2021-07-01,2021,7,1,182,0.12,29.68,23.86,26.21,77.13,16.99,3.54
2021-07-02,2021,7,2,183,0.01,33.68,22.98,27.51,70.93,17.86,4.13
2021-07-03,2021,7,3,184,0.1,34.15,22.95,27.92,69.23,20.32,3.87
2021-07-04,2021,7,4,185,0.11,34.87,22.77,28.22,67.28,21.79,3.28
2021-07-05,2021,7,5,186,6.33,31.85,23.87,27.63,70.23,17.46,2.58
2021-07-06,2021,7,6,187,4.45,30.54,23.56,27.07,75.32,17.45,2.05
2021-07-07,2021,7,7,188,4.74,33.03,23.86,28.12,72.51,18.23,2.29
2021-07-08,2021,7,8,189,2.79,30.38,24.08,26.59,78.05,14.61,2.51
2021-07-09,2021,7,9,190,11.68,30.15,23.05,26.02,76.89,14.69,2.71
2021-07-10,2021,7,10,191,13.49,31.62,21.92,26.4,74.55,15.28,2.12
2021-07-11,2021,7,11,192,4.54,27.87,22.8,24.99,83.26,13.95,4.04
2021-07-12,2021,7,12,193,5.04,32.92,23.02,26.85,74.55,17.79,5.03
2021-07-13,2021,7,13,194,5.54,29.33,22.61,25.31,79.03,12.08,4.53
2021-07-14,2021,7,14,195,8.76,30.31,21.67,25.48,77.13,11.0,5.22
2021-07-15,2021,7,15,196,8.78,31.31,23.38,26.72,78.37,14.26,4.19
2021-07-16,2021,7,16,197,2.16,33.37,23.08,27.38,74.83,17.29,3.36
2021-07-17,2021,7,17,198,2.45,32.26,23.53,27.33,76.19,16.27,3.97
2021-07-18,2021,7,18,199,15.11,29.91,23.81,26.1,82.78,15.63,5.74
2021-07-19,2021,7,19,200,7.4,30.95,23.26,26.34,77.39,13.77,5.92
2021-07-20,2021,7,20,201,5.83,29.25,22.77,25.51,80.81,14.72,5.33
2021-07-21,2021,7,21,202,14.87,28.35,23.19,25.24,81.84,6.87,7.0
2021-07-22,2021,7,22,203,7.83,29.15,23.25,25.4,79.45,7.45,7.6
2021-07-23,2021,7,23,204,17.23,30.73,23.02,26.06,79.37,10.73,5.74
2021-07-24,2021,7,24,205,5.15,33.32,21.95,26.98,74.7,18.93,5.08
2021-07-25,2021,7,25,206,1.79,33.08,22.73,27.06,76.4,18.02,5.17
2021-07-26,2021,7,26,207,0.35,32.6,22.89,26.84,75.32,20.1,6.02
2021-07-27,2021,7,27,208,0.26,31.88,22.31,26.4,74.34,19.71,5.98
2021-07-28,2021,7,28,209,0.17,32.61,22.02,26.47,72.4,18.93,6.27
2021-07-29,2021,7,29,210,0.1,29.19,22.57,25.2,78.04,9.71,6.1
2021-07-30,2021,7,30,211,0.8,28.3,21.88,24.83,80.41,9.39,5.07
2021-07-31,2021,7,31,212,1.13,29.73,22.08,25.4,77.14,13.32,5.33
2021-08-01,2021,8,1,213,0.35,32.53,21.5,26.03,74.11,14.9,5.86
2021-08-02,2021,8,2,214,1.09,31.56,21.68,26.06,73.87,14.47,5.43
2021-08-03,2021,8,3,215,0.61,33.31,21.48,26.65,73.8,18.03,5.27
2021-08-04,2021,8,4,216,0.5,31.86,22.52,26.39,75.89,14.88,5.2
2021-08-05,2021,8,5,217,0.47,33.18,22.3,26.81,73.39,14.56,5.54
2021-08-06,2021,8,6,218,0.28,33.26,22.03,26.95,73.03,16.37,4.92
2021-08-07,2021,8,7,219,0.07,34.07,21.66,27.39,70.73,18.82,3.54
2021-08-08,2021,8,8,220,0.01,33.41,22.4,27.42,72.98,19.26,2.61
2021-08-09,2021,8,9,221,0.03,32.57,23.26,27.51,72.31,19.29,2.89
2021-08-10,2021,8,10,222,0.0,31.35,22.93,26.6,74.28,16.39,3.19
2021-08-11,2021,8,11,223,0.0,31.82,22.5,26.8,73.56,18.08,3.03
2021-08-12,2021,8,12,224,0.27,33.33,22.76,27.26,71.11,18.53,3.38
2021-08-13,2021,8,13,225,0.18,32.32,22.31,26.86,71.75,18.28,3.55
2021-08-14,2021,8,14,226,0.91,33.17,22.31,27.0,72.14,16.66,4.28
2021-08-15,2021,8,15,227,0.77,33.3,22.38,26.77,72.72,15.54,4.02
2021-08-16,2021,8,16,228,1.51,28.59,22.61,25.13,79.11,10.43,2.63
2021-08-17,2021,8,17,229,5.0,29.33,22.35,25.21,77.86,9.23,3.36
2021-08-18,2021,8,18,230,1.76,31.41,20.86,25.81,73.55,11.43,3.82
2021-08-19,2021,8,19,231,1.95,27.63,21.27,24.44,80.81,12.7,3.34
2021-08-20,2021,8,20,232,0.52,28.75,21.4,24.84,77.17,16.39,3.01
2021-08-21,2021,8,21,233,6.14,29.26,21.12,24.74,81.14,16.51,2.65
2021-08-22,2021,8,22,234,12.73,32.57,21.24,26.33,72.88,19.04,2.27
2021-08-23,2021,8,23,235,2.26,31.65,22.15,26.42,74.88,22.22,2.21
2021-08-24,2021,8,24,236,1.97,32.94,22.33,27.22,74.66,22.29,2.18
2021-08-25,2021,8,25,237,1.65,30.46,22.97,26.33,76.8,20.19,2.52
2021-08-26,2021,8,26,238,0.74,31.98,22.66,26.42,76.56,19.58,2.52
2021-08-27,2021,8,27,239,0.58,32.96,22.47,27.12,73.22,17.74,2.53
2021-08-28,2021,8,28,240,1.7,32.35,22.87,26.88,70.81,15.12,3.46
2021-08-29,2021,8,29,241,15.01,31.38,22.41,25.94,74.7,14.05,3.52
2021-08-30,2021,8,30,242,8.58,26.54,21.64,23.56,80.19,7.73,4.06
2021-08-31,2021,8,31,243,4.47,28.08,20.68,23.67,80.77,10.16,3.94
2021-09-01,2021,9,1,244,1.42,32.96,21.41,26.18,74.44,17.91,3.5
2021-09-02,2021,9,2,245,3.37,33.07,21.56,26.62,74.55,15.69,2.95
2021-09-03,2021,9,3,246,9.84,28.53,22.69,25.02,82.39,19.36,3.05
2021-09-04,2021,9,4,247,14.63,30.8,22.12,25.81,79.43,19.67,2.62
2021-09-05,2021,9,5,248,16.51,30.13,22.22,25.16,82.2,16.1,2.98
2021-09-06,2021,9,6,249,9.96,28.93,22.26,24.66,83.35,11.34,3.13
2021-09-07,2021,9,7,250,6.74,28.4,21.22,24.17,83.32,5.08,5.44
2021-09-08,2021,9,8,251,0.88,31.47,22.35,26.06,77.32,18.9,7.25
2021-09-09,2021,9,9,252,0.28,32.46,21.56,26.21,75.77,16.29,4.78
2021-09-10,2021,9,10,253,0.72,32.88,21.92,26.58,75.34,17.78,4.74
2021-09-11,2021,9,11,254,1.88,32.7,22.17,26.61,76.51,13.82,4.44
2021-09-12,2021,9,12,255,2.03,31.44,22.16,26.28,78.61,15.42,4.29
2021-09-13,2021,9,13,256,6.88,28.82,23.2,25.45,85.11,16.07,3.98
2021-09-14,2021,9,14,257,0.53,31.94,22.42,26.31,76.28,16.8,4.41
2021-09-15,2021,9,15,258,0.03,33.28,21.44,26.5,74.56,19.84,3.85
2021-09-16,2021,9,16,259,0.01,33.51,21.6,26.67,73.22,20.24,3.74
2021-09-17,2021,9,17,260,0.0,32.61,21.81,26.39,72.68,19.66,3.04
2021-09-18,2021,9,18,261,0.0,33.71,21.06,26.77,69.79,20.94,2.85
2021-09-19,2021,9,19,262,0.0,33.73,21.9,27.19,70.7,20.79,2.48
2021-09-20,2021,9,20,263,8.62,32.99,22.41,27.1,75.48,17.62,2.43
2021-09-21,2021,9,21,264,12.18,28.32,23.08,25.07,84.49,12.66,3.06
2021-09-22,2021,9,22,265,12.65,30.17,22.08,25.47,81.48,15.58,2.91
2021-09-23,2021,9,23,266,20.76,30.08,22.19,25.42,82.73,16.4,2.5
2021-09-24,2021,9,24,267,0.59,30.48,22.06,25.53,78.25,17.36,2.14
2021-09-25,2021,9,25,268,12.97,30.39,22.3,25.43,80.5,17.07,2.17
2021-09-26,2021,9,26,269,7.41,30.6,21.86,25.42,79.5,13.21,2.37
2021-09-27,2021,9,27,270,22.5,26.47,22.11,23.8,88.05,9.84,3.79
2021-09-28,2021,9,28,271,8.36,27.84,20.36,23.64,83.43,12.23,4.89
2021-09-29,2021,9,29,272,2.53,32.47,18.01,24.76,76.79,17.13,3.24
2021-09-30,2021,9,30,273,1.15,33.05,21.44,26.85,75.33,20.89,1.73
2021-10-01,2021,10,1,274,26.48,31.63,22.48,26.89,80.32,18.5,1.62
2021-10-02,2021,10,2,275,8.99,30.4,23.93,26.29,83.16,18.59,1.55
2021-10-03,2021,10,3,276,10.73,30.76,23.31,26.61,79.93,18.42,1.48
2021-10-04,2021,10,4,277,9.11,31.91,22.25,26.77,79.38,20.36,1.4
2021-10-05,2021,10,5,278,8.61,29.96,23.01,25.98,84.95,19.73,1.65
2021-10-06,2021,10,6,279,5.57,28.23,22.55,25.02,86.78,16.14,1.65
2021-10-07,2021,10,7,280,0.93,30.49,21.72,26.12,83.5,17.91,1.83
2021-10-08,2021,10,8,281,2.11,30.83,22.93,26.37,82.2,18.09,1.25
2021-10-09,2021,10,9,282,6.89,28.21,23.05,24.96,85.77,14.78,1.76
2021-10-10,2021,10,10,283,3.27,28.98,22.51,25.34,84.52,14.97,2.04
2021-10-11,2021,10,11,284,2.21,29.09,22.14,25.15,83.91,18.89,1.94
2021-10-12,2021,10,12,285,0.07,32.2,20.66,25.54,75.15,20.7,1.52
2021-10-13,2021,10,13,286,0.0,31.66,19.14,24.97,75.0,21.16,1.75
2021-10-14,2021,10,14,287,0.0,31.78,20.12,25.54,74.83,17.31,1.91
2021-10-15,2021,10,15,288,0.0,31.95,20.8,25.49,75.21,20.29,2.35
2021-10-16,2021,10,16,289,1.06,29.66,20.26,25.0,80.36,13.04,1.75
2021-10-17,2021,10,17,290,0.59,31.57,22.12,26.03,80.07,15.88,2.1
2021-10-18,2021,10,18,291,0.04,32.6,21.38,26.07,75.11,19.63,3.06
2021-10-19,2021,10,19,292,0.01,31.65,21.06,25.6,74.35,20.55,1.72
2021-10-20,2021,10,20,293,0.0,31.39,19.31,24.59,71.15,21.19,1.87
2021-10-21,2021,10,21,294,0.0,31.28,18.9,24.15,70.38,21.4,1.93
2021-10-22,2021,10,22,295,0.0,31.45,17.63,23.89,69.13,19.74,1.52
2021-10-23,2021,10,23,296,0.0,32.18,18.15,24.9,65.52,20.14,0.77
2021-10-24,2021,10,24,297,0.0,31.44,19.73,25.06,73.63,20.31,1.12
2021-10-25,2021,10,25,298,0.01,30.19,19.18,24.15,72.14,19.15,2.34
2021-10-26,2021,10,26,299,0.0,30.06,16.27,22.46,69.28,20.74,2.14
2021-10-27,2021,10,27,300,0.0,29.77,17.06,22.36,73.2,19.92,2.72
2021-10-28,2021,10,28,301,0.0,29.82,16.03,22.64,73.05,18.66,2.85
2021-10-29,2021,10,29,302,0.0,30.3,18.88,24.04,76.42,19.25,3.27
2021-10-30,2021,10,30,303,0.0,30.27,19.83,24.36,76.55,17.11,2.67
2021-10-31,2021,10,31,304,0.02,30.19,19.52,24.14,78.12,14.97,2.47
2021-11-01,2021,11,1,305,0.01,31.33,19.26,24.41,74.31,17.76,2.04
2021-11-02,2021,11,2,306,2.89,28.06,19.6,23.41,83.92,17.37,1.97
2021-11-03,2021,11,3,307,2.8,27.94,21.41,23.79,83.02,13.33,1.9
2021-11-04,2021,11,4,308,0.08,29.89,20.17,24.37,81.06,13.35,2.2
2021-11-05,2021,11,5,309,0.04,29.6,21.35,24.53,80.43,16.74,2.22
2021-11-06,2021,11,6,310,0.0,30.58,20.56,24.46,76.01,17.35,2.17
2021-11-07,2021,11,7,311,0.0,29.64,18.59,23.05,74.0,16.9,2.32
2021-11-08,2021,11,8,312,0.0,29.4,16.03,21.69,69.76,18.81,2.25
2021-11-09,2021,11,9,313,0.0,28.96,14.32,20.77,69.82,18.64,2.46
2021-11-10,2021,11,10,314,0.0,29.23,13.8,20.69,68.5,17.75,2.18
2021-11-11,2021,11,11,315,0.0,27.82,13.98,20.24,73.96,15.19,2.17
2021-11-12,2021,11,12,316,0.0,29.14,17.02,22.68,78.24,12.74,2.37
2021-11-13,2021,11,13,317,1.05,30.99,20.66,25.01,80.55,11.56,1.95
2021-11-14,2021,11,14,318,0.26,29.12,21.82,24.51,84.41,13.27,1.51
2021-11-15,2021,11,15,319,0.24,30.71,21.9,25.6,81.62,13.7,1.91
2021-11-16,2021,11,16,320,1.46,30.85,22.21,25.8,80.46,12.85,2.88
2021-11-17,2021,11,17,321,1.21,29.3,22.52,25.1,83.07,9.55,3.13
2021-11-18,2021,11,18,322,12.36,29.83,21.02,24.81,82.33,13.42,1.71
2021-11-19,2021,11,19,323,2.41,29.17,21.3,24.26,84.11,10.06,2.1
2021-11-20,2021,11,20,324,1.82,29.99,21.48,24.71,83.04,11.18,2.62
2021-11-21,2021,11,21,325,1.76,30.95,21.6,25.36,81.53,8.35,2.8
2021-11-22,2021,11,22,326,5.63,31.23,21.75,25.65,80.94,13.63,1.69
2021-11-23,2021,11,23,327,1.54,32.21,21.17,26.14,78.78,16.69,1.17
2021-11-24,2021,11,24,328,0.23,30.71,21.85,25.46,80.89,15.15,2.39
2021-11-25,2021,11,25,329,0.01,30.77,19.54,24.01,75.78,17.29,2.08
2021-11-26,2021,11,26,330,0.0,29.94,17.49,22.72,75.83,16.31,1.81
2021-11-27,2021,11,27,331,0.0,29.75,15.95,21.95,73.27,14.51,2.11
2021-11-28,2021,11,28,332,0.0,28.76,14.9,21.03,69.1,17.16,2.51
2021-11-29,2021,11,29,333,0.39,28.8,17.08,22.14,77.35,9.34,2.85
2021-11-30,2021,11,30,334,0.96,27.03,18.94,22.37,81.57,12.45,2.77
2021-12-01,2021,12,1,335,9.47,27.72,17.77,22.33,78.95,11.87,2.33
2021-12-02,2021,12,2,336,7.21,27.26,19.31,22.2,85.76,6.37,2.19
2021-12-03,2021,12,3,337,2.24,28.92,19.02,23.23,81.6,10.57,1.88
2021-12-04,2021,12,4,338,1.21,28.3,18.47,22.89,78.82,12.61,1.51
2021-12-05,2021,12,5,339,0.0,30.19,18.07,23.82,70.87,13.11,0.99
2021-12-06,2021,12,6,340,0.0,29.96,16.97,23.05,72.35,15.96,1.39
2021-12-07,2021,12,7,341,0.0,29.78,16.15,22.2,71.0,15.7,2.17
2021-12-08,2021,12,8,342,0.0,29.41,16.1,22.08,71.86,15.39,2.02
2021-12-09,2021,12,9,343,0.0,28.93,17.82,22.89,78.17,13.19,1.96
2021-12-10,2021,12,10,344,0.0,28.98,19.17,23.11,77.0,12.47,2.73
2021-12-11,2021,12,11,345,0.0,28.55,18.72,22.76,77.22,14.42,2.52
2021-12-12,2021,12,12,346,0.0,27.95,18.38,22.2,77.72,14.99,2.24
2021-12-13,2021,12,13,347,0.0,28.45,18.05,22.48,78.51,13.57,1.81
2021-12-14,2021,12,14,348,0.0,28.38,18.12,22.51,76.51,13.07,2.02
2021-12-15,2021,12,15,349,0.0,27.73,18.3,22.14,78.58,13.67,2.31
2021-12-16,2021,12,16,350,0.0,27.53,18.31,21.92,73.63,14.63,2.05
2021-12-17,2021,12,17,351,0.0,28.3,14.55,20.84,68.61,17.16,1.66
2021-12-18,2021,12,18,352,0.0,28.39,13.89,20.01,66.18,17.45,2.27
2021-12-19,2021,12,19,353,0.0,27.33,12.24,18.8,69.18,16.56,2.17
2021-12-20,2021,12,20,354,0.0,27.18,10.86,18.03,66.59,15.71,1.92
2021-12-21,2021,12,21,355,0.0,28.33,10.08,18.49,60.6,16.25,1.2
2021-12-22,2021,12,22,356,0.0,29.27,12.66,19.88,57.38,16.75,0.97
2021-12-23,2021,12,23,357,0.0,30.25,13.15,20.85,57.49,16.48,0.92
2021-12-24,2021,12,24,358,0.0,30.65,14.8,21.99,57.75,16.2,0.91
2021-12-25,2021,12,25,359,0.0,30.49,13.52,21.68,61.39,15.96,1.1
2021-12-26,2021,12,26,360,0.0,30.06,14.51,21.66,62.15,16.48,0.79
2021-12-27,2021,12,27,361,0.0,29.46,14.84,21.71,67.52,14.06,1.29
2021-12-28,2021,12,28,362,0.06,29.55,15.72,22.38,68.9,14.85,1.77
2021-12-29,2021,12,29,363,0.07,28.72,16.09,22.15,67.58,15.14,1.16
2021-12-30,2021,12,30,364,0.0,28.17,15.83,21.33,70.75,15.36,2.97
2021-12-31,2021,12,31,365,0.0,28.41,15.11,21.29,73.79,14.81,2.52
2022-01-01,2022,1,1,1,0.0,28.4,16.04,21.92,73.29,14.43,1.9
2022-01-02,2022,1,2,2,0.0,28.67,17.26,22.36,73.1,14.51,2.07
2022-01-03,2022,1,3,3,0.0,28.83,16.81,22.09,70.89,13.94,1.97
2022-01-04,2022,1,4,4,0.0,29.15,14.9,21.26,63.16,16.86,2.22
2022-01-05,2022,1,5,5,0.0,29.26,13.96,20.88,65.98,16.29,1.95
2022-01-06,2022,1,6,6,0.0,29.73,13.59,20.92,60.69,17.45,2.2
2022-01-07,2022,1,7,7,0.0,29.94,13.98,21.77,67.03,16.94,2.37
2022-01-08,2022,1,8,8,0.0,29.85,16.64,22.61,65.87,16.22,1.2
2022-01-09,2022,1,9,9,0.01,30.27,15.25,22.37,63.82,16.39,1.55
2022-01-10,2022,1,10,10,0.01,30.34,15.84,22.89,64.0,15.63,1.66
2022-01-11,2022,1,11,11,0.03,30.55,15.35,21.77,60.56,18.19,2.61
2022-01-12,2022,1,12,12,0.0,29.37,12.57,20.46,61.93,17.56,1.56
2022-01-13,2022,1,13,13,0.06,28.93,13.62,20.43,66.27,16.12,2.04
2022-01-14,2022,1,14,14,0.01,28.36,14.09,20.39,65.45,13.6,1.88
2022-01-15,2022,1,15,15,0.0,29.36,13.6,21.07,65.92,13.59,1.88
2022-01-16,2022,1,16,16,0.0,28.85,16.77,22.21,68.45,12.46,2.91
2022-01-17,2022,1,17,17,0.0,28.88,17.22,22.24,68.66,13.19,2.08
2022-01-18,2022,1,18,18,0.0,30.18,15.31,22.14,64.66,18.52,1.76
2022-01-19,2022,1,19,19,0.0,30.17,13.87,21.44,59.22,19.36,1.47
2022-01-20,2022,1,20,20,0.0,32.33,15.16,22.54,50.17,19.99,1.2
2022-01-21,2022,1,21,21,0.0,32.41,13.83,22.4,52.29,20.08,1.92
2022-01-22,2022,1,22,22,0.0,32.3,14.82,22.41,59.86,19.98,2.35
2022-01-23,2022,1,23,23,0.0,29.65,15.38,21.09,65.56,18.79,3.54
2022-01-24,2022,1,24,24,0.0,25.87,11.59,18.25,59.77,14.24,1.46
2022-01-25,2022,1,25,25,0.0,27.21,9.81,18.36,50.2,17.8,1.38
2022-01-26,2022,1,26,26,0.0,28.33,10.24,18.88,49.39,18.61,1.6
2022-01-27,2022,1,27,27,0.0,28.65,11.08,19.26,50.67,18.53,2.15
2022-01-28,2022,1,28,28,0.0,29.05,10.89,19.16,47.66,20.09,2.54
2022-01-29,2022,1,29,29,0.0,29.87,9.76,19.53,40.06,21.17,1.88
2022-01-30,2022,1,30,30,0.0,31.26,10.59,21.31,35.13,20.5,1.16
2022-01-31,2022,1,31,31,0.0,32.55,13.54,23.46,32.15,20.63,0.88
2022-02-01,2022,2,1,32,0.0,33.09,12.48,23.1,31.82,20.65,1.23
2022-02-02,2022,2,2,33,0.0,33.87,14.03,23.98,31.33,20.55,0.67
2022-02-03,2022,2,3,34,0.0,33.98,13.08,22.62,45.57,20.52,2.66
2022-02-04,2022,2,4,35,0.0,30.22,12.38,21.08,51.08,21.74,1.83
2022-02-05,2022,2,5,36,0.0,31.83,12.84,22.02,38.04,21.21,1.24
2022-02-06,2022,2,6,37,0.0,32.23,11.46,21.95,40.17,21.12,1.89
2022-02-07,2022,2,7,38,0.0,32.85,15.65,24.16,44.77,20.15,0.9
2022-02-08,2022,2,8,39,0.0,33.31,16.86,24.98,46.73,19.66,0.98
2022-02-09,2022,2,9,40,0.0,32.72,15.91,24.03,51.14,20.08,1.73
2022-02-10,2022,2,10,41,0.0,31.3,15.4,23.46,48.03,16.96,2.09
2022-02-11,2022,2,11,42,0.0,32.23,16.33,23.72,44.54,16.98,2.97
2022-02-12,2022,2,12,43,0.0,32.25,14.93,23.27,38.38,19.45,2.09
2022-02-13,2022,2,13,44,0.0,32.29,13.79,23.13,35.01,20.51,1.81
2022-02-14,2022,2,14,45,0.0,33.28,14.74,24.04,37.77,20.68,1.6
2022-02-15,2022,2,15,46,0.0,33.46,18.08,25.52,38.32,18.47,1.27
2022-02-16,2022,2,16,47,0.0,32.55,16.14,23.99,42.85,19.82,2.42
2022-02-17,2022,2,17,48,0.0,33.11,15.79,24.69,42.76,18.23,1.72
2022-02-18,2022,2,18,49,0.0,33.71,20.17,26.57,39.99,18.4,2.34
2022-02-19,2022,2,19,50,0.0,34.49,20.63,27.42,38.69,20.7,1.91
2022-02-20,2022,2,20,51,0.0,35.7,18.94,27.12,36.02,21.27,1.66
2022-02-21,2022,2,21,52,0.0,35.9,16.93,26.11,27.63,22.73,2.15
2022-02-22,2022,2,22,53,0.0,36.45,17.14,26.43,23.85,22.28,1.58
2022-02-23,2022,2,23,54,0.0,36.3,18.1,26.97,34.72,21.65,2.38
2022-02-24,2022,2,24,55,0.0,36.04,18.85,27.54,36.34,21.28,2.16
2022-02-25,2022,2,25,56,0.0,35.94,18.68,27.33,27.94,21.85,2.27
2022-02-26,2022,2,26,57,0.0,35.93,18.04,26.69,24.12,22.62,2.83
2022-02-27,2022,2,27,58,0.0,35.07,17.3,26.2,29.41,22.88,2.12
2022-02-28,2022,2,28,59,0.0,35.34,17.3,26.61,28.91,22.43,2.02
2022-03-01,2022,3,1,60,0.0,35.62,18.34,27.0,23.18,22.95,1.39
2022-03-02,2022,3,2,61,0.0,36.23,18.39,27.32,24.66,22.14,2.54
2022-03-03,2022,3,3,62,0.0,36.28,18.34,27.27,25.19,23.45,2.34
2022-03-04,2022,3,4,63,0.0,35.99,19.05,27.88,30.5,22.97,2.02
2022-03-05,2022,3,5,64,0.0,36.25,21.02,28.93,26.55,21.46,2.05
2022-03-06,2022,3,6,65,0.0,36.41,21.98,28.94,27.05,19.42,2.51
2022-03-07,2022,3,7,66,0.0,35.6,21.94,28.25,29.69,21.96,3.22
2022-03-08,2022,3,8,67,0.0,36.27,22.09,28.78,33.82,22.05,2.3
2022-03-09,2022,3,9,68,0.0,36.98,20.97,29.02,27.48,20.14,2.39
2022-03-10,2022,3,10,69,0.1,35.79,20.78,28.39,27.0,12.77,2.21
2022-03-11,2022,3,11,70,0.4,34.79,24.11,29.16,32.75,10.07,1.67
2022-03-12,2022,3,12,71,0.1,34.62,24.22,29.19,32.84,16.04,1.38
2022-03-13,2022,3,13,72,0.0,36.73,22.24,29.65,28.38,20.87,2.03
2022-03-14,2022,3,14,73,0.0,38.31,21.19,29.36,16.49,23.97,2.4
2022-03-15,2022,3,15,74,0.0,39.38,19.28,29.29,14.94,24.36,2.53
2022-03-16,2022,3,16,75,0.0,40.18,21.65,30.32,16.64,24.51,2.02
2022-03-17,2022,3,17,76,0.0,41.01,21.73,31.03,15.73,25.07,1.92
2022-03-18,2022,3,18,77,0.0,40.76,20.8,31.48,22.73,24.45,1.37
2022-03-19,2022,3,19,78,0.08,40.29,22.57,31.5,25.2,24.14,1.69
2022-03-20,2022,3,20,79,0.13,39.46,21.77,31.04,28.17,17.41,1.96
2022-03-21,2022,3,21,80,0.0,39.88,22.71,31.31,22.55,20.02,2.74
2022-03-22,2022,3,22,81,0.08,39.77,23.43,31.51,20.22,19.21,2.33
2022-03-23,2022,3,23,82,0.35,40.02,24.31,32.14,22.1,18.03,1.99
2022-03-24,2022,3,24,83,0.51,40.13,23.54,32.15,27.76,16.45,1.75
2022-03-25,2022,3,25,84,0.8,39.43,24.02,32.2,35.9,15.87,1.68
2022-03-26,2022,3,26,85,0.36,40.39,24.29,32.7,30.73,17.89,1.2
2022-03-27,2022,3,27,86,0.03,40.7,24.21,32.95,29.48,20.69,1.72
2022-03-28,2022,3,28,87,0.0,41.52,25.32,33.52,22.77,23.99,2.09
2022-03-29,2022,3,29,88,0.0,41.78,23.44,32.69,21.14,25.54,1.84
2022-03-30,2022,3,30,89,0.0,41.55,21.88,32.53,16.07,26.53,1.43
2022-03-31,2022,3,31,90,0.0,41.66,21.44,31.96,16.64,27.23,1.99
2022-04-01,2022,4,1,91,0.0,41.57,20.88,32.27,14.98,24.69,1.86
2022-04-02,2022,4,2,92,0.0,41.1,20.83,32.22,20.04,25.91,1.84
2022-04-03,2022,4,3,93,0.03,41.2,26.04,33.91,22.04,22.51,1.22
2022-04-04,2022,4,4,94,0.14,41.18,25.86,34.17,25.38,21.56,1.6
2022-04-05,2022,4,5,95,0.15,41.29,27.04,34.38,26.27,22.14,1.91
2022-04-06,2022,4,6,96,0.12,41.05,26.51,34.24,24.41,21.62,1.58
2022-04-07,2022,4,7,97,0.26,41.41,25.81,34.2,23.26,23.77,1.28
2022-04-08,2022,4,8,98,0.35,40.47,26.85,34.19,24.77,19.35,2.23
2022-04-09,2022,4,9,99,0.14,38.66,28.15,33.78,31.39,19.62,1.5
2022-04-10,2022,4,10,100,1.88,39.33,25.75,32.9,31.96,20.98,1.38
2022-04-11,2022,4,11,101,0.76,39.99,26.86,33.69,34.64,21.63,1.65
2022-04-12,2022,4,12,102,0.06,39.14,28.79,33.98,31.57,17.9,1.3
2022-04-13,2022,4,13,103,0.08,40.79,28.46,34.23,29.14,21.3,1.72
2022-04-14,2022,4,14,104,0.03,39.34,27.19,33.59,29.91,18.16,1.6
2022-04-15,2022,4,15,105,0.09,38.37,27.43,32.6,31.9,17.76,3.03
2022-04-16,2022,4,16,106,1.15,39.94,25.88,32.59,32.48,24.85,2.72
2022-04-17,2022,4,17,107,1.22,40.58,23.22,32.08,31.27,26.17,2.51
2022-04-18,2022,4,18,108,0.07,40.67,23.71,32.67,34.21,24.46,2.28
2022-04-19,2022,4,19,109,1.03,38.27,25.48,31.89,34.77,24.43,3.24
2022-04-20,2022,4,20,110,0.02,40.25,24.55,32.47,37.25,23.91,2.12
2022-04-21,2022,4,21,111,0.0,41.71,25.87,34.31,23.73,24.14,2.24
2022-04-22,2022,4,22,112,2.8,34.41,26.84,30.26,45.39,19.68,2.74
2022-04-23,2022,4,23,113,9.7,28.58,25.43,27.05,63.97,19.31,1.41
2022-04-24,2022,4,24,114,4.64,30.31,24.16,26.66,65.23,13.4,1.22
2022-04-25,2022,4,25,115,5.14,37.8,22.17,30.12,52.15,24.54,1.88
2022-04-26,2022,4,26,116,0.78,37.07,23.95,30.59,51.13,23.65,1.74
2022-04-27,2022,4,27,117,0.08,40.16,24.47,31.96,40.61,24.89,1.75
2022-04-28,2022,4,28,118,0.72,40.57,25.89,32.79,40.66,22.99,1.39
2022-04-29,2022,4,29,119,1.17,39.66,24.75,31.71,39.12,26.11,1.99
2022-04-30,2022,4,30,120,0.0,42.16,24.26,33.32,31.27,26.66,2.74
2022-05-01,2022,5,1,121,0.0,41.84,23.1,32.84,32.49,26.7,2.93
2022-05-02,2022,5,2,122,0.0,41.19,23.98,32.92,34.35,26.42,3.3
2022-05-03,2022,5,3,123,0.09,40.47,25.47,32.78,35.32,25.86,3.23
2022-05-04,2022,5,4,124,0.94,41.1,26.13,33.56,39.41,23.65,2.25
2022-05-05,2022,5,5,125,0.61,40.85,27.71,33.76,36.28,25.38,2.39
2022-05-06,2022,5,6,126,0.01,41.47,25.89,34.16,32.74,25.49,2.47
2022-05-07,2022,5,7,127,0.0,42.61,25.9,34.46,27.86,23.68,3.0
2022-05-08,2022,5,8,128,0.08,41.63,27.83,35.06,26.86,19.41,1.96
2022-05-09,2022,5,9,129,0.07,43.54,28.32,35.49,23.59,21.92,3.62
2022-05-10,2022,5,10,130,0.0,40.53,26.86,32.53,34.03,18.66,3.61
2022-05-11,2022,5,11,131,0.21,40.83,26.94,33.76,39.15,12.95,3.46
2022-05-12,2022,5,12,132,3.13,39.37,27.01,32.67,44.09,18.0,4.1
2022-05-13,2022,5,13,133,0.74,39.12,26.43,32.6,45.66,11.27,4.46
2022-05-14,2022,5,14,134,0.56,40.48,25.86,32.81,45.23,22.67,3.74
2022-05-15,2022,5,15,135,0.34,41.67,26.22,34.06,41.08,23.65,3.19
2022-05-16,2022,5,16,136,0.04,40.86,27.4,33.95,42.54,20.23,4.28
2022-05-17,2022,5,17,137,3.65,38.0,26.38,31.66,51.55,20.0,1.95
2022-05-18,2022,5,18,138,4.79,37.22,25.32,31.11,51.94,11.73,1.91
2022-05-19,2022,5,19,139,27.25,36.46,26.45,30.61,59.43,10.78,3.07
2022-05-20,2022,5,20,140,5.75,34.22,24.66,28.58,66.1,6.48,3.89
2022-05-21,2022,5,21,141,2.18,35.4,23.61,28.75,61.66,17.83,5.08
2022-05-22,2022,5,22,142,0.0,37.59,22.82,29.05,60.7,25.55,5.25
2022-05-23,2022,5,23,143,0.0,38.13,23.12,29.84,60.48,25.23,4.67
2022-05-24,2022,5,24,144,0.0,38.54,23.59,30.46,57.73,23.31,3.88
2022-05-25,2022,5,25,145,0.01,37.96,23.25,30.39,54.56,24.67,3.44
2022-05-26,2022,5,26,146,0.03,38.44,23.48,30.43,50.12,25.21,4.21
2022-05-27,2022,5,27,147,0.08,38.6,23.21,30.43,51.39,26.89,4.75
2022-05-28,2022,5,28,148,0.0,38.71,23.23,30.82,47.45,26.55,4.39
2022-05-29,2022,5,29,149,0.0,39.43,24.74,31.63,46.72,26.22,4.45
2022-05-30,2022,5,30,150,0.05,40.1,24.34,32.16,45.05,26.14,4.13
2022-05-31,2022,5,31,151,0.91,39.28,25.27,31.85,46.37,23.81,3.99
2022-06-01,2022,6,1,152,2.09,35.18,24.84,29.65,57.1,20.32,3.23
2022-06-02,2022,6,2,153,1.85,39.26,25.28,31.58,48.68,21.46,3.64
2022-06-03,2022,6,3,154,0.09,39.77,24.66,31.89,48.01,20.67,3.97
2022-06-04,2022,6,4,155,0.0,38.87,25.83,31.68,45.55,22.15,3.71
2022-06-05,2022,6,5,156,1.21,39.32,26.2,32.12,47.0,23.37,3.3
2022-06-06,2022,6,6,157,6.18,34.3,24.78,29.24,60.6,19.17,3.64
2022-06-07,2022,6,7,158,0.02,36.66,23.96,30.16,55.87,22.01,3.87
2022-06-08,2022,6,8,159,4.17,36.64,24.81,30.26,55.96,23.67,4.06
2022-06-09,2022,6,9,160,1.99,35.78,24.44,29.33,62.6,19.26,3.12
2022-06-10,2022,6,10,161,0.21,34.25,24.19,28.76,66.39,19.7,2.89
2022-06-11,2022,6,11,162,0.35,33.33,24.11,28.11,66.02,20.98,4.42
2022-06-12,2022,6,12,163,0.4,35.51,23.45,28.82,59.72,21.02,4.31
2022-06-13,2022,6,13,164,0.02,37.15,23.36,29.93,54.25,23.46,3.57
2022-06-14,2022,6,14,165,0.24,35.03,24.46,29.55,53.8,23.62,3.1
2022-06-15,2022,6,15,166,0.21,34.82,23.64,28.97,53.27,20.61,3.43
2022-06-16,2022,6,16,167,0.33,35.88,24.88,29.84,55.44,23.4,4.01
2022-06-17,2022,6,17,168,0.65,36.45,24.67,29.62,55.01,21.91,2.96
2022-06-18,2022,6,18,169,0.04,34.05,24.65,29.0,56.58,19.55,3.05
2022-06-19,2022,6,19,170,0.38,34.42,24.64,28.91,59.55,21.38,4.53
2022-06-20,2022,6,20,171,0.9,35.48,24.1,29.05,60.92,20.04,4.83
2022-06-21,2022,6,21,172,16.43,33.1,24.22,27.71,66.59,16.7,4.77
2022-06-22,2022,6,22,173,3.12,31.85,23.51,27.24,72.42,17.39,2.86
2022-06-23,2022,6,23,174,1.68,32.33,23.42,27.65,68.48,18.37,1.82
2022-06-24,2022,6,24,175,0.79,32.6,23.46,27.15,69.26,19.0,3.35
2022-06-25,2022,6,25,176,39.91,29.75,22.91,25.89,78.47,14.94,4.23
2022-06-26,2022,6,26,177,9.82,29.15,22.86,25.43,81.52,12.8,3.72
2022-06-27,2022,6,27,178,1.82,29.45,22.12,25.51,79.27,12.12,3.75
2022-06-28,2022,6,28,179,2.46,31.54,22.68,26.85,73.63,18.99,3.27
2022-06-29,2022,6,29,180,0.55,32.52,22.93,26.69,77.43,19.79,3.76
2022-06-30,2022,6,30,181,1.7,31.51,23.31,26.81,71.0,18.44,4.18
2022-07-01,2022,7,1,182,6.23,33.72,22.51,27.45,71.41,17.9,4.13
2022-07-02,2022,7,2,183,0.4,32.58,23.1,27.16,72.5,18.16,4.5
2022-07-03,2022,7,3,184,0.51,33.4,23.27,27.41,71.87,20.1,4.55
2022-07-04,2022,7,4,185,1.97,29.91,23.24,26.09,77.9,16.44,4.83
2022-07-05,2022,7,5,186,8.4,31.09,23.29,26.32,76.29,13.43,5.51
2022-07-06,2022,7,6,187,2.6,33.34,22.46,26.89,73.8,12.76,4.87
2022-07-07,2022,7,7,188,4.01,31.1,22.86,26.37,75.17,11.96,5.0
2022-07-08,2022,7,8,189,12.63,30.41,23.2,26.1,76.49,8.16,5.79
2022-07-09,2022,7,9,190,21.35,29.26,22.83,25.4,79.63,6.1,5.94
2022-07-10,2022,7,10,191,6.33,28.08,22.45,24.66,82.26,11.15,5.89
2022-07-11,2022,7,11,192,3.79,27.8,22.78,24.79,82.59,10.57,6.32
2022-07-12,2022,7,12,193,15.51,26.94,22.35,24.07,83.02,7.74,6.51
2022-07-13,2022,7,13,194,24.93,26.36,21.95,23.81,84.33,5.12,7.75
2022-07-14,2022,7,14,195,11.06,26.65,22.06,23.95,82.51,9.4,7.84
2022-07-15,2022,7,15,196,1.12,29.03,22.26,24.77,78.51,13.56,6.63
2022-07-16,2022,7,16,197,3.4,32.63,21.98,26.49,75.85,16.92,5.51
2022-07-17,2022,7,17,198,13.82,30.0,22.5,25.69,81.44,15.3,4.4
2022-07-18,2022,7,18,199,2.97,30.31,22.09,25.61,78.72,9.37,4.91
2022-07-19,2022,7,19,200,1.05,32.36,21.99,26.4,76.22,17.64,4.33
2022-07-20,2022,7,20,201,0.19,33.24,21.86,26.83,73.87,21.44,4.38
2022-07-21,2022,7,21,202,0.01,30.58,21.95,25.97,77.31,16.12,3.84
2022-07-22,2022,7,22,203,3.4,28.96,22.25,25.1,79.41,14.36,3.74
2022-07-23,2022,7,23,204,0.97,30.02,21.87,25.1,80.99,10.86,4.48
2022-07-24,2022,7,24,205,1.15,30.8,22.16,25.78,77.02,12.16,4.61
2022-07-25,2022,7,25,206,1.73,31.55,21.8,26.19,75.05,16.86,3.73
2022-07-26,2022,7,26,207,1.04,32.23,21.76,26.36,74.61,9.25,2.7
2022-07-27,2022,7,27,208,4.58,30.07,22.91,26.18,78.4,19.74,1.21
2022-07-28,2022,7,28,209,7.26,30.43,22.77,26.29,79.45,19.77,1.52
2022-07-29,2022,7,29,210,5.95,31.1,22.39,26.63,76.86,22.91,1.51
2022-07-30,2022,7,30,211,16.94,30.14,22.98,26.28,81.29,15.85,1.87
2022-07-31,2022,7,31,212,2.3,29.73,23.19,26.06,81.11,21.12,2.28
2022-08-01,2022,8,1,213,6.47,31.44,23.05,26.84,76.82,15.94,3.41
2022-08-02,2022,8,2,214,9.8,30.34,22.95,25.88,80.45,14.17,2.75
2022-08-03,2022,8,3,215,10.77,28.57,23.16,25.66,84.09,9.08,2.47
2022-08-04,2022,8,4,216,37.1,30.0,23.01,25.94,84.35,14.33,2.33
2022-08-05,2022,8,5,217,7.4,30.01,22.68,25.54,82.5,15.46,2.89
2022-08-06,2022,8,6,218,1.23,31.26,21.32,25.72,78.4,16.35,3.92
2022-08-07,2022,8,7,219,14.17,27.9,22.36,24.66,84.6,14.86,4.23
2022-08-08,2022,8,8,220,11.49,26.6,21.89,23.92,86.77,8.95,5.72
2022-08-09,2022,8,9,221,6.64,27.6,22.19,24.41,83.07,8.88,6.79
2022-08-10,2022,8,10,222,3.13,29.58,21.69,24.98,78.41,15.05,7.43
2022-08-11,2022,8,11,223,0.58,31.42,22.39,25.85,76.08,15.65,7.16
2022-08-12,2022,8,12,224,0.43,31.55,21.95,25.75,75.71,14.61,6.53
2022-08-13,2022,8,13,225,1.1,31.48,21.02,25.45,76.68,12.91,5.56
2022-08-14,2022,8,14,226,1.85,30.48,21.41,25.09,78.76,12.91,4.81
2022-08-15,2022,8,15,227,5.15,27.59,21.07,23.61,84.49,9.58,4.4
2022-08-16,2022,8,16,228,0.23,30.77,20.48,25.03,78.31,14.13,4.6
2022-08-17,2022,8,17,229,1.43,32.07,21.37,25.83,77.29,15.98,4.62
2022-08-18,2022,8,18,230,0.37,32.24,21.19,25.81,77.47,18.88,4.22
2022-08-19,2022,8,19,231,0.19,31.37,21.0,25.63,78.25,18.83,4.51
2022-08-20,2022,8,20,232,12.66,31.66,22.04,25.87,78.79,17.05,4.6
2022-08-21,2022,8,21,233,1.0,31.49,21.49,25.69,77.79,15.51,4.7
2022-08-22,2022,8,22,234,0.09,31.8,21.6,25.97,76.92,14.95,5.1
2022-08-23,2022,8,23,235,0.19,31.89,21.8,26.07,78.01,15.88,4.12
2022-08-24,2022,8,24,236,0.05,32.06,21.79,26.23,76.38,21.02,3.47
2022-08-25,2022,8,25,237,0.13,30.32,21.8,25.84,77.52,18.67,2.86
2022-08-26,2022,8,26,238,3.57,29.79,21.8,25.28,79.49,19.73,2.63
2022-08-27,2022,8,27,239,1.0,30.91,21.95,25.62,76.83,18.44,2.56
2022-08-28,2022,8,28,240,0.36,30.99,21.69,25.97,75.3,20.39,2.62
2022-08-29,2022,8,29,241,0.55,32.58,21.72,26.65,73.33,15.55,2.36
2022-08-30,2022,8,30,242,1.42,32.05,22.61,26.68,79.48,15.35,2.14
2022-08-31,2022,8,31,243,6.26,31.57,23.15,26.95,79.88,17.37,1.7
2022-09-01,2022,9,1,244,12.67,30.97,23.22,26.35,81.0,21.7,1.66
2022-09-02,2022,9,2,245,0.18,31.74,23.06,26.72,79.06,19.38,2.17
2022-09-03,2022,9,3,246,6.09,33.33,22.05,27.72,75.45,21.63,1.3
2022-09-04,2022,9,4,247,11.45,31.45,23.86,26.76,82.7,13.57,2.29
2022-09-05,2022,9,5,248,2.75,31.67,21.51,26.01,76.28,17.81,1.67
2022-09-06,2022,9,6,249,6.07,32.74,21.91,27.2,73.51,15.82,0.99
2022-09-07,2022,9,7,250,17.94,29.15,23.22,25.99,82.12,17.88,1.33
2022-09-08,2022,9,8,251,29.63,29.57,22.55,25.59,80.16,14.31,0.93
2022-09-09,2022,9,9,252,22.52,27.89,22.71,25.02,86.03,16.9,1.38
2022-09-10,2022,9,10,253,6.25,28.41,22.65,24.99,86.3,11.89,2.38
2022-09-11,2022,9,11,254,4.39,28.67,22.45,24.98,86.62,11.73,1.95
2022-09-12,2022,9,12,255,3.64,28.72,22.21,24.81,85.68,10.76,3.4
2022-09-13,2022,9,13,256,0.78,31.56,21.86,25.57,79.33,14.44,4.81
2022-09-14,2022,9,14,257,0.2,31.77,21.5,25.77,78.63,16.86,4.25
2022-09-15,2022,9,15,258,0.25,31.38,21.37,25.59,79.62,15.86,4.76
2022-09-16,2022,9,16,259,0.64,31.39,21.83,25.8,78.83,13.91,4.72
2022-09-17,2022,9,17,260,0.17,32.03,21.57,25.84,78.12,18.27,3.4
2022-09-18,2022,9,18,261,0.01,31.95,21.29,25.82,76.59,19.99,3.29
2022-09-19,2022,9,19,262,0.11,30.31,20.77,24.68,76.22,13.15,3.66
2022-09-20,2022,9,20,263,0.63,27.22,20.3,23.35,81.67,5.97,3.35
2022-09-21,2022,9,21,264,0.19,27.87,20.79,23.65,82.11,16.17,3.15
2022-09-22,2022,9,22,265,0.0,31.15,20.41,24.69,75.19,15.58,3.52
2022-09-23,2022,9,23,266,0.0,31.54,19.12,24.72,75.21,19.71,3.27
2022-09-24,2022,9,24,267,0.31,31.62,19.86,25.17,76.34,18.64,2.95
2022-09-25,2022,9,25,268,0.58,32.24,20.46,26.01,75.59,19.32,2.14
2022-09-26,2022,9,26,269,9.83,30.75,22.24,25.37,80.48,8.25,2.25
2022-09-27,2022,9,27,270,0.73,31.76,21.71,26.14,78.09,16.84,1.39
2022-09-28,2022,9,28,271,0.73,31.69,22.57,26.67,78.13,14.39,1.53
2022-09-29,2022,9,29,272,1.55,30.46,22.78,26.13,79.6,16.35,1.8
2022-09-30,2022,9,30,273,3.24,30.87,22.31,26.47,77.91,16.67,1.64
2022-10-01,2022,10,1,274,2.9,31.09,22.77,26.35,76.88,19.09,2.34
2022-10-02,2022,10,2,275,0.54,31.99,21.62,25.86,75.02,20.37,2.95
2022-10-03,2022,10,3,276,0.02,31.07,21.07,25.29,76.6,20.48,2.82
2022-10-04,2022,10,4,277,0.01,31.71,21.37,25.87,75.91,18.12,3.01
2022-10-05,2022,10,5,278,1.25,29.24,22.06,25.17,80.97,17.05,2.67
2022-10-06,2022,10,6,279,10.9,28.56,21.63,24.42,83.58,7.17,2.84
2022-10-07,2022,10,7,280,11.49,30.3,21.64,24.93,81.78,13.6,2.88
2022-10-08,2022,10,8,281,0.36,31.87,20.56,25.86,75.66,19.66,1.89
2022-10-09,2022,10,9,282,1.15,29.91,21.84,25.68,78.85,17.09,1.02
2022-10-10,2022,10,10,283,7.77,31.08,22.24,25.88,80.75,14.44,1.33
2022-10-11,2022,10,11,284,9.53,28.61,22.58,24.89,87.51,10.77,1.67
2022-10-12,2022,10,12,285,6.68,27.35,22.78,24.61,88.0,8.2,1.88
2022-10-13,2022,10,13,286,9.56,27.59,22.33,24.25,87.84,15.23,1.51
2022-10-14,2022,10,14,287,15.02,26.94,21.91,23.92,90.03,12.99,1.11
2022-10-15,2022,10,15,288,1.93,30.09,20.8,24.94,82.7,13.89,2.42
2022-10-16,2022,10,16,289,3.23,30.17,21.11,25.16,82.49,11.54,2.65
2022-10-17,2022,10,17,290,6.59,30.4,22.27,25.74,82.71,16.29,1.96
2022-10-18,2022,10,18,291,10.51,30.78,21.72,25.7,81.13,15.79,1.39
2022-10-19,2022,10,19,292,13.63,30.61,21.6,25.82,79.49,18.89,0.76
2022-10-20,2022,10,20,293,8.18,30.45,21.96,25.61,81.31,16.71,1.54
2022-10-21,2022,10,21,294,8.74,29.59,21.67,24.93,82.48,13.36,1.74
2022-10-22,2022,10,22,295,2.29,29.88,18.1,23.62,73.37,17.99,2.65
2022-10-23,2022,10,23,296,0.0,28.53,14.62,21.02,73.96,22.31,2.28
2022-10-24,2022,10,24,297,0.0,29.27,15.04,21.83,70.06,21.72,1.75
2022-10-25,2022,10,25,298,0.0,29.85,15.52,22.09,65.56,21.98,1.41
2022-10-26,2022,10,26,299,0.0,29.67,14.8,21.56,69.19,19.89,1.81
2022-10-27,2022,10,27,300,0.0,29.19,14.35,21.05,69.21,21.36,1.78
2022-10-28,2022,10,28,301,0.0,29.21,14.33,21.13,67.43,21.55,1.84
2022-10-29,2022,10,29,302,0.0,29.22,14.6,21.04,68.2,18.58,2.32
2022-10-30,2022,10,30,303,0.0,29.25,13.82,20.81,72.15,21.34,2.35
2022-10-31,2022,10,31,304,0.0,28.94,14.36,21.06,74.67,17.6,2.13
2022-11-01,2022,11,1,305,0.0,28.76,14.93,21.31,74.13,19.04,1.91
2022-11-02,2022,11,2,306,0.0,30.25,17.1,23.25,78.61,17.7,2.06
2022-11-03,2022,11,3,307,0.0,30.27,18.72,23.27,73.06,19.52,2.04
2022-11-04,2022,11,4,308,0.0,29.96,17.03,23.05,75.18,18.0,1.95
2022-11-05,2022,11,5,309,0.0,30.51,17.7,23.45,74.63,18.3,2.0
2022-11-06,2022,11,6,310,0.0,30.22,17.25,22.41,69.1,19.55,2.02
2022-11-07,2022,11,7,311,0.0,29.27,15.04,21.7,68.9,19.75,1.58
2022-11-08,2022,11,8,312,0.0,30.17,16.93,22.45,72.75,18.46,1.75
2022-11-09,2022,11,9,313,0.0,30.12,16.06,21.85,70.05,19.0,2.02
2022-11-10,2022,11,10,314,0.0,28.72,13.78,20.54,70.9,18.6,2.57
2022-11-11,2022,11,11,315,0.0,28.85,13.94,20.58,73.47,18.79,2.85
2022-11-12,2022,11,12,316,0.0,28.35,15.24,21.0,75.61,17.25,2.67
2022-11-13,2022,11,13,317,0.0,29.58,15.84,21.83,75.01,18.63,2.38
2022-11-14,2022,11,14,318,0.0,30.16,17.35,23.12,75.44,16.94,1.99
2022-11-15,2022,11,15,319,0.0,30.09,16.18,22.19,71.39,17.08,1.77
2022-11-16,2022,11,16,320,0.0,28.98,14.45,20.65,68.59,18.86,1.62
2022-11-17,2022,11,17,321,0.0,28.92,12.85,19.96,66.69,17.92,1.97
2022-11-18,2022,11,18,322,0.0,28.11,12.85,19.63,69.13,17.67,2.06
2022-11-19,2022,11,19,323,0.0,27.76,13.17,19.43,70.4,18.5,2.41
2022-11-20,2022,11,20,324,0.0,26.88,12.13,18.52,68.61,18.93,2.06
2022-11-21,2022,11,21,325,0.0,28.48,12.04,20.13,67.67,16.53,1.51
2022-11-22,2022,11,22,326,0.0,28.71,15.82,21.7,73.63,12.95,1.95
2022-11-23,2022,11,23,327,0.0,30.48,17.05,23.3,75.79,15.07,1.87
2022-11-24,2022,11,24,328,0.15,30.05,19.11,23.89,78.24,14.56,1.88
2022-11-25,2022,11,25,329,0.13,30.52,19.86,24.41,78.98,12.71,2.13
2022-11-26,2022,11,26,330,0.03,30.59,18.56,23.72,71.91,13.27,1.82
2022-11-27,2022,11,27,331,0.0,30.73,16.32,23.14,69.73,15.09,1.2
2022-11-28,2022,11,28,332,0.0,30.79,17.45,23.34,69.79,14.45,1.12
2022-11-29,2022,11,29,333,0.0,29.95,16.7,21.94,68.21,17.1,1.62
2022-11-30,2022,11,30,334,0.0,29.61,13.73,20.46,64.04,18.01,1.53
2022-12-01,2022,12,1,335,0.0,29.56,12.45,20.35,63.31,17.72,1.46
2022-12-02,2022,12,2,336,0.0,30.24,14.53,22.31,71.11,13.99,1.17
2022-12-03,2022,12,3,337,0.0,30.81,19.11,24.18,75.7,14.3,1.79
2022-12-04,2022,12,4,338,0.0,29.55,19.54,23.89,76.69,14.38,1.77
2022-12-05,2022,12,5,339,0.0,30.55,17.74,23.13,73.19,14.53,2.08
2022-12-06,2022,12,6,340,0.0,30.15,14.31,21.29,67.5,17.06,1.97
2022-12-07,2022,12,7,341,0.0,29.79,14.05,21.18,71.19,13.89,1.99
2022-12-08,2022,12,8,342,0.0,29.09,15.01,20.25,67.43,15.59,2.32
2022-12-09,2022,12,9,343,0.0,28.85,10.58,19.1,59.84,18.28,2.12
2022-12-10,2022,12,10,344,0.01,30.66,13.44,21.42,68.02,15.48,2.31
2022-12-11,2022,12,11,345,0.27,29.95,17.37,23.02,77.33,11.22,2.44
2022-12-12,2022,12,12,346,0.73,29.94,19.69,23.86,76.56,10.48,2.14
2022-12-13,2022,12,13,347,0.15,27.23,20.19,22.84,80.22,10.62,2.36
2022-12-14,2022,12,14,348,0.03,31.62,19.44,24.68,72.79,15.54,2.19
2022-12-15,2022,12,15,349,0.0,31.12,19.21,24.7,73.88,15.67,1.7
2022-12-16,2022,12,16,350,0.0,32.46,18.96,25.16,68.63,16.32,1.71
2022-12-17,2022,12,17,351,0.0,32.0,18.44,24.6,68.22,14.32,2.16
2022-12-18,2022,12,18,352,0.0,31.07,17.73,23.29,65.19,16.56,2.47
2022-12-19,2022,12,19,353,0.0,30.59,13.64,21.12,56.11,18.78,1.81
2022-12-20,2022,12,20,354,0.0,31.4,13.64,21.54,58.97,18.13,1.59
2022-12-21,2022,12,21,355,0.0,31.36,14.97,22.08,59.66,17.46,1.52
2022-12-22,2022,12,22,356,0.0,31.4,14.17,22.02,60.36,17.73,1.6
2022-12-23,2022,12,23,357,0.0,32.17,15.39,22.78,60.86,17.72,1.41
2022-12-24,2022,12,24,358,0.0,31.7,14.12,22.38,56.63,17.41,1.38
2022-12-25,2022,12,25,359,0.0,31.44,13.96,22.22,54.37,17.75,1.71
2022-12-26,2022,12,26,360,0.0,32.1,16.96,24.14,68.17,16.15,2.16
2022-12-27,2022,12,27,361,0.0,32.04,19.49,25.33,68.82,17.0,1.64
2022-12-28,2022,12,28,362,0.0,32.77,18.54,24.83,63.91,17.8,1.26
2022-12-29,2022,12,29,363,0.0,31.63,16.09,23.65,61.93,17.36,1.4
2022-12-30,2022,12,30,364,0.0,31.61,16.51,23.73,59.79,16.78,1.28
2022-12-31,2022,12,31,365,0.0,31.82,15.97,22.98,54.72,17.5,1.23
2023-01-01,2023,1,1,1,0.0,31.25,14.29,22.0,55.84,17.48,1.33
2023-01-02,2023,1,2,2,0.0,30.97,13.93,21.93,60.28,16.82,1.54
2023-01-03,2023,1,3,3,0.0,30.31,15.4,23.31,61.47,14.52,1.15
2023-01-04,2023,1,4,4,0.0,30.25,17.15,23.7,59.91,13.77,1.37
2023-01-05,2023,1,5,5,0.0,29.85,17.66,23.3,62.8,15.0,2.77
2023-01-06,2023,1,6,6,0.0,28.93,18.32,22.99,67.14,12.79,2.87
2023-01-07,2023,1,7,7,0.0,29.35,17.45,22.36,63.6,11.55,2.44
2023-01-08,2023,1,8,8,0.0,29.7,13.64,20.55,49.11,19.28,2.13
2023-01-09,2023,1,9,9,0.0,29.85,9.86,19.21,37.27,20.15,1.78
2023-01-10,2023,1,10,10,0.0,30.83,10.31,19.57,40.74,19.78,1.63
2023-01-11,2023,1,11,11,0.0,31.17,12.21,20.85,41.07,18.91,1.06
2023-01-12,2023,1,12,12,0.0,31.09,14.11,21.63,38.42,18.42,0.97
2023-01-13,2023,1,13,13,0.0,31.11,11.02,21.16,41.54,19.33,1.24
2023-01-14,2023,1,14,14,0.0,30.63,11.43,20.43,48.19,19.24,1.23
2023-01-15,2023,1,15,15,0.0,31.98,12.07,21.72,44.9,18.47,1.41
2023-01-16,2023,1,16,16,0.0,32.56,14.12,23.12,39.86,19.28,1.26
2023-01-17,2023,1,17,17,0.0,32.43,12.81,22.21,39.45,19.87,1.32
2023-01-18,2023,1,18,18,0.0,31.69,12.97,22.03,39.84,19.64,1.29
2023-01-19,2023,1,19,19,0.0,31.78,13.19,22.37,46.3,19.71,1.67
2023-01-20,2023,1,20,20,0.0,31.74,14.16,22.41,45.18,19.28,2.28
2023-01-21,2023,1,21,21,0.0,31.26,13.88,22.25,49.02,18.78,1.76
2023-01-22,2023,1,22,22,0.0,31.57,14.36,22.47,47.79,19.27,1.74
2023-01-23,2023,1,23,23,0.0,32.16,15.63,22.94,52.23,19.26,2.57
2023-01-24,2023,1,24,24,0.0,32.22,16.66,24.29,55.99,17.48,2.18
2023-01-25,2023,1,25,25,0.04,32.4,19.11,25.32,53.28,16.7,2.01
2023-01-26,2023,1,26,26,0.0,32.7,17.17,24.38,44.52,17.67,1.96
2023-01-27,2023,1,27,27,0.0,32.92,15.52,23.42,38.34,20.42,2.23
2023-01-28,2023,1,28,28,0.0,32.71,15.16,23.4,39.8,20.77,1.65
2023-01-29,2023,1,29,29,0.0,33.14,14.65,23.43,38.76,20.21,2.5
2023-01-30,2023,1,30,30,0.0,32.47,16.67,24.28,48.8,19.12,2.29
2023-01-31,2023,1,31,31,0.0,31.73,18.77,25.23,50.97,15.32,1.73
2023-02-01,2023,2,1,32,0.0,31.96,18.51,24.76,43.72,12.35,2.83
2023-02-02,2023,2,2,33,0.0,32.18,17.12,23.98,37.04,17.95,3.09
2023-02-03,2023,2,3,34,0.0,32.6,13.86,22.81,24.24,20.24,2.12
2023-02-04,2023,2,4,35,0.0,33.66,14.14,23.62,29.22,21.26,1.66
2023-02-05,2023,2,5,36,0.0,34.4,14.91,24.24,27.35,21.14,1.75
2023-02-06,2023,2,6,37,0.0,34.57,15.12,24.54,25.01,19.93,1.4
2023-02-07,2023,2,7,38,0.0,34.48,14.97,24.48,30.0,19.56,1.61
2023-02-08,2023,2,8,39,0.0,35.95,15.92,25.13,26.03,19.42,2.43
2023-02-09,2023,2,9,40,0.0,36.01,15.17,25.03,23.65,21.46,1.74
2023-02-10,2023,2,10,41,0.0,35.63,16.25,25.1,21.85,22.34,1.67
2023-02-11,2023,2,11,42,0.0,36.1,17.91,25.77,19.99,22.47,1.47
2023-02-12,2023,2,12,43,0.0,36.84,15.01,25.39,18.87,22.9,2.67
2023-02-13,2023,2,13,44,0.0,36.05,15.11,24.87,20.7,23.38,2.61
2023-02-14,2023,2,14,45,0.0,36.25,14.63,24.68,15.45,22.65,2.09
2023-02-15,2023,2,15,46,0.0,36.5,15.38,24.86,14.07,24.14,2.09
2023-02-16,2023,2,16,47,0.0,37.41,15.85,25.67,16.05,24.08,2.28
2023-02-17,2023,2,17,48,0.0,37.08,15.8,25.91,18.29,23.88,2.39
2023-02-18,2023,2,18,49,0.0,36.78,16.15,25.89,19.67,23.79,2.5
2023-02-19,2023,2,19,50,0.0,36.55,16.12,25.84,21.69,22.87,2.48
2023-02-20,2023,2,20,51,0.0,36.22,16.9,26.97,24.04,22.93,1.52
2023-02-21,2023,2,21,52,0.0,37.34,19.35,28.23,17.53,23.03,1.05
2023-02-22,2023,2,22,53,0.0,37.47,16.78,27.14,15.52,22.32,1.58
2023-02-23,2023,2,23,54,0.0,36.6,17.18,26.63,15.55,22.9,1.64
2023-02-24,2023,2,24,55,0.0,37.41,16.77,26.5,15.14,23.29,2.34
2023-02-25,2023,2,25,56,0.0,36.47,16.67,26.5,16.5,22.65,1.74
2023-02-26,2023,2,26,57,0.0,36.53,17.07,26.84,16.87,22.86,1.51
2023-02-27,2023,2,27,58,0.0,36.39,17.61,26.73,26.38,22.0,2.33
2023-02-28,2023,2,28,59,0.0,35.83,17.95,26.78,27.6,21.36,2.31
2023-03-01,2023,3,1,60,0.0,35.76,17.73,26.76,26.0,20.9,2.29
2023-03-02,2023,3,2,61,0.0,35.88,18.35,26.87,27.33,21.77,2.62
2023-03-03,2023,3,3,62,0.0,36.19,17.92,27.44,26.64,20.33,2.4
2023-03-04,2023,3,4,63,0.0,36.47,20.28,28.32,25.83,19.54,2.42
2023-03-05,2023,3,5,64,0.0,36.46,20.11,28.15,25.89,20.44,2.37
2023-03-06,2023,3,6,65,0.0,36.15,19.21,27.83,25.18,20.54,2.08
2023-03-07,2023,3,7,66,0.02,35.28,19.32,27.15,25.4,21.2,2.46
2023-03-08,2023,3,8,67,0.0,35.73,18.41,27.36,24.11,21.93,1.94
2023-03-09,2023,3,9,68,0.0,33.88,20.96,27.41,27.81,20.5,1.64
2023-03-10,2023,3,10,69,0.0,35.88,19.6,27.96,28.08,21.29,1.47
2023-03-11,2023,3,11,70,0.0,35.87,21.13,28.72,27.58,19.81,2.33
2023-03-12,2023,3,12,71,0.0,36.41,23.41,29.2,26.44,19.51,2.64
2023-03-13,2023,3,13,72,0.0,36.29,20.88,28.63,25.95,19.19,2.06
2023-03-14,2023,3,14,73,0.0,36.64,20.59,28.64,21.22,21.2,1.62
2023-03-15,2023,3,15,74,0.03,36.4,20.33,28.37,26.55,18.08,1.93
2023-03-16,2023,3,16,75,1.46,31.74,23.99,26.83,41.45,15.44,2.09
2023-03-17,2023,3,17,76,1.9,32.74,22.15,26.77,44.3,17.03,2.11
2023-03-18,2023,3,18,77,1.79,33.24,21.46,27.54,49.1,18.33,1.89
2023-03-19,2023,3,19,78,0.29,34.91,20.32,27.11,41.95,24.2,1.91
2023-03-20,2023,3,20,79,0.0,33.92,17.69,25.56,42.49,25.54,2.66
2023-03-21,2023,3,21,80,0.0,34.08,18.41,26.19,44.86,25.14,2.74
2023-03-22,2023,3,22,81,0.0,35.46,19.28,27.36,40.86,24.89,2.61
2023-03-23,2023,3,23,82,0.0,35.8,19.04,27.35,33.89,25.92,2.98
2023-03-24,2023,3,24,83,0.0,37.12,19.07,28.61,33.75,25.31,1.87
2023-03-25,2023,3,25,84,0.0,37.74,19.75,29.42,34.11,25.06,1.41
2023-03-26,2023,3,26,85,0.0,37.91,20.88,29.25,27.81,26.12,2.75
2023-03-27,2023,3,27,86,0.0,38.02,19.09,28.41,30.88,26.4,2.67
2023-03-28,2023,3,28,87,0.0,38.42,18.58,28.86,30.55,26.33,1.98
2023-03-29,2023,3,29,88,0.0,39.36,19.27,29.66,23.8,26.82,2.07
2023-03-30,2023,3,30,89,0.0,38.82,18.7,29.09,31.74,27.61,2.55
2023-03-31,2023,3,31,90,0.0,36.68,19.95,28.45,38.75,26.66,2.62
2023-04-01,2023,4,1,91,0.0,37.12,21.12,28.94,31.68,27.51,2.45
2023-04-02,2023,4,2,92,0.0,37.86,19.28,28.96,29.19,27.28,2.49
2023-04-03,2023,4,3,93,0.0,38.38,19.53,29.19,34.39,27.0,2.4
2023-04-04,2023,4,4,94,0.0,39.07,20.15,30.06,27.44,26.31,2.15
2023-04-05,2023,4,5,95,0.0,39.94,22.58,31.59,25.22,25.87,2.52
2023-04-06,2023,4,6,96,2.25,39.53,24.31,31.95,25.12,21.67,2.74
2023-04-07,2023,4,7,97,4.68,37.1,25.63,31.13,42.74,15.58,2.19
2023-04-08,2023,4,8,98,1.14,35.23,24.82,29.66,48.05,19.99,2.28
2023-04-09,2023,4,9,99,0.05,38.64,24.05,30.97,36.44,25.42,2.35
2023-04-10,2023,4,10,100,0.0,39.04,22.35,31.11,32.05,26.1,1.94
2023-04-11,2023,4,11,101,0.0,39.09,22.77,31.73,27.94,25.53,1.86
2023-04-12,2023,4,12,102,0.0,38.48,24.95,32.34,25.97,24.29,1.26
2023-04-13,2023,4,13,103,0.35,38.35,26.2,32.35,28.06,20.47,1.62
2023-04-14,2023,4,14,104,1.87,36.95,25.91,31.6,34.23,16.95,2.46
2023-04-15,2023,4,15,105,1.33,33.1,24.89,28.75,46.03,19.32,1.66
2023-04-16,2023,4,16,106,0.6,40.05,22.98,32.27,35.41,24.71,0.94
2023-04-17,2023,4,17,107,2.29,39.0,26.16,32.35,38.44,22.92,1.88
2023-04-18,2023,4,18,108,0.0,40.72,25.96,32.61,33.37,24.32,1.71
2023-04-19,2023,4,19,109,0.01,40.99,24.33,32.83,25.8,23.13,1.43
2023-04-20,2023,4,20,110,0.06,40.99,24.55,32.84,28.62,23.18,1.93
2023-04-21,2023,4,21,111,0.82,39.97,25.45,32.88,29.22,23.75,2.09
2023-04-22,2023,4,22,112,0.0,39.55,24.68,31.91,25.95,27.69,2.83
2023-04-23,2023,4,23,113,0.0,39.1,22.23,31.22,29.59,27.13,2.47
2023-04-24,2023,4,24,114,0.0,39.37,23.49,32.17,25.73,25.62,2.08
2023-04-25,2023,4,25,115,0.06,40.55,25.45,32.92,32.21,24.82,2.45
2023-04-26,2023,4,26,116,0.05,38.81,23.67,32.04,36.78,24.23,1.85
2023-04-27,2023,4,27,117,5.64,37.99,25.99,31.38,43.04,22.63,1.75
2023-04-28,2023,4,28,118,17.57,30.35,23.68,26.78,70.71,16.23,2.53
2023-04-29,2023,4,29,119,4.31,34.68,23.09,29.06,62.28,17.02,1.06
2023-04-30,2023,4,30,120,5.52,33.83,24.06,28.72,62.23,24.39,1.24
2023-05-01,2023,5,1,121,0.48,35.8,21.18,28.64,54.71,26.35,1.69
2023-05-02,2023,5,2,122,0.01,36.2,20.79,28.83,44.59,26.21,1.98
2023-05-03,2023,5,3,123,0.25,35.38,23.56,29.72,53.39,22.49,1.22
2023-05-04,2023,5,4,124,0.99,34.9,24.07,29.08,57.05,20.32,1.75
2023-05-05,2023,5,5,125,0.11,36.01,22.89,29.13,58.16,24.33,2.41
2023-05-06,2023,5,6,126,0.24,35.63,25.01,30.2,55.36,21.32,1.59
2023-05-07,2023,5,7,127,2.53,34.2,24.65,28.85,63.75,20.97,1.67
2023-05-08,2023,5,8,128,2.07,36.37,25.02,30.56,56.72,19.08,2.05
2023-05-09,2023,5,9,129,2.05,37.79,25.68,31.39,58.16,19.62,1.84
2023-05-10,2023,5,10,130,2.11,38.79,26.15,31.91,56.53,23.39,1.92
2023-05-11,2023,5,11,131,0.14,39.71,25.44,32.86,48.72,22.8,1.44
2023-05-12,2023,5,12,132,0.14,41.31,26.43,33.62,39.7,24.45,2.31
2023-05-13,2023,5,13,133,0.1,42.44,24.77,33.74,36.82,26.37,3.42
2023-05-14,2023,5,14,134,0.0,41.96,24.91,33.48,36.69,26.92,3.94
2023-05-15,2023,5,15,135,0.0,40.59,24.57,32.41,34.41,27.88,4.34
2023-05-16,2023,5,16,136,0.0,40.2,24.34,32.17,34.32,28.41,3.18
2023-05-17,2023,5,17,137,0.0,40.65,24.75,33.15,35.54,27.74,2.38
2023-05-18,2023,5,18,138,0.0,41.39,25.86,34.1,33.04,26.05,2.47
2023-05-19,2023,5,19,139,0.0,41.17,27.2,34.79,28.38,24.26,2.68
2023-05-20,2023,5,20,140,0.0,41.4,27.99,35.06,26.91,25.24,2.56
2023-05-21,2023,5,21,141,0.68,41.97,27.15,34.84,32.56,25.92,2.26
2023-05-22,2023,5,22,142,0.59,42.1,27.86,35.2,30.72,25.29,3.27
2023-05-23,2023,5,23,143,0.62,41.64,28.75,35.09,32.25,22.17,1.9
2023-05-24,2023,5,24,144,0.06,40.64,28.39,34.29,32.08,23.55,3.04
2023-05-25,2023,5,25,145,0.19,40.31,26.25,33.47,35.83,24.51,3.73
2023-05-26,2023,5,26,146,0.2,40.1,24.7,32.42,40.7,24.96,4.53
2023-05-27,2023,5,27,147,0.0,40.66,24.31,32.58,38.01,27.33,3.83
2023-05-28,2023,5,28,148,0.02,41.01,24.87,33.25,37.43,26.8,3.12
2023-05-29,2023,5,29,149,2.04,41.21,27.36,34.33,36.36,24.32,2.98
2023-05-30,2023,5,30,150,1.22,38.5,29.31,33.85,37.45,24.14,1.49
2023-05-31,2023,5,31,151,0.61,41.16,27.73,34.68,34.01,24.24,2.05
2023-06-01,2023,6,1,152,0.77,40.98,28.52,34.85,29.37,23.02,2.78
2023-06-02,2023,6,2,153,0.92,40.69,26.16,33.23,35.8,26.85,4.49
2023-06-03,2023,6,3,154,0.0,40.83,24.54,33.04,37.95,26.87,3.9
2023-06-04,2023,6,4,155,0.29,40.26,26.21,32.96,42.21,23.36,4.52
2023-06-05,2023,6,5,156,2.49,38.13,26.16,32.16,44.35,25.76,4.02
2023-06-06,2023,6,6,157,0.0,40.15,25.12,32.76,43.32,25.65,3.97
2023-06-07,2023,6,7,158,0.09,39.47,26.34,33.05,45.24,24.87,4.35
2023-06-08,2023,6,8,159,0.67,40.24,26.51,33.18,45.86,25.25,4.44
2023-06-09,2023,6,9,160,1.54,38.25,26.56,32.24,50.31,24.88,4.64
2023-06-10,2023,6,10,161,0.48,36.22,26.33,30.42,55.36,24.19,4.32
2023-06-11,2023,6,11,162,0.06,38.72,24.82,31.13,52.64,22.75,4.72
2023-06-12,2023,6,12,163,0.1,38.97,24.18,31.3,51.91,26.02,5.4
2023-06-13,2023,6,13,164,0.0,39.75,24.71,31.33,52.71,24.57,5.89
2023-06-14,2023,6,14,165,0.0,39.1,24.74,31.13,53.82,23.49,5.98
2023-06-15,2023,6,15,166,0.0,39.56,24.77,31.47,50.9,24.08,5.61
2023-06-16,2023,6,16,167,0.0,39.74,24.46,31.4,52.8,24.76,5.72
2023-06-17,2023,6,17,168,0.0,38.58,25.48,31.31,53.96,20.84,5.64
2023-06-18,2023,6,18,169,0.44,38.84,24.83,31.58,51.52,22.56,5.21
2023-06-19,2023,6,19,170,0.01,39.7,25.78,32.26,47.23,23.01,4.83
2023-06-20,2023,6,20,171,0.0,39.78,25.22,32.31,48.76,24.28,4.77
2023-06-21,2023,6,21,172,0.0,37.94,26.56,31.67,49.97,22.14,5.1
2023-06-22,2023,6,22,173,0.0,36.65,25.72,30.9,48.26,22.97,4.28
2023-06-23,2023,6,23,174,0.05,36.05,25.58,30.26,53.69,21.21,4.97
2023-06-24,2023,6,24,175,20.77,33.59,24.39,27.87,66.53,12.77,4.78
2023-06-25,2023,6,25,176,7.98,33.89,22.71,27.73,65.59,13.61,4.87
2023-06-26,2023,6,26,177,1.37,32.52,23.01,27.07,66.3,16.3,5.62
2023-06-27,2023,6,27,178,2.31,30.64,22.51,25.82,67.8,15.52,5.53
2023-06-28,2023,6,28,179,2.54,32.24,22.15,25.8,70.45,16.76,5.48
2023-06-29,2023,6,29,180,0.56,34.49,22.41,27.44,64.44,16.99,5.63
2023-06-30,2023,6,30,181,0.57,34.08,21.82,27.28,66.24,16.33,6.08
2023-07-01,2023,7,1,182,0.46,32.92,23.27,27.17,67.08,19.17,5.34
2023-07-02,2023,7,2,183,12.99,32.78,22.79,27.25,73.17,16.92,4.81
2023-07-03,2023,7,3,184,21.73,31.94,23.78,27.21,79.29,16.2,3.76
2023-07-04,2023,7,4,185,9.12,32.12,23.91,27.4,78.36,17.68,3.34
2023-07-05,2023,7,5,186,12.61,30.32,23.42,26.09,79.52,16.53,4.34
2023-07-06,2023,7,6,187,4.66,30.19,22.38,25.38,79.17,15.46,6.21
2023-07-07,2023,7,7,188,3.37,31.58,22.43,26.1,74.36,16.45,6.32
2023-07-08,2023,7,8,189,0.36,32.3,22.44,26.82,70.8,15.5,5.79
2023-07-09,2023,7,9,190,0.07,31.01,22.82,26.36,75.29,16.39,4.62
2023-07-10,2023,7,10,191,0.05,35.12,22.52,27.98,68.95,17.92,4.71
2023-07-11,2023,7,11,192,0.14,32.36,22.79,26.81,71.51,13.13,4.84
2023-07-12,2023,7,12,193,1.33,32.49,22.83,26.78,71.52,13.98,4.01
2023-07-13,2023,7,13,194,0.7,31.59,22.58,26.51,71.47,19.0,4.3
2023-07-14,2023,7,14,195,1.15,33.27,22.84,27.38,70.41,16.44,4.45
2023-07-15,2023,7,15,196,2.04,34.11,22.38,27.5,69.32,16.05,4.81
2023-07-16,2023,7,16,197,1.61,32.5,22.97,27.19,72.03,14.16,4.53
2023-07-17,2023,7,17,198,2.34,29.95,23.52,26.28,75.86,10.99,4.78
2023-07-18,2023,7,18,199,13.24,29.17,23.46,25.73,80.28,7.07,5.68
2023-07-19,2023,7,19,200,13.86,28.92,23.18,25.33,81.77,11.14,6.11
2023-07-20,2023,7,20,201,13.25,26.3,22.11,24.03,82.84,9.16,6.33
2023-07-21,2023,7,21,202,15.41,28.26,21.81,24.12,81.97,8.64,5.26
2023-07-22,2023,7,22,203,4.86,31.4,21.65,25.93,77.24,11.83,5.76
2023-07-23,2023,7,23,204,1.76,31.44,21.79,26.2,76.2,13.75,5.99
2023-07-24,2023,7,24,205,9.91,31.1,22.87,26.29,78.43,14.52,5.74
2023-07-25,2023,7,25,206,17.49,28.47,22.82,25.04,82.99,6.02,5.34
2023-07-26,2023,7,26,207,9.16,29.15,22.58,25.32,82.62,10.3,5.57
2023-07-27,2023,7,27,208,12.83,27.89,22.98,24.8,84.69,4.96,6.28
2023-07-28,2023,7,28,209,2.06,30.57,22.31,26.04,77.06,11.6,6.17
2023-07-29,2023,7,29,210,2.08,32.72,21.98,26.46,75.11,13.79,5.76
2023-07-30,2023,7,30,211,3.79,31.43,22.08,26.17,76.69,15.84,5.1
2023-07-31,2023,7,31,212,1.4,32.13,22.39,26.61,76.47,14.96,5.45
2023-08-01,2023,8,1,213,1.27,32.28,22.96,26.63,75.93,12.27,5.84
2023-08-02,2023,8,2,214,0.06,32.48,22.56,26.47,74.43,11.07,6.1
2023-08-03,2023,8,3,215,0.46,32.24,22.12,26.21,74.73,13.06,5.97
2023-08-04,2023,8,4,216,0.78,33.33,22.03,26.8,73.41,18.21,5.46
2023-08-05,2023,8,5,217,2.41,32.21,21.75,26.37,74.48,15.89,5.02
2023-08-06,2023,8,6,218,0.75,33.4,22.13,26.8,73.14,16.9,4.97
2023-08-07,2023,8,7,219,0.04,34.01,22.09,26.96,71.6,14.02,5.02
2023-08-08,2023,8,8,220,0.09,31.96,22.1,26.39,73.27,15.7,4.37
2023-08-09,2023,8,9,221,0.41,33.67,21.47,26.99,72.6,16.3,3.67
2023-08-10,2023,8,10,222,1.04,33.77,22.09,27.33,71.49,20.97,3.67
2023-08-11,2023,8,11,223,1.95,33.61,21.91,27.34,71.0,20.45,3.38
2023-08-12,2023,8,12,224,0.08,34.2,22.23,27.41,68.65,19.97,4.23
2023-08-13,2023,8,13,225,0.05,32.79,21.94,26.45,71.79,17.75,4.12
2023-08-14,2023,8,14,226,0.11,33.14,21.81,26.62,70.69,19.16,4.1
2023-08-15,2023,8,15,227,0.98,31.49,22.12,25.83,72.52,16.31,3.59
2023-08-16,2023,8,16,228,0.05,33.83,20.73,26.81,70.31,20.17,3.49
2023-08-17,2023,8,17,229,0.15,34.13,21.81,27.28,68.26,18.61,4.46
2023-08-18,2023,8,18,230,0.11,29.33,22.48,25.58,75.01,13.2,4.34
2023-08-19,2023,8,19,231,0.96,29.49,22.06,25.45,76.79,10.47,4.07
2023-08-20,2023,8,20,232,0.07,34.93,22.0,27.42,68.82,14.65,4.26
2023-08-21,2023,8,21,233,0.39,34.94,22.04,27.57,66.82,19.94,3.87
2023-08-22,2023,8,22,234,0.24,34.26,21.92,27.11,68.48,23.2,3.54
2023-08-23,2023,8,23,235,0.05,32.75,21.93,26.55,72.04,19.5,3.22
2023-08-24,2023,8,24,236,0.03,34.29,22.29,27.46,68.04,18.92,3.97
2023-08-25,2023,8,25,237,1.71,34.14,22.42,27.41,71.13,16.78,3.9
2023-08-26,2023,8,26,238,0.87,33.18,22.87,27.36,70.63,19.99,3.88
2023-08-27,2023,8,27,239,0.29,34.94,22.18,27.7,68.42,19.25,4.48
2023-08-28,2023,8,28,240,6.72,34.5,22.37,27.43,69.21,17.07,4.45
2023-08-29,2023,8,29,241,2.67,34.33,21.58,27.43,69.24,20.61,3.29
2023-08-30,2023,8,30,242,0.87,34.64,22.31,27.99,68.78,22.02,2.33
2023-08-31,2023,8,31,243,0.97,31.54,22.87,27.34,70.85,22.44,1.92
2023-09-01,2023,9,1,244,0.31,35.8,22.39,29.01,66.28,18.35,1.29
2023-09-02,2023,9,2,245,4.47,33.09,24.13,27.5,75.17,15.8,2.0
2023-09-03,2023,9,3,246,11.76,30.89,23.25,26.34,78.98,13.42,3.23
2023-09-04,2023,9,4,247,5.33,32.48,23.07,26.6,76.6,8.65,3.55
2023-09-05,2023,9,5,248,2.3,33.16,22.31,26.94,69.11,16.74,3.96
2023-09-06,2023,9,6,249,0.73,33.25,22.84,26.93,69.38,21.58,4.14
2023-09-07,2023,9,7,250,2.26,29.98,22.22,25.55,75.21,10.77,4.77
2023-09-08,2023,9,8,251,1.94,30.78,22.44,25.66,78.75,10.97,5.17
2023-09-09,2023,9,9,252,2.44,33.98,22.64,27.38,73.18,14.55,4.93
2023-09-10,2023,9,10,253,0.39,33.52,23.33,27.32,72.54,18.57,4.38
2023-09-11,2023,9,11,254,1.53,35.17,22.79,28.03,68.94,20.45,4.32
2023-09-12,2023,9,12,255,0.07,35.51,22.03,27.8,66.06,21.4,4.4
2023-09-13,2023,9,13,256,0.02,34.1,22.21,27.05,68.24,19.73,4.16
2023-09-14,2023,9,14,257,1.28,31.79,21.97,26.21,71.7,20.73,3.44
2023-09-15,2023,9,15,258,0.13,33.25,21.52,26.37,70.76,19.62,3.65
2023-09-16,2023,9,16,259,0.01,34.72,22.45,27.36,69.19,15.8,4.9
2023-09-17,2023,9,17,260,0.09,35.01,22.73,27.83,68.85,19.73,4.51
2023-09-18,2023,9,18,261,2.36,35.1,22.29,27.58,70.53,17.95,3.96
2023-09-19,2023,9,19,262,0.31,35.03,22.12,27.75,69.7,17.56,3.89
2023-09-20,2023,9,20,263,0.86,35.12,22.5,27.93,68.7,17.99,3.58
2023-09-21,2023,9,21,264,4.16,31.16,22.99,26.61,77.64,15.56,2.49
2023-09-22,2023,9,22,265,9.93,30.2,22.7,25.87,77.97,14.82,2.27
2023-09-23,2023,9,23,266,14.91,32.05,22.36,26.53,76.27,14.77,2.35
2023-09-24,2023,9,24,267,4.9,30.45,22.48,25.67,80.39,14.9,2.75
2023-09-25,2023,9,25,268,8.98,31.4,21.42,25.95,77.25,14.01,2.19
2023-09-26,2023,9,26,269,9.17,32.02,22.99,26.7,77.56,12.17,1.16
2023-09-27,2023,9,27,270,12.12,29.88,23.54,26.06,83.62,13.73,0.99
2023-09-28,2023,9,28,271,14.31,31.91,21.94,26.37,78.32,18.33,1.61
2023-09-29,2023,9,29,272,5.15,32.12,23.5,27.12,78.53,17.62,2.03
2023-09-30,2023,9,30,273,11.74,30.55,21.57,25.44,82.59,13.8,3.07
2023-10-01,2023,10,1,274,25.29,30.71,22.62,25.87,85.4,10.86,3.42
2023-10-02,2023,10,2,275,13.05,28.57,22.25,24.85,81.3,12.07,3.74
2023-10-03,2023,10,3,276,0.13,32.91,21.41,26.4,73.97,20.17,2.54
2023-10-04,2023,10,4,277,0.07,33.27,21.95,26.98,70.9,20.24,1.89
2023-10-05,2023,10,5,278,0.02,32.26,19.72,25.36,69.0,22.65,2.08
2023-10-06,2023,10,6,279,0.0,32.84,19.13,25.55,66.58,23.02,1.59
2023-10-07,2023,10,7,280,0.0,33.59,18.65,25.9,67.45,22.12,1.56
2023-10-08,2023,10,8,281,0.0,34.01,20.04,26.53,68.31,21.19,1.64
2023-10-09,2023,10,9,282,0.0,33.8,20.18,26.67,67.3,21.11,1.38
2023-10-10,2023,10,10,283,0.0,33.6,20.93,26.91,70.89,19.83,1.78
2023-10-11,2023,10,11,284,0.0,33.02,20.46,26.32,69.95,18.79,1.96
2023-10-12,2023,10,12,285,0.0,33.53,19.83,26.12,67.76,20.2,2.46
2023-10-13,2023,10,13,286,0.0,33.85,19.89,26.05,64.51,21.29,2.61
2023-10-14,2023,10,14,287,0.0,33.16,19.02,25.76,64.84,18.94,1.92
2023-10-15,2023,10,15,288,0.0,32.9,20.37,26.06,68.27,16.83,1.79
2023-10-16,2023,10,16,289,0.0,32.98,20.34,26.09,67.88,16.36,1.93
2023-10-17,2023,10,17,290,0.0,33.57,19.99,26.22,67.39,18.75,2.21
2023-10-18,2023,10,18,291,0.0,33.69,19.8,26.09,67.37,18.94,2.08
2023-10-19,2023,10,19,292,0.0,32.99,19.72,25.92,67.83,17.85,1.74
2023-10-20,2023,10,20,293,0.02,33.43,20.85,26.26,66.15,17.8,2.31
2023-10-21,2023,10,21,294,0.01,33.27,20.01,25.91,68.1,18.41,2.36
2023-10-22,2023,10,22,295,0.0,33.27,19.72,25.47,64.5,19.97,2.47
2023-10-23,2023,10,23,296,0.0,33.54,18.57,25.3,63.01,19.62,2.12
2023-10-24,2023,10,24,297,0.0,33.4,18.78,25.32,63.64,20.73,2.0
2023-10-25,2023,10,25,298,0.0,33.07,17.36,24.25,60.12,19.9,2.07
2023-10-26,2023,10,26,299,0.0,32.48,16.42,23.59,59.75,20.7,2.03
2023-10-27,2023,10,27,300,0.0,32.12,15.81,23.21,57.47,20.87,2.14
2023-10-28,2023,10,28,301,0.0,32.79,15.27,23.55,54.99,21.01,1.7
2023-10-29,2023,10,29,302,0.0,33.55,15.76,23.96,56.92,18.94,1.95
2023-10-30,2023,10,30,303,0.03,32.95,16.28,23.99,60.58,17.04,1.87
2023-10-31,2023,10,31,304,0.0,33.03,16.01,23.78,62.15,18.12,2.0
2023-11-01,2023,11,1,305,0.0,32.7,18.23,24.6,67.09,18.28,1.88
2023-11-02,2023,11,2,306,0.0,32.81,17.97,24.81,63.86,16.78,1.72
2023-11-03,2023,11,3,307,0.0,33.6,18.45,25.52,63.56,15.71,1.65
2023-11-04,2023,11,4,308,0.01,31.26,20.08,25.5,68.35,14.07,2.01
2023-11-05,2023,11,5,309,0.02,32.64,21.07,25.66,65.75,15.3,2.26
2023-11-06,2023,11,6,310,0.06,30.73,19.58,24.81,70.85,11.6,2.07
2023-11-07,2023,11,7,311,6.37,30.32,21.35,25.16,77.82,11.39,2.07
2023-11-08,2023,11,8,312,8.66,28.87,21.5,24.86,80.38,4.66,1.79
2023-11-09,2023,11,9,313,2.59,28.68,21.62,24.39,81.03,12.78,2.16
2023-11-10,2023,11,10,314,1.21,30.78,21.08,25.11,77.0,12.4,1.77
2023-11-11,2023,11,11,315,0.0,33.01,20.82,25.67,65.45,16.88,2.33
2023-11-12,2023,11,12,316,0.0,33.29,18.09,24.83,60.3,17.97,2.14
2023-11-13,2023,11,13,317,0.0,32.17,18.07,24.53,65.52,16.62,1.64
2023-11-14,2023,11,14,318,0.0,31.32,19.37,24.61,66.7,14.22,1.95
2023-11-15,2023,11,15,319,0.0,31.59,17.39,23.38,62.67,17.12,1.73
2023-11-16,2023,11,16,320,0.0,31.85,15.51,22.63,58.43,17.04,2.03
2023-11-17,2023,11,17,321,0.0,32.09,15.36,23.1,60.5,17.14,1.55
2023-11-18,2023,11,18,322,0.0,32.89,17.21,24.6,65.6,16.09,1.52
2023-11-19,2023,11,19,323,0.0,32.99,19.37,25.58,62.72,15.35,2.13
2023-11-20,2023,11,20,324,0.0,32.57,18.43,24.69,62.05,16.2,2.31
2023-11-21,2023,11,21,325,0.0,32.79,16.99,24.17,59.14,18.35,1.92
2023-11-22,2023,11,22,326,0.0,32.51,18.03,24.54,65.58,16.87,1.43
2023-11-23,2023,11,23,327,0.0,32.77,19.47,25.62,66.97,15.14,1.94
2023-11-24,2023,11,24,328,0.09,33.1,20.59,26.17,68.43,13.24,2.73
2023-11-25,2023,11,25,329,0.32,32.61,21.59,25.98,69.1,14.1,2.53
2023-11-26,2023,11,26,330,1.17,31.71,21.78,25.94,66.49,15.61,2.85
2023-11-27,2023,11,27,331,0.31,33.13,20.75,26.42,61.82,13.33,2.47
2023-11-28,2023,11,28,332,17.41,31.56,21.02,25.69,69.23,12.71,1.9
2023-11-29,2023,11,29,333,8.58,31.17,20.07,24.62,71.22,13.58,2.38
2023-11-30,2023,11,30,334,1.13,32.31,19.33,25.09,70.07,14.74,2.61
2023-12-01,2023,12,1,335,1.02,30.51,19.85,24.42,66.97,13.96,1.55
2023-12-02,2023,12,2,336,0.0,32.18,17.46,24.29,63.62,17.48,2.67
2023-12-03,2023,12,3,337,0.0,32.99,18.48,25.04,64.07,17.24,3.02
2023-12-04,2023,12,4,338,0.02,32.34,19.45,25.08,68.91,14.14,2.63
2023-12-05,2023,12,5,339,0.0,31.4,18.55,24.22,67.2,13.93,2.81
2023-12-06,2023,12,6,340,0.02,28.35,18.2,22.46,75.72,8.07,1.89
2023-12-07,2023,12,7,341,0.01,30.41,17.34,23.16,69.62,6.88,1.43
2023-12-08,2023,12,8,342,0.0,30.88,16.78,23.08,66.18,16.8,1.6
2023-12-09,2023,12,9,343,0.0,30.9,16.49,22.97,66.06,16.95,1.88
2023-12-10,2023,12,10,344,0.0,30.75,15.56,22.39,63.2,16.85,1.79
2023-12-11,2023,12,11,345,0.0,31.46,14.78,22.36,59.54,16.56,1.45
2023-12-12,2023,12,12,346,0.0,31.22,14.5,22.32,59.62,16.42,1.4
2023-12-13,2023,12,13,347,0.0,30.6,14.88,22.23,60.01,16.73,2.08
2023-12-14,2023,12,14,348,0.0,29.84,15.21,21.64,58.34,17.27,2.42
2023-12-15,2023,12,15,349,0.0,29.74,13.74,20.95,59.37,17.42,1.99
2023-12-16,2023,12,16,350,0.0,29.42,14.09,21.4,62.66,12.45,1.84
2023-12-17,2023,12,17,351,0.0,29.44,17.43,22.95,61.41,7.9,2.78
2023-12-18,2023,12,18,352,0.0,29.17,17.03,22.43,53.87,10.94,3.29
2023-12-19,2023,12,19,353,0.0,28.63,16.14,21.49,52.72,14.61,3.09
2023-12-20,2023,12,20,354,0.0,29.4,13.75,20.75,45.48,15.31,2.45
2023-12-21,2023,12,21,355,0.0,31.06,13.51,21.06,41.77,17.11,1.86
2023-12-22,2023,12,22,356,0.0,32.52,13.45,21.96,35.74,16.99,1.8
2023-12-23,2023,12,23,357,0.0,31.92,15.27,21.95,41.11,17.91,1.84
2023-12-24,2023,12,24,358,0.0,31.12,14.91,21.91,51.97,15.39,2.17
2023-12-25,2023,12,25,359,0.0,29.8,15.1,21.43,49.41,16.7,2.01
2023-12-26,2023,12,26,360,0.0,32.65,14.45,22.56,46.15,16.7,1.96
2023-12-27,2023,12,27,361,0.0,31.73,14.42,22.13,52.12,16.37,2.28
2023-12-28,2023,12,28,362,0.0,32.18,14.58,22.41,52.66,16.88,2.18
2023-12-29,2023,12,29,363,0.0,32.15,14.87,22.82,52.94,17.61,2.32
2023-12-30,2023,12,30,364,0.0,32.47,14.66,22.91,49.14,18.18,1.81
2023-12-31,2023,12,31,365,0.0,32.28,14.95,22.93,48.73,17.89,2.23
