date,year,month,day,day_of_year,precipitation_mm,temp_max_c,temp_min_c,temp_mean_c,rh_pct,solar_rad_mj_m2,wind_speed_m_s
2014-01-01,2014,1,1,1,0.0,27.73,13.31,19.93,65.52,17.07,2.17
2014-01-02,2014,1,2,2,0.0,27.84,14.07,20.27,61.93,16.91,2.58
2014-01-03,2014,1,3,3,0.0,27.92,13.81,20.13,63.11,16.76,2.05
2014-01-04,2014,1,4,4,0.0,28.3,13.82,19.94,66.36,16.55,1.64
2014-01-05,2014,1,5,5,0.0,27.11,13.85,18.91,68.96,16.65,1.47
2014-01-06,2014,1,6,6,0.0,27.67,11.24,18.74,51.75,17.96,1.2
2014-01-07,2014,1,7,7,0.0,29.27,13.22,20.22,62.73,17.69,1.85
2014-01-08,2014,1,8,8,0.0,29.38,13.48,20.12,61.99,17.42,2.11
2014-01-09,2014,1,9,9,0.0,29.47,13.77,19.9,66.45,17.97,1.51
2014-01-10,2014,1,10,10,0.0,27.47,11.75,18.36,57.89,17.46,1.95
2014-01-11,2014,1,11,11,0.0,26.55,9.34,16.41,54.35,18.39,1.53
2014-01-12,2014,1,12,12,0.0,29.05,10.16,18.4,59.8,18.56,1.97
2014-01-13,2014,1,13,13,0.0,29.31,12.7,20.07,69.68,16.51,1.4
2014-01-14,2014,1,14,14,0.0,29.41,14.41,20.46,68.18,15.26,1.4
2014-01-15,2014,1,15,15,0.0,29.36,14.56,20.19,61.55,17.49,1.52
2014-01-16,2014,1,16,16,0.0,29.26,12.99,19.89,55.4,17.59,2.01
2014-01-17,2014,1,17,17,0.0,26.73,13.69,19.34,64.21,17.41,2.11
2014-01-18,2014,1,18,18,0.0,27.31,10.39,18.2,58.66,19.09,1.4
2014-01-19,2014,1,19,19,0.0,29.41,12.94,19.88,59.46,19.04,2.0
2014-01-20,2014,1,20,20,0.0,28.36,14.07,21.15,60.29,14.4,1.49
2014-01-21,2014,1,21,21,0.15,26.71,16.27,20.93,64.9,11.42,1.71
2014-01-22,2014,1,22,22,0.04,28.95,16.44,21.69,63.09,17.13,2.19
2014-01-23,2014,1,23,23,0.32,28.94,16.17,21.34,68.1,15.37,2.06
2014-01-24,2014,1,24,24,0.06,27.5,16.59,21.17,66.08,14.92,1.0
2014-01-25,2014,1,25,25,0.0,29.62,15.56,22.11,60.75,16.72,1.97
2014-01-26,2014,1,26,26,0.0,29.76,15.72,22.1,57.99,15.33,2.62
2014-01-27,2014,1,27,27,0.0,29.1,15.41,21.27,52.04,16.39,3.37
2014-01-28,2014,1,28,28,0.0,28.72,13.44,20.44,44.52,18.71,2.71
2014-01-29,2014,1,29,29,0.0,29.38,12.75,20.48,44.3,18.29,1.96
2014-01-30,2014,1,30,30,0.0,29.6,13.99,21.8,46.83,16.78,1.96
2014-01-31,2014,1,31,31,0.0,29.39,14.87,21.52,45.02,16.27,2.59
2014-02-01,2014,2,1,32,0.0,29.67,14.26,21.22,42.79,17.47,2.68
2014-02-02,2014,2,2,33,0.0,29.17,14.6,21.33,45.47,16.84,2.4
2014-02-03,2014,2,3,34,0.0,30.95,14.49,21.63,46.79,18.89,1.55
2014-02-04,2014,2,4,35,0.0,32.08,13.75,21.88,46.7,18.7,1.64
2014-02-05,2014,2,5,36,0.0,32.42,15.96,22.81,44.68,19.38,1.35
2014-02-06,2014,2,6,37,0.0,32.73,14.95,22.63,46.31,19.62,1.94
2014-02-07,2014,2,7,38,0.0,32.83,15.34,22.35,43.22,20.54,1.83
2014-02-08,2014,2,8,39,0.0,31.42,13.59,20.99,49.44,21.7,2.14
2014-02-09,2014,2,9,40,0.0,29.66,11.37,19.11,49.95,22.38,2.31
2014-02-10,2014,2,10,41,0.0,28.68,11.41,18.84,39.27,22.35,2.49
2014-02-11,2014,2,11,42,0.0,28.56,11.8,18.87,51.24,22.1,2.25
2014-02-12,2014,2,12,43,0.0,29.88,12.08,19.38,53.04,22.34,2.29
2014-02-13,2014,2,13,44,0.0,26.14,13.46,19.0,74.72,18.77,3.05
2014-02-14,2014,2,14,45,0.0,25.79,14.14,18.9,65.3,20.43,3.05
2014-02-15,2014,2,15,46,0.06,25.32,12.48,18.15,66.95,20.41,2.85
2014-02-16,2014,2,16,47,0.02,26.41,13.14,18.36,64.1,22.75,1.71
2014-02-17,2014,2,17,48,0.0,30.41,11.34,19.99,42.95,22.76,2.64
2014-02-18,2014,2,18,49,0.0,31.5,12.93,21.94,29.87,22.39,3.04
2014-02-19,2014,2,19,50,0.0,32.86,13.73,22.91,40.68,21.18,1.99
2014-02-20,2014,2,20,51,0.0,32.9,16.4,23.37,49.98,19.75,2.25
2014-02-21,2014,2,21,52,0.0,28.98,17.07,22.02,71.42,14.68,2.33
2014-02-22,2014,2,22,53,0.0,29.39,15.84,21.37,71.18,19.98,2.01
2014-02-23,2014,2,23,54,0.0,31.49,14.91,22.71,61.67,21.28,1.62
2014-02-24,2014,2,24,55,0.0,33.7,18.61,25.13,50.72,19.67,2.79
2014-02-25,2014,2,25,56,0.0,34.36,17.52,25.12,53.56,21.91,2.22
2014-02-26,2014,2,26,57,1.45,32.73,17.69,24.01,64.23,19.72,2.03
2014-02-27,2014,2,27,58,0.16,31.38,17.83,22.97,64.98,21.03,2.68
2014-02-28,2014,2,28,59,0.0,28.22,14.23,20.25,60.94,22.34,2.84
2014-03-01,2014,3,1,60,0.0,28.33,11.82,18.79,48.6,24.26,2.21
2014-03-02,2014,3,2,61,0.0,30.66,10.12,20.26,34.73,24.44,1.91
2014-03-03,2014,3,3,62,1.14,31.04,13.31,21.93,52.27,20.55,2.7
2014-03-04,2014,3,4,63,0.84,30.95,16.28,22.18,66.21,21.32,2.22
2014-03-05,2014,3,5,64,0.12,31.7,15.63,22.37,63.74,20.3,2.88
2014-03-06,2014,3,6,65,0.05,31.71,15.22,22.32,59.92,22.64,1.88
2014-03-07,2014,3,7,66,0.0,32.6,15.59,23.34,59.01,23.56,1.56
2014-03-08,2014,3,8,67,0.67,32.85,16.78,23.91,57.0,23.25,2.51
2014-03-09,2014,3,9,68,2.3,30.44,16.88,23.17,64.56,20.63,2.47
2014-03-10,2014,3,10,69,0.31,32.84,17.03,23.91,58.3,24.22,2.14
2014-03-11,2014,3,11,70,0.0,33.59,16.85,24.11,45.1,24.34,1.83
2014-03-12,2014,3,12,71,1.3,34.69,18.53,25.84,45.26,21.21,1.79
2014-03-13,2014,3,13,72,1.81,34.58,19.73,26.64,53.39,22.19,2.08
2014-03-14,2014,3,14,73,0.0,36.01,19.52,27.62,44.6,24.14,1.98
2014-03-15,2014,3,15,74,0.0,36.62,21.39,28.63,38.99,22.81,1.56
2014-03-16,2014,3,16,75,0.0,36.53,22.24,29.21,38.47,22.61,1.43
2014-03-17,2014,3,17,76,0.0,31.95,24.2,27.84,44.71,19.28,1.33
2014-03-18,2014,3,18,77,0.0,34.13,23.43,28.05,43.24,21.2,1.47
2014-03-19,2014,3,19,78,0.0,37.67,22.19,29.41,34.22,21.89,1.74
2014-03-20,2014,3,20,79,0.0,37.45,21.44,28.56,26.22,23.46,2.07
2014-03-21,2014,3,21,80,0.0,36.85,19.96,27.07,26.73,25.46,2.76
2014-03-22,2014,3,22,81,0.0,34.78,18.33,25.31,34.63,25.72,2.64
2014-03-23,2014,3,23,82,0.0,37.9,16.83,26.62,38.07,26.07,1.84
2014-03-24,2014,3,24,83,0.0,37.14,17.86,26.48,49.72,24.67,2.66
2014-03-25,2014,3,25,84,0.0,36.71,18.01,26.65,42.33,24.97,2.36
2014-03-26,2014,3,26,85,0.0,38.49,18.64,28.24,33.63,25.46,1.95
2014-03-27,2014,3,27,86,0.0,38.98,20.33,28.16,37.17,24.27,2.78
2014-03-28,2014,3,28,87,0.0,38.28,20.12,27.95,38.63,24.72,2.21
2014-03-29,2014,3,29,88,0.0,39.04,20.5,29.24,26.95,24.52,1.79
2014-03-30,2014,3,30,89,0.0,39.69,20.95,29.77,26.49,24.67,2.27
2014-03-31,2014,3,31,90,0.0,39.43,21.57,29.51,33.56,23.79,2.31
2014-04-01,2014,4,1,91,0.0,37.25,19.62,27.37,35.67,25.16,2.89
2014-04-02,2014,4,2,92,0.0,37.35,17.73,27.0,36.65,26.67,2.37
2014-04-03,2014,4,3,93,0.0,38.83,18.8,28.53,25.76,26.81,2.08
2014-04-04,2014,4,4,94,0.0,40.15,20.91,30.23,28.1,23.77,2.3
2014-04-05,2014,4,5,95,0.0,39.89,21.47,30.1,27.73,24.05,1.93
2014-04-06,2014,4,6,96,0.0,38.69,21.89,29.52,34.02,17.12,2.09
2014-04-07,2014,4,7,97,0.0,37.02,23.26,29.33,36.54,19.22,2.42
2014-04-08,2014,4,8,98,0.0,36.89,21.49,28.11,47.22,21.31,1.48
2014-04-09,2014,4,9,99,0.0,37.69,20.55,27.75,44.36,25.0,2.34
2014-04-10,2014,4,10,100,0.0,38.35,19.89,27.9,36.92,26.37,2.02
2014-04-11,2014,4,11,101,0.0,37.17,19.37,27.32,33.41,27.53,2.83
2014-04-12,2014,4,12,102,0.0,37.54,18.0,26.84,32.68,28.34,2.68
2014-04-13,2014,4,13,103,0.0,38.43,18.04,26.82,40.7,27.67,2.38
2014-04-14,2014,4,14,104,0.0,38.89,18.92,27.6,39.31,27.44,1.92
2014-04-15,2014,4,15,105,0.0,39.06,19.27,28.23,42.0,27.15,1.84
2014-04-16,2014,4,16,106,0.07,40.05,20.21,29.27,48.73,24.77,1.92
2014-04-17,2014,4,17,107,0.02,37.29,22.82,28.49,50.76,24.2,2.28
2014-04-18,2014,4,18,108,0.01,38.98,21.07,28.4,53.5,24.01,2.41
2014-04-19,2014,4,19,109,0.48,39.25,21.43,29.46,48.8,25.08,1.78
2014-04-20,2014,4,20,110,0.01,38.42,23.42,30.49,39.66,23.47,1.71
2014-04-21,2014,4,21,111,3.08,38.31,23.7,30.9,37.45,24.15,1.7
2014-04-22,2014,4,22,112,0.74,37.02,24.64,30.18,39.83,24.01,1.6
2014-04-23,2014,4,23,113,0.0,38.33,25.48,31.79,35.04,22.93,1.56
2014-04-24,2014,4,24,114,0.01,39.02,24.99,31.3,28.12,24.93,1.99
2014-04-25,2014,4,25,115,0.0,40.0,21.98,30.22,29.46,26.11,2.56
2014-04-26,2014,4,26,116,0.0,41.02,20.89,30.59,34.9,25.92,2.39
2014-04-27,2014,4,27,117,0.01,40.73,20.71,30.57,43.61,24.03,2.32
2014-04-28,2014,4,28,118,0.0,39.87,23.12,30.59,45.31,25.82,2.32
2014-04-29,2014,4,29,119,0.0,40.13,22.74,30.51,46.3,24.99,2.65
2014-04-30,2014,4,30,120,0.07,38.64,23.19,30.12,48.41,23.5,2.04
2014-05-01,2014,5,1,121,0.13,40.46,22.44,30.59,46.06,24.97,2.53
2014-05-02,2014,5,2,122,0.0,39.75,22.33,29.87,47.75,26.39,2.8
2014-05-03,2014,5,3,123,0.33,39.64,22.04,30.19,40.56,24.38,2.25
2014-05-04,2014,5,4,124,0.0,39.34,20.7,29.57,41.98,27.59,2.4
2014-05-05,2014,5,5,125,0.0,39.36,20.4,29.71,42.3,27.12,2.55
2014-05-06,2014,5,6,126,0.0,38.88,23.08,31.12,36.66,24.25,1.8
2014-05-07,2014,5,7,127,1.25,37.87,26.79,31.72,37.66,20.5,1.82
2014-05-08,2014,5,8,128,0.43,36.33,25.76,29.96,45.92,16.88,1.85
2014-05-09,2014,5,9,129,1.77,35.61,24.87,29.18,51.47,19.71,2.53
2014-05-10,2014,5,10,130,0.15,36.55,22.17,28.13,52.36,26.86,3.51
2014-05-11,2014,5,11,131,0.0,36.45,19.47,27.42,51.96,28.31,3.18
2014-05-12,2014,5,12,132,0.0,36.56,20.27,27.65,54.61,27.9,3.0
2014-05-13,2014,5,13,133,0.0,36.67,21.47,27.98,55.62,27.66,3.46
2014-05-14,2014,5,14,134,0.26,36.93,21.62,27.95,56.59,26.9,3.57
2014-05-15,2014,5,15,135,0.81,37.13,22.08,28.37,55.55,25.96,3.43
2014-05-16,2014,5,16,136,0.0,37.21,22.1,28.5,55.47,26.4,3.35
2014-05-17,2014,5,17,137,0.17,37.56,22.19,28.71,56.0,24.9,2.83
2014-05-18,2014,5,18,138,0.6,37.1,22.87,29.1,57.55,18.42,2.77
2014-05-19,2014,5,19,139,0.01,36.72,23.54,29.67,55.01,20.42,2.34
2014-05-20,2014,5,20,140,0.01,37.72,25.35,30.56,46.21,16.8,2.64
2014-05-21,2014,5,21,141,0.0,37.88,22.99,29.5,53.67,20.03,2.89
2014-05-22,2014,5,22,142,0.0,37.28,22.77,28.89,52.89,24.22,3.38
2014-05-23,2014,5,23,143,0.0,39.13,22.57,29.51,53.2,26.64,3.48
2014-05-24,2014,5,24,144,0.0,39.35,22.28,29.86,50.43,27.21,3.6
2014-05-25,2014,5,25,145,0.0,39.01,22.05,29.4,53.15,27.03,3.45
2014-05-26,2014,5,26,146,0.01,39.95,23.45,30.39,53.94,24.67,3.38
2014-05-27,2014,5,27,147,4.45,38.2,24.36,29.57,60.0,21.36,2.84
2014-05-28,2014,5,28,148,1.86,38.29,23.17,29.51,59.08,25.01,2.8
2014-05-29,2014,5,29,149,0.06,38.16,23.81,29.49,60.26,23.36,3.34
2014-05-30,2014,5,30,150,0.15,37.24,23.97,29.1,59.61,24.32,3.88
2014-05-31,2014,5,31,151,0.0,38.43,22.95,29.13,54.69,26.84,3.71
2014-06-01,2014,6,1,152,0.0,39.15,22.41,29.62,56.6,26.88,3.56
2014-06-02,2014,6,2,153,0.19,40.76,23.59,30.67,57.55,24.98,3.65
2014-06-03,2014,6,3,154,1.86,34.6,24.65,28.7,65.67,14.98,3.08
2014-06-04,2014,6,4,155,4.4,35.4,24.18,28.62,67.42,19.77,3.21
2014-06-05,2014,6,5,156,0.85,35.17,23.75,28.35,66.73,11.79,3.38
2014-06-06,2014,6,6,157,0.43,35.5,23.38,28.31,64.98,22.65,3.96
2014-06-07,2014,6,7,158,0.03,35.1,23.49,28.23,62.52,23.18,4.1
2014-06-08,2014,6,8,159,0.0,36.29,23.94,28.96,60.03,24.83,4.37
2014-06-09,2014,6,9,160,5.43,35.76,24.32,28.62,67.37,15.41,3.87
2014-06-10,2014,6,10,161,2.92,35.45,23.53,28.18,67.93,22.73,3.88
2014-06-11,2014,6,11,162,0.1,33.22,22.86,27.47,68.22,23.69,4.78
2014-06-12,2014,6,12,163,1.11,34.57,23.63,27.59,65.48,22.38,4.65
2014-06-13,2014,6,13,164,1.35,32.91,22.74,26.98,67.84,22.14,4.63
2014-06-14,2014,6,14,165,4.14,32.33,23.05,26.73,73.46,19.1,4.57
2014-06-15,2014,6,15,166,5.2,31.52,23.05,26.38,75.66,17.31,5.12
2014-06-16,2014,6,16,167,8.25,31.51,23.61,26.56,78.4,15.6,5.37
2014-06-17,2014,6,17,168,2.6,31.58,23.04,26.34,75.63,12.87,5.04
2014-06-18,2014,6,18,169,1.14,32.06,22.84,26.56,74.6,16.71,5.11
2014-06-19,2014,6,19,170,2.83,31.76,23.23,26.34,76.41,11.98,5.18
2014-06-20,2014,6,20,171,1.22,30.96,23.12,26.22,76.38,16.43,5.9
2014-06-21,2014,6,21,172,0.23,31.76,23.21,26.53,74.76,15.27,6.33
2014-06-22,2014,6,22,173,0.02,31.93,23.19,26.48,74.68,19.6,6.24
2014-06-23,2014,6,23,174,0.09,31.96,23.01,26.47,75.11,18.78,6.1
2014-06-24,2014,6,24,175,0.02,32.08,22.87,26.43,74.17,18.84,5.91
2014-06-25,2014,6,25,176,0.04,32.32,22.51,26.51,72.6,19.5,5.34
2014-06-26,2014,6,26,177,0.01,33.29,22.49,27.08,68.98,23.37,4.13
2014-06-27,2014,6,27,178,0.0,34.92,22.38,27.65,65.76,22.62,3.63
2014-06-28,2014,6,28,179,0.17,34.71,22.32,27.53,65.58,19.3,3.89
2014-06-29,2014,6,29,180,0.05,33.57,22.54,27.15,67.34,23.08,4.07
2014-06-30,2014,6,30,181,0.16,33.31,22.59,26.77,69.25,22.92,4.29
2014-07-01,2014,7,1,182,1.47,32.7,22.65,26.75,69.73,19.2,4.44
2014-07-02,2014,7,2,183,1.61,32.01,23.0,26.38,72.06,15.76,4.79
2014-07-03,2014,7,3,184,6.88,31.27,22.73,25.71,77.67,13.16,4.5
2014-07-04,2014,7,4,185,5.45,31.45,22.72,25.92,77.21,13.95,4.18
2014-07-05,2014,7,5,186,1.08,31.93,22.91,26.25,75.42,20.15,3.63
2014-07-06,2014,7,6,187,2.28,29.46,23.09,25.66,78.66,20.15,3.43
2014-07-07,2014,7,7,188,17.55,27.87,22.95,24.95,83.53,16.69,3.62
2014-07-08,2014,7,8,189,9.39,28.68,22.73,25.0,82.21,18.26,4.11
2014-07-09,2014,7,9,190,8.39,28.57,22.82,24.88,81.87,13.93,3.55
2014-07-10,2014,7,10,191,20.85,27.99,21.82,24.24,80.99,11.11,3.85
2014-07-11,2014,7,11,192,27.03,27.92,21.59,24.37,85.43,9.62,6.17
2014-07-12,2014,7,12,193,26.05,26.28,22.16,23.83,89.34,8.59,5.43
2014-07-13,2014,7,13,194,9.39,28.44,22.74,24.88,86.1,10.71,4.99
2014-07-14,2014,7,14,195,10.3,28.58,22.61,24.63,86.18,12.57,4.88
2014-07-15,2014,7,15,196,36.81,27.26,22.62,24.36,89.96,8.0,5.92
2014-07-16,2014,7,16,197,25.28,26.07,22.29,23.74,90.94,6.66,6.87
2014-07-17,2014,7,17,198,23.72,27.92,23.02,24.8,86.97,11.65,7.28
2014-07-18,2014,7,18,199,16.38,27.9,22.96,24.54,87.64,10.34,7.17
2014-07-19,2014,7,19,200,9.93,26.24,22.39,23.82,89.03,12.07,6.55
2014-07-20,2014,7,20,201,8.98,26.67,22.37,23.87,88.37,10.14,6.21
2014-07-21,2014,7,21,202,29.99,27.17,22.18,23.89,88.77,8.74,6.05
2014-07-22,2014,7,22,203,28.5,24.63,22.61,23.28,92.73,7.96,5.8
2014-07-23,2014,7,23,204,24.42,25.29,22.65,23.57,91.48,5.56,6.87
2014-07-24,2014,7,24,205,5.65,28.09,22.33,24.35,85.96,15.7,6.32
2014-07-25,2014,7,25,206,5.31,28.54,22.15,24.48,85.86,14.66,5.22
2014-07-26,2014,7,26,207,1.88,28.45,22.35,24.55,84.86,15.6,4.82
2014-07-27,2014,7,27,208,30.6,27.05,22.06,24.12,88.17,6.99,5.55
2014-07-28,2014,7,28,209,43.09,24.83,22.59,23.37,92.97,6.75,6.31
2014-07-29,2014,7,29,210,91.55,24.5,22.56,23.26,94.01,6.5,6.5
2014-07-30,2014,7,30,211,111.15,24.96,22.6,23.53,94.69,5.66,5.36
2014-07-31,2014,7,31,212,56.22,24.61,22.72,23.46,95.1,4.89,4.83
2014-08-01,2014,8,1,213,9.76,27.17,21.93,23.98,89.7,11.97,5.39
2014-08-02,2014,8,2,214,9.51,27.14,21.57,23.81,89.16,11.15,6.18
2014-08-03,2014,8,3,215,20.19,27.04,21.98,23.87,89.44,14.25,5.82
2014-08-04,2014,8,4,216,48.83,24.73,21.83,23.15,93.81,5.69,5.6
2014-08-05,2014,8,5,217,22.55,25.42,21.71,23.22,92.23,11.89,5.72
2014-08-06,2014,8,6,218,14.06,25.99,21.8,23.23,91.86,12.8,5.74
2014-08-07,2014,8,7,219,7.19,26.88,21.57,23.52,89.8,14.88,5.59
2014-08-08,2014,8,8,220,4.4,27.19,21.37,23.58,89.46,14.05,4.84
2014-08-09,2014,8,9,221,5.64,27.01,21.32,23.6,88.95,13.42,4.31
2014-08-10,2014,8,10,222,2.83,27.28,21.65,23.69,89.42,12.12,4.22
2014-08-11,2014,8,11,223,2.39,27.57,21.35,23.69,88.71,11.61,3.33
2014-08-12,2014,8,12,224,0.66,27.15,20.91,23.38,89.09,12.69,3.69
2014-08-13,2014,8,13,225,0.29,27.22,20.91,23.36,88.62,14.69,4.15
2014-08-14,2014,8,14,226,3.02,26.93,21.35,23.41,89.27,14.32,4.52
2014-08-15,2014,8,15,227,3.23,27.47,21.29,23.52,88.28,13.97,4.8
2014-08-16,2014,8,16,228,3.53,27.09,21.08,23.32,87.85,13.55,4.43
2014-08-17,2014,8,17,229,2.09,27.54,21.02,23.49,88.08,15.42,2.93
2014-08-18,2014,8,18,230,0.44,27.58,20.46,23.48,87.61,18.35,1.66
2014-08-19,2014,8,19,231,22.25,28.33,21.06,24.33,88.79,13.35,1.68
2014-08-20,2014,8,20,232,10.85,28.89,22.29,25.0,89.84,15.46,1.24
2014-08-21,2014,8,21,233,8.51,27.0,22.77,24.31,93.23,13.52,0.77
2014-08-22,2014,8,22,234,40.91,27.79,22.1,24.53,90.37,14.13,1.14
2014-08-23,2014,8,23,235,34.71,28.99,21.94,24.98,87.8,17.47,1.18
2014-08-24,2014,8,24,236,68.73,29.56,22.1,25.52,86.22,18.69,1.29
2014-08-25,2014,8,25,237,11.61,26.71,22.18,24.24,91.28,16.15,1.82
2014-08-26,2014,8,26,238,8.22,25.57,21.53,23.1,92.34,7.12,2.25
2014-08-27,2014,8,27,239,14.49,25.98,20.83,22.67,91.65,11.31,2.61
2014-08-28,2014,8,28,240,7.45,24.3,20.52,21.98,92.92,9.15,1.96
2014-08-29,2014,8,29,241,29.56,26.24,20.35,23.02,92.19,11.68,1.48
2014-08-30,2014,8,30,242,18.6,23.98,21.77,22.73,94.61,10.57,2.68
2014-08-31,2014,8,31,243,29.2,24.24,21.75,23.08,95.58,6.67,3.79
2014-09-01,2014,9,1,244,21.32,23.73,21.49,22.33,95.07,7.72,4.71
2014-09-02,2014,9,2,245,11.32,25.67,20.91,22.76,92.13,12.27,5.29
2014-09-03,2014,9,3,246,8.47,27.19,21.15,23.69,91.67,11.87,5.05
2014-09-04,2014,9,4,247,10.12,26.56,22.34,23.79,91.64,13.35,5.35
2014-09-05,2014,9,5,248,18.38,26.36,21.71,23.37,92.16,6.84,4.47
2014-09-06,2014,9,6,249,5.22,24.77,21.48,22.72,93.59,16.25,3.11
2014-09-07,2014,9,7,250,1.8,26.0,21.15,22.74,92.36,13.1,3.18
2014-09-08,2014,9,8,251,10.8,23.52,21.34,22.29,95.23,8.56,3.99
2014-09-09,2014,9,9,252,4.77,25.3,20.31,22.51,91.72,11.63,4.57
2014-09-10,2014,9,10,253,10.91,24.39,19.67,21.8,91.12,12.87,2.94
2014-09-11,2014,9,11,254,2.72,25.87,19.63,22.09,88.83,13.15,2.49
2014-09-12,2014,9,12,255,0.24,25.45,19.41,21.95,91.3,14.85,2.44
2014-09-13,2014,9,13,256,0.07,26.59,19.61,22.76,90.56,13.43,2.46
2014-09-14,2014,9,14,257,0.14,26.58,20.15,22.79,90.18,15.77,2.14
2014-09-15,2014,9,15,258,0.02,26.96,19.61,22.83,88.08,19.83,1.79
2014-09-16,2014,9,16,259,0.04,26.93,20.1,22.9,88.86,19.82,2.09
2014-09-17,2014,9,17,260,0.98,26.67,19.86,22.78,88.83,16.63,1.7
2014-09-18,2014,9,18,261,0.94,27.38,20.17,23.22,89.45,13.39,2.11
2014-09-19,2014,9,19,262,1.54,27.72,20.84,23.52,90.12,14.38,2.54
2014-09-20,2014,9,20,263,4.25,26.92,20.62,23.07,89.45,10.44,2.38
2014-09-21,2014,9,21,264,0.99,27.19,19.75,22.91,88.76,19.28,1.8
2014-09-22,2014,9,22,265,0.34,27.89,20.01,23.27,87.28,21.15,1.59
2014-09-23,2014,9,23,266,0.0,28.45,20.06,23.44,86.02,21.44,1.61
2014-09-24,2014,9,24,267,15.43,28.48,20.49,23.9,87.24,17.78,1.43
2014-09-25,2014,9,25,268,53.14,28.12,21.17,24.07,90.07,17.6,1.25
2014-09-26,2014,9,26,269,3.0,28.03,21.11,24.18,86.38,18.24,1.55
2014-09-27,2014,9,27,270,0.05,29.95,18.21,23.92,75.48,21.54,1.55
2014-09-28,2014,9,28,271,0.01,29.45,18.86,23.89,76.13,22.82,2.12
2014-09-29,2014,9,29,272,0.88,29.22,19.06,24.21,74.98,21.42,2.12
2014-09-30,2014,9,30,273,7.69,28.4,19.34,24.08,79.0,19.46,1.56
2014-10-01,2014,10,1,274,4.96,27.86,20.08,23.73,81.33,13.16,1.42
2014-10-02,2014,10,2,275,0.55,29.04,19.56,23.86,80.06,21.4,1.64
2014-10-03,2014,10,3,276,0.0,28.95,20.49,24.35,79.95,21.04,1.34
2014-10-04,2014,10,4,277,0.09,28.59,20.24,24.36,79.25,19.95,1.09
2014-10-05,2014,10,5,278,1.07,28.75,20.48,24.02,82.9,21.65,1.42
2014-10-06,2014,10,6,279,1.26,28.72,19.74,23.77,83.53,19.34,1.36
2014-10-07,2014,10,7,280,4.94,28.3,20.32,23.95,83.68,16.01,1.27
2014-10-08,2014,10,8,281,0.55,27.79,20.13,23.76,83.09,13.67,1.16
2014-10-09,2014,10,9,282,0.98,28.66,20.14,24.28,83.26,16.79,1.02
2014-10-10,2014,10,10,283,0.01,29.75,20.42,24.88,83.07,17.65,1.59
2014-10-11,2014,10,11,284,0.0,30.04,19.78,24.48,79.23,20.66,1.84
2014-10-12,2014,10,12,285,0.0,29.18,16.94,22.47,73.38,20.5,2.14
2014-10-13,2014,10,13,286,0.0,28.65,16.58,22.01,67.41,21.68,1.63
2014-10-14,2014,10,14,287,0.0,29.02,19.16,23.07,55.59,22.72,0.76
2014-10-15,2014,10,15,288,0.0,29.92,16.52,23.55,72.81,20.37,1.52
2014-10-16,2014,10,16,289,0.0,29.71,20.55,24.64,80.19,19.64,1.95
2014-10-17,2014,10,17,290,0.93,28.74,21.1,24.65,82.39,17.64,1.2
2014-10-18,2014,10,18,291,2.68,29.13,20.97,24.65,80.84,19.46,1.03
2014-10-19,2014,10,19,292,0.81,29.48,20.01,24.63,76.54,19.93,1.4
2014-10-20,2014,10,20,293,0.02,29.48,18.78,23.88,75.55,21.18,1.95
2014-10-21,2014,10,21,294,1.01,29.3,17.95,23.51,75.27,20.34,2.3
2014-10-22,2014,10,22,295,0.15,29.24,18.87,23.34,76.11,19.49,2.5
2014-10-23,2014,10,23,296,0.0,28.72,16.87,22.6,68.28,19.52,2.44
2014-10-24,2014,10,24,297,0.44,27.3,17.53,21.7,74.0,14.38,1.93
2014-10-25,2014,10,25,298,12.89,21.92,17.4,19.13,87.41,5.53,3.22
2014-10-26,2014,10,26,299,1.62,22.62,16.52,19.1,88.82,8.97,3.43
2014-10-27,2014,10,27,300,0.14,23.14,18.4,20.35,88.45,11.13,1.58
2014-10-28,2014,10,28,301,0.0,27.58,17.56,22.17,77.83,19.55,1.5
2014-10-29,2014,10,29,302,0.0,27.3,16.29,21.21,68.53,19.28,1.97
2014-10-30,2014,10,30,303,0.0,27.72,15.53,20.58,69.2,19.51,2.4
2014-10-31,2014,10,31,304,0.0,27.9,14.8,20.63,70.71,20.28,2.07
2014-11-01,2014,11,1,305,0.0,28.4,15.13,20.98,70.89,20.4,2.25
2014-11-02,2014,11,2,306,0.0,28.35,15.82,21.39,70.79,19.54,2.08
2014-11-03,2014,11,3,307,0.0,28.43,16.21,21.58,69.53,19.21,2.11
2014-11-04,2014,11,4,308,0.0,28.51,15.6,21.47,66.35,17.5,1.46
2014-11-05,2014,11,5,309,0.0,28.48,14.97,21.27,65.35,18.37,1.38
2014-11-06,2014,11,6,310,0.0,28.11,14.57,20.74,67.35,18.45,1.33
2014-11-07,2014,11,7,311,0.0,28.38,13.74,20.52,66.04,19.23,1.65
2014-11-08,2014,11,8,312,0.0,27.78,14.13,20.24,65.94,18.35,2.22
2014-11-09,2014,11,9,313,0.0,27.32,14.19,20.88,64.51,17.92,2.2
2014-11-10,2014,11,10,314,0.0,28.71,16.23,22.43,69.67,17.34,1.77
2014-11-11,2014,11,11,315,0.35,29.13,19.98,24.01,78.97,16.82,1.63
2014-11-12,2014,11,12,316,0.59,29.39,17.99,23.58,74.31,18.29,1.65
2014-11-13,2014,11,13,317,0.07,28.62,20.12,23.33,80.5,16.56,3.12
2014-11-14,2014,11,14,318,8.79,26.31,19.04,21.96,85.26,7.88,3.11
2014-11-15,2014,11,15,319,11.32,23.82,19.17,21.05,91.06,5.84,1.9
2014-11-16,2014,11,16,320,3.34,25.59,18.8,21.55,86.11,15.65,1.98
2014-11-17,2014,11,17,321,0.58,25.09,18.2,20.95,85.97,17.11,2.4
2014-11-18,2014,11,18,322,0.1,27.8,18.51,22.5,81.18,15.46,2.23
2014-11-19,2014,11,19,323,0.0,27.85,18.11,22.38,78.15,15.12,2.17
2014-11-20,2014,11,20,324,0.0,27.79,15.92,20.95,68.2,17.98,2.09
2014-11-21,2014,11,21,325,0.0,27.32,14.12,20.87,63.22,17.08,1.45
2014-11-22,2014,11,22,326,0.0,27.85,14.3,20.69,66.94,17.51,1.35
2014-11-23,2014,11,23,327,0.0,27.89,14.95,20.87,69.52,17.12,1.63
2014-11-24,2014,11,24,328,0.0,27.36,14.61,20.1,69.93,17.31,2.36
2014-11-25,2014,11,25,329,0.0,27.15,13.66,19.54,65.54,17.54,2.24
2014-11-26,2014,11,26,330,0.0,27.18,12.25,19.39,58.62,18.93,2.0
2014-11-27,2014,11,27,331,0.0,27.49,11.96,19.49,56.43,18.45,1.52
2014-11-28,2014,11,28,332,0.0,27.74,11.98,19.57,56.44,17.88,1.69
2014-11-29,2014,11,29,333,0.0,27.52,12.02,19.47,57.08,17.29,1.7
2014-11-30,2014,11,30,334,0.0,26.96,12.28,18.75,61.17,17.75,2.18
2014-12-01,2014,12,1,335,0.0,26.66,12.82,18.84,60.96,16.67,2.31
2014-12-02,2014,12,2,336,0.0,28.0,13.23,20.24,58.27,18.0,2.06
2014-12-03,2014,12,3,337,0.0,28.1,13.62,20.44,63.51,17.77,1.6
2014-12-04,2014,12,4,338,0.0,28.27,14.17,20.63,60.87,17.28,1.89
2014-12-05,2014,12,5,339,0.06,28.07,13.11,19.62,59.06,17.06,2.04
2014-12-06,2014,12,6,340,0.0,27.79,12.44,18.99,58.4,18.16,2.47
2014-12-07,2014,12,7,341,0.0,27.85,12.36,19.58,56.92,18.2,2.05
2014-12-08,2014,12,8,342,0.0,28.12,12.82,20.24,55.04,17.24,1.73
2014-12-09,2014,12,9,343,0.0,29.02,13.84,21.57,55.0,16.41,1.36
2014-12-10,2014,12,10,344,0.0,28.88,15.26,22.04,63.42,15.93,1.4
2014-12-11,2014,12,11,345,0.19,28.33,16.66,22.03,73.62,14.11,1.76
2014-12-12,2014,12,12,346,26.71,25.85,17.37,21.24,85.44,12.17,1.5
2014-12-13,2014,12,13,347,4.48,24.37,17.77,20.44,88.73,12.67,1.82
2014-12-14,2014,12,14,348,0.0,26.12,13.07,19.35,77.5,17.11,1.31
2014-12-15,2014,12,15,349,0.0,26.06,9.66,17.25,59.72,18.29,1.52
2014-12-16,2014,12,16,350,0.0,26.51,11.09,17.58,58.78,17.59,3.19
2014-12-17,2014,12,17,351,0.0,25.11,10.23,16.43,56.81,14.96,2.97
2014-12-18,2014,12,18,352,0.0,24.66,9.39,15.97,54.98,18.08,3.09
2014-12-19,2014,12,19,353,0.0,24.9,10.79,16.68,55.47,16.64,2.96
2014-12-20,2014,12,20,354,0.0,25.31,12.11,17.01,57.6,15.31,2.52
2014-12-21,2014,12,21,355,0.0,26.3,9.81,17.13,53.14,16.63,2.04
2014-12-22,2014,12,22,356,0.0,26.5,10.1,17.29,53.01,17.28,2.05
2014-12-23,2014,12,23,357,0.0,26.86,10.23,18.17,55.73,17.56,1.42
2014-12-24,2014,12,24,358,0.0,27.04,11.49,19.16,52.43,17.24,1.5
2014-12-25,2014,12,25,359,0.0,27.2,11.56,19.55,56.86,17.1,1.27
2014-12-26,2014,12,26,360,0.0,26.09,11.74,17.98,62.26,17.24,2.17
2014-12-27,2014,12,27,361,0.0,25.42,11.12,16.9,57.03,16.79,2.82
2014-12-28,2014,12,28,362,0.0,25.13,9.99,16.64,56.12,17.13,2.67
2014-12-29,2014,12,29,363,0.0,26.28,10.21,17.8,59.0,16.48,1.94
2014-12-30,2014,12,30,364,0.0,26.83,10.89,18.11,71.39,14.28,1.94
2014-12-31,2014,12,31,365,0.2,24.64,14.64,18.45,83.68,10.26,1.29
2015-01-01,2015,1,1,1,0.23,24.3,13.59,17.97,75.39,11.05,1.35
2015-01-02,2015,1,2,2,0.04,23.87,11.86,17.65,78.95,12.08,1.62
2015-01-03,2015,1,3,3,0.0,24.56,12.45,17.92,78.15,14.25,1.31
2015-01-04,2015,1,4,4,0.0,26.47,12.51,18.99,76.85,15.84,2.37
2015-01-05,2015,1,5,5,0.0,26.66,13.5,19.6,66.22,15.44,2.73
2015-01-06,2015,1,6,6,0.0,27.32,12.58,19.04,66.96,16.53,1.63
2015-01-07,2015,1,7,7,0.0,26.84,11.79,18.26,58.73,17.61,1.28
2015-01-08,2015,1,8,8,0.0,26.68,9.76,17.51,48.21,18.4,2.08
2015-01-09,2015,1,9,9,0.0,26.95,10.13,17.47,48.06,18.23,2.55
2015-01-10,2015,1,10,10,0.0,26.98,9.79,17.05,45.31,19.32,2.64
2015-01-11,2015,1,11,11,0.0,27.6,9.13,16.89,44.95,19.82,2.58
2015-01-12,2015,1,12,12,0.0,27.86,9.22,17.47,42.63,19.77,2.43
2015-01-13,2015,1,13,13,0.0,27.98,9.17,17.87,43.07,19.85,1.84
2015-01-14,2015,1,14,14,0.0,28.48,9.77,18.65,42.48,18.83,1.5
2015-01-15,2015,1,15,15,0.0,27.8,9.69,18.58,44.01,18.55,1.71
2015-01-16,2015,1,16,16,0.0,27.88,10.92,18.84,48.24,18.46,1.86
2015-01-17,2015,1,17,17,0.0,28.02,10.58,19.23,44.76,18.0,1.9
2015-01-18,2015,1,18,18,0.0,28.32,11.09,19.02,50.53,18.27,1.83
2015-01-19,2015,1,19,19,0.0,28.76,11.58,19.48,54.88,17.91,1.6
2015-01-20,2015,1,20,20,0.0,26.44,14.22,18.84,65.53,17.56,1.68
2015-01-21,2015,1,21,21,0.0,27.66,11.6,18.66,67.03,18.11,1.58
2015-01-22,2015,1,22,22,0.0,27.32,13.1,19.01,73.07,18.1,1.57
2015-01-23,2015,1,23,23,0.0,27.44,12.53,19.26,71.96,15.86,1.65
2015-01-24,2015,1,24,24,0.21,29.39,14.6,20.79,63.83,14.8,1.81
2015-01-25,2015,1,25,25,0.17,29.26,16.04,21.1,61.89,15.6,2.03
2015-01-26,2015,1,26,26,0.0,27.93,13.79,19.8,66.18,15.83,1.35
2015-01-27,2015,1,27,27,0.0,29.5,12.47,19.53,63.25,17.79,1.91
2015-01-28,2015,1,28,28,0.0,30.22,12.79,20.15,61.09,18.42,2.09
2015-01-29,2015,1,29,29,0.0,29.43,12.98,20.64,59.88,18.62,1.03
2015-01-30,2015,1,30,30,0.0,29.93,14.33,21.09,54.12,18.53,2.71
2015-01-31,2015,1,31,31,0.0,30.56,14.48,21.71,46.87,18.39,2.62
2015-02-01,2015,2,1,32,0.0,30.81,14.25,21.19,50.09,18.25,1.99
2015-02-02,2015,2,2,33,0.0,31.44,13.63,21.66,50.09,19.17,1.74
2015-02-03,2015,2,3,34,0.0,31.07,13.5,21.96,46.4,19.32,1.54
2015-02-04,2015,2,4,35,0.0,30.86,14.31,22.19,40.66,20.23,2.21
2015-02-05,2015,2,5,36,0.0,31.15,13.41,22.2,37.22,19.39,1.74
2015-02-06,2015,2,6,37,0.0,30.53,13.91,21.82,42.43,17.28,2.04
2015-02-07,2015,2,7,38,0.0,31.16,13.3,21.4,47.67,20.12,2.25
2015-02-08,2015,2,8,39,0.0,29.2,13.95,19.99,50.83,21.27,1.61
2015-02-09,2015,2,9,40,0.0,31.2,11.79,21.14,44.09,20.92,2.23
2015-02-10,2015,2,10,41,0.08,31.75,17.57,23.55,47.64,19.98,2.34
2015-02-11,2015,2,11,42,0.0,31.71,15.69,22.56,49.97,20.2,1.98
2015-02-12,2015,2,12,43,0.0,31.62,14.6,22.08,46.66,20.57,1.58
2015-02-13,2015,2,13,44,0.0,32.52,14.44,22.24,40.11,21.33,1.88
2015-02-14,2015,2,14,45,0.0,32.79,14.18,22.28,37.52,21.75,1.5
2015-02-15,2015,2,15,46,0.0,33.36,14.57,22.67,38.45,22.05,1.89
2015-02-16,2015,2,16,47,0.0,34.23,14.22,23.12,37.29,22.55,1.67
2015-02-17,2015,2,17,48,0.0,34.27,14.78,23.18,37.28,22.56,2.15
2015-02-18,2015,2,18,49,0.0,32.55,14.67,22.18,37.83,23.38,2.09
2015-02-19,2015,2,19,50,0.0,33.2,14.27,22.55,49.91,22.8,1.64
2015-02-20,2015,2,20,51,0.0,33.55,14.61,23.16,40.9,22.75,1.67
2015-02-21,2015,2,21,52,0.0,33.55,15.56,24.07,32.81,22.05,2.79
2015-02-22,2015,2,22,53,0.0,34.14,16.42,24.72,33.54,21.98,2.34
2015-02-23,2015,2,23,54,0.0,33.98,15.36,24.12,34.07,21.62,2.17
2015-02-24,2015,2,24,55,0.0,34.44,16.52,24.38,42.31,21.94,1.5
2015-02-25,2015,2,25,56,0.0,33.41,15.59,23.3,49.88,22.01,1.98
2015-02-26,2015,2,26,57,0.0,31.79,14.61,21.7,51.85,22.44,2.39
2015-02-27,2015,2,27,58,0.0,30.78,13.35,20.88,51.63,23.74,2.31
2015-02-28,2015,2,28,59,14.91,29.95,14.49,20.87,66.25,11.2,2.54
2015-03-01,2015,3,1,60,17.15,26.57,16.28,19.9,82.23,7.83,3.84
2015-03-02,2015,3,2,61,1.13,25.75,14.06,19.17,74.75,20.03,3.04
2015-03-03,2015,3,3,62,0.0,26.66,12.15,18.01,64.59,24.92,2.05
2015-03-04,2015,3,4,63,0.0,28.39,9.9,18.13,55.22,25.02,1.32
2015-03-05,2015,3,5,64,0.0,31.94,10.69,20.25,53.75,24.88,1.77
2015-03-06,2015,3,6,65,0.0,33.33,12.76,22.26,48.04,24.54,1.55
2015-03-07,2015,3,7,66,0.0,33.23,14.26,22.94,43.26,24.19,1.91
2015-03-08,2015,3,8,67,0.0,33.4,15.03,23.24,45.81,24.17,1.67
2015-03-09,2015,3,9,68,0.0,33.29,14.64,23.68,50.04,23.01,1.74
2015-03-10,2015,3,10,69,0.8,33.18,19.51,25.59,58.9,20.34,2.49
2015-03-11,2015,3,11,70,0.32,31.23,19.37,25.12,57.95,21.1,1.56
2015-03-12,2015,3,12,71,0.0,34.29,18.51,26.24,45.78,23.7,2.07
2015-03-13,2015,3,13,72,1.12,35.01,17.73,26.42,49.15,22.05,2.01
2015-03-14,2015,3,14,73,1.58,34.3,19.75,26.14,54.76,22.63,2.59
2015-03-15,2015,3,15,74,0.35,32.16,18.38,23.92,66.11,23.26,2.19
2015-03-16,2015,3,16,75,0.01,32.45,16.66,23.31,63.04,23.76,2.14
2015-03-17,2015,3,17,76,0.0,34.46,15.32,23.95,44.84,25.01,2.06
2015-03-18,2015,3,18,77,0.0,35.24,16.3,25.72,40.82,24.95,1.64
2015-03-19,2015,3,19,78,0.0,36.68,19.21,27.48,43.43,24.35,2.18
2015-03-20,2015,3,20,79,0.0,36.95,19.96,28.02,41.8,22.59,2.12
2015-03-21,2015,3,21,80,0.0,37.28,20.39,28.55,42.05,22.26,1.63
2015-03-22,2015,3,22,81,0.0,37.95,21.24,28.96,41.01,23.4,1.52
2015-03-23,2015,3,23,82,0.0,36.45,22.81,28.6,36.58,22.13,1.48
2015-03-24,2015,3,24,83,0.0,38.75,21.07,29.31,34.55,23.98,1.49
2015-03-25,2015,3,25,84,0.0,38.9,21.2,29.67,34.54,24.36,2.6
2015-03-26,2015,3,26,85,0.0,38.36,23.76,30.09,40.1,21.12,1.47
2015-03-27,2015,3,27,86,0.03,38.08,21.9,29.49,46.11,20.77,1.82
2015-03-28,2015,3,28,87,0.12,38.06,21.83,29.1,48.14,21.77,1.45
2015-03-29,2015,3,29,88,2.6,35.42,22.36,27.79,49.59,18.47,1.56
2015-03-30,2015,3,30,89,0.41,34.61,22.34,27.81,47.2,21.61,1.76
2015-03-31,2015,3,31,90,0.0,36.77,19.66,27.32,33.34,25.32,2.21
2015-04-01,2015,4,1,91,0.0,37.63,18.81,27.39,29.11,25.72,1.93
2015-04-02,2015,4,2,92,0.0,36.76,18.43,26.29,38.19,26.1,2.67
2015-04-03,2015,4,3,93,0.0,35.13,18.19,25.55,52.84,26.75,3.16
2015-04-04,2015,4,4,94,0.0,34.84,16.2,24.67,52.11,27.19,3.04
2015-04-05,2015,4,5,95,0.0,36.24,16.97,25.83,56.74,25.7,2.68
2015-04-06,2015,4,6,96,0.0,37.3,17.85,26.12,51.43,24.19,2.32
2015-04-07,2015,4,7,97,0.0,36.84,16.34,25.78,54.56,25.04,2.52
2015-04-08,2015,4,8,98,0.0,37.92,19.21,27.57,54.96,24.41,2.25
2015-04-09,2015,4,9,99,0.0,38.61,20.3,28.33,53.11,23.16,2.17
2015-04-10,2015,4,10,100,0.05,36.76,21.63,27.91,59.07,20.68,2.34
2015-04-11,2015,4,11,101,0.24,36.12,21.36,27.66,56.63,22.3,2.22
2015-04-12,2015,4,12,102,0.12,34.98,19.58,26.11,51.72,24.56,2.53
2015-04-13,2015,4,13,103,0.37,34.11,18.09,25.23,52.62,23.49,2.3
2015-04-14,2015,4,14,104,0.04,34.53,18.41,26.1,51.18,18.4,2.05
2015-04-15,2015,4,15,105,0.0,35.14,20.02,27.81,46.46,24.09,1.47
2015-04-16,2015,4,16,106,0.01,35.43,23.14,28.91,43.46,23.64,1.86
2015-04-17,2015,4,17,107,0.0,38.08,23.02,29.74,45.29,23.45,2.07
2015-04-18,2015,4,18,108,0.0,39.44,21.03,29.79,47.19,26.13,1.96
2015-04-19,2015,4,19,109,0.0,40.39,22.58,31.12,35.32,24.83,1.84
2015-04-20,2015,4,20,110,0.0,40.38,24.54,31.96,34.27,22.57,1.46
2015-04-21,2015,4,21,111,0.0,39.87,24.6,31.47,37.16,23.88,1.87
2015-04-22,2015,4,22,112,0.0,38.81,23.88,29.97,51.34,23.34,2.75
2015-04-23,2015,4,23,113,0.0,38.77,22.07,29.22,49.93,24.12,3.05
2015-04-24,2015,4,24,114,0.0,37.66,20.71,28.23,45.77,27.06,2.93
2015-04-25,2015,4,25,115,0.0,37.54,18.47,27.53,47.95,27.67,2.56
2015-04-26,2015,4,26,116,0.0,38.87,19.69,28.2,52.49,26.7,2.57
2015-04-27,2015,4,27,117,0.0,39.91,21.28,29.57,49.93,26.19,2.27
2015-04-28,2015,4,28,118,0.03,39.4,21.43,29.56,49.23,26.34,3.26
2015-04-29,2015,4,29,119,0.0,39.49,20.97,29.23,52.88,27.2,3.34
2015-04-30,2015,4,30,120,0.0,38.94,20.58,28.67,53.31,27.28,3.18
2015-05-01,2015,5,1,121,0.0,37.85,20.54,28.3,53.8,27.8,2.98
2015-05-02,2015,5,2,122,0.03,39.93,19.05,28.57,50.54,27.8,3.03
2015-05-03,2015,5,3,123,0.05,38.42,19.76,28.27,53.3,27.61,3.01
2015-05-04,2015,5,4,124,0.01,40.01,19.83,29.39,49.47,26.46,2.46
2015-05-05,2015,5,5,125,1.57,39.91,22.62,30.62,45.15,22.5,1.43
2015-05-06,2015,5,6,126,1.59,39.53,23.27,31.01,39.55,26.45,1.68
2015-05-07,2015,5,7,127,0.01,39.82,21.75,30.4,43.78,25.92,2.34
2015-05-08,2015,5,8,128,0.02,40.39,22.78,30.9,44.83,24.49,2.65
2015-05-09,2015,5,9,129,0.64,39.29,23.18,30.52,46.6,24.17,2.73
2015-05-10,2015,5,10,130,0.14,39.08,22.06,30.25,45.39,24.79,2.51
2015-05-11,2015,5,11,131,0.1,40.28,23.04,30.74,43.96,25.1,3.0
2015-05-12,2015,5,12,132,0.32,38.8,23.3,29.68,53.32,24.85,2.89
2015-05-13,2015,5,13,133,30.91,33.48,23.07,26.79,67.29,21.68,2.06
2015-05-14,2015,5,14,134,24.56,32.69,22.0,27.25,69.78,20.33,1.47
2015-05-15,2015,5,15,135,1.56,32.21,22.86,27.75,67.98,20.81,1.27
2015-05-16,2015,5,16,136,0.81,36.55,23.81,29.61,59.41,23.46,1.19
2015-05-17,2015,5,17,137,0.02,36.21,23.49,28.66,61.3,25.77,2.59
2015-05-18,2015,5,18,138,0.0,36.8,23.4,28.64,63.87,26.39,3.49
2015-05-19,2015,5,19,139,0.0,35.82,22.52,27.87,66.32,26.63,3.83
2015-05-20,2015,5,20,140,0.0,36.74,22.73,28.28,64.94,25.81,3.72
2015-05-21,2015,5,21,141,0.0,36.19,22.85,27.99,66.07,25.17,3.98
2015-05-22,2015,5,22,142,0.0,34.5,23.09,27.54,69.2,25.96,3.69
2015-05-23,2015,5,23,143,0.0,32.46,23.58,26.86,71.53,25.92,3.77
2015-05-24,2015,5,24,144,0.0,34.51,23.42,27.83,67.82,26.68,3.79
2015-05-25,2015,5,25,145,0.0,33.28,23.72,27.31,71.56,26.04,3.87
2015-05-26,2015,5,26,146,0.0,35.27,22.97,27.9,66.56,25.35,3.92
2015-05-27,2015,5,27,147,0.01,36.97,23.02,28.51,64.24,26.42,4.17
2015-05-28,2015,5,28,148,0.01,37.15,22.78,28.72,63.11,26.27,4.32
2015-05-29,2015,5,29,149,0.58,35.9,23.64,28.68,64.24,18.14,3.67
2015-05-30,2015,5,30,150,0.76,34.83,23.87,28.35,64.23,10.61,2.69
2015-05-31,2015,5,31,151,0.04,37.62,22.89,29.22,57.62,24.85,3.44
2015-06-01,2015,6,1,152,0.09,34.88,23.1,27.63,62.34,22.22,3.9
2015-06-02,2015,6,2,153,0.01,34.07,22.17,27.2,64.3,26.29,3.65
2015-06-03,2015,6,3,154,0.04,37.37,22.15,28.65,57.69,27.08,2.98
2015-06-04,2015,6,4,155,4.3,36.73,23.05,29.19,57.28,26.06,2.54
2015-06-05,2015,6,5,156,8.67,31.06,23.53,26.33,74.54,10.85,1.93
2015-06-06,2015,6,6,157,1.61,33.03,23.38,27.37,69.72,24.44,1.42
2015-06-07,2015,6,7,158,17.58,32.09,23.74,26.96,76.35,19.85,2.38
2015-06-08,2015,6,8,159,7.26,31.37,22.44,26.29,76.93,23.18,2.83
2015-06-09,2015,6,9,160,7.44,31.08,22.5,25.87,77.49,23.58,3.44
2015-06-10,2015,6,10,161,5.88,30.56,23.1,25.98,78.75,23.63,3.37
2015-06-11,2015,6,11,162,29.3,31.35,22.61,26.15,81.24,18.87,3.22
2015-06-12,2015,6,12,163,26.5,27.18,22.8,24.68,86.17,17.58,3.74
2015-06-13,2015,6,13,164,9.12,27.14,22.48,23.96,86.04,10.93,3.98
2015-06-14,2015,6,14,165,13.28,26.84,21.31,23.48,86.86,11.27,3.64
2015-06-15,2015,6,15,166,7.35,28.39,20.89,23.89,81.17,13.01,3.46
2015-06-16,2015,6,16,167,6.61,29.8,20.98,24.38,79.17,18.6,3.73
2015-06-17,2015,6,17,168,9.2,29.03,21.23,24.24,80.45,13.21,4.22
2015-06-18,2015,6,18,169,60.78,28.05,21.7,24.3,85.39,12.81,4.79
2015-06-19,2015,6,19,170,46.95,26.7,22.7,24.12,87.56,9.48,5.92
2015-06-20,2015,6,20,171,33.33,27.42,22.48,24.52,89.6,8.95,7.08
2015-06-21,2015,6,21,172,97.51,26.78,22.19,24.34,90.82,5.79,6.51
2015-06-22,2015,6,22,173,39.46,25.47,23.09,24.08,92.71,7.5,7.06
2015-06-23,2015,6,23,174,59.38,26.61,23.03,24.62,90.63,5.15,8.49
2015-06-24,2015,6,24,175,29.29,26.31,22.43,24.01,90.41,10.06,7.08
2015-06-25,2015,6,25,176,10.28,28.31,22.89,24.92,87.07,12.95,7.19
2015-06-26,2015,6,26,177,0.75,28.55,22.62,24.81,86.01,13.48,6.58
2015-06-27,2015,6,27,178,0.17,28.97,22.17,24.77,85.06,16.3,5.17
2015-06-28,2015,6,28,179,0.54,28.94,22.14,24.72,85.99,18.86,4.24
2015-06-29,2015,6,29,180,2.77,29.0,21.63,24.68,84.97,15.87,3.74
2015-06-30,2015,6,30,181,3.36,27.94,21.78,24.26,86.35,12.95,3.43
2015-07-01,2015,7,1,182,1.32,28.66,21.33,24.36,85.38,17.33,3.42
2015-07-02,2015,7,2,183,0.1,29.44,21.04,24.56,84.54,21.8,3.36
2015-07-03,2015,7,3,184,0.11,28.94,22.01,24.66,84.55,20.76,4.13
2015-07-04,2015,7,4,185,0.11,28.73,22.3,24.68,85.29,19.69,4.91
2015-07-05,2015,7,5,186,0.08,29.09,22.27,24.84,84.16,18.41,5.08
2015-07-06,2015,7,6,187,0.08,28.28,22.0,24.42,84.94,17.3,5.87
2015-07-07,2015,7,7,188,0.46,28.6,22.19,24.59,84.83,13.58,5.68
2015-07-08,2015,7,8,189,2.08,28.37,22.05,24.51,85.51,13.6,5.25
2015-07-09,2015,7,9,190,2.02,28.49,22.36,24.61,86.08,15.03,5.43
2015-07-10,2015,7,10,191,1.78,27.87,22.13,24.41,86.02,12.77,6.06
2015-07-11,2015,7,11,192,3.55,28.16,21.98,24.38,84.82,15.51,5.41
2015-07-12,2015,7,12,193,1.0,29.52,21.84,24.8,83.8,16.9,4.23
2015-07-13,2015,7,13,194,0.25,29.4,21.56,24.84,84.55,19.24,3.39
2015-07-14,2015,7,14,195,0.11,29.99,21.69,25.08,83.65,19.65,3.27
2015-07-15,2015,7,15,196,0.3,28.89,22.07,24.63,84.54,17.84,4.07
2015-07-16,2015,7,16,197,1.69,28.63,22.09,24.47,85.06,12.4,4.72
2015-07-17,2015,7,17,198,1.94,28.33,21.87,24.23,86.22,12.63,4.84
2015-07-18,2015,7,18,199,3.48,29.13,22.35,24.73,84.59,13.33,5.54
2015-07-19,2015,7,19,200,5.0,27.42,22.32,24.18,88.19,12.79,5.73
2015-07-20,2015,7,20,201,21.96,25.69,22.61,23.73,90.93,12.69,4.88
2015-07-21,2015,7,21,202,26.35,26.35,22.59,23.92,90.13,5.89,4.89
2015-07-22,2015,7,22,203,15.58,27.61,22.44,24.27,88.61,9.2,4.94
2015-07-23,2015,7,23,204,9.16,28.87,22.44,24.84,86.31,9.87,4.71
2015-07-24,2015,7,24,205,13.13,26.86,21.68,23.73,87.69,10.19,4.99
2015-07-25,2015,7,25,206,9.16,27.9,21.6,23.95,86.83,12.27,5.0
2015-07-26,2015,7,26,207,3.77,28.1,21.78,24.16,86.13,14.86,5.44
2015-07-27,2015,7,27,208,12.43,27.37,21.53,23.82,86.82,11.89,6.26
2015-07-28,2015,7,28,209,15.76,25.58,21.63,23.11,89.18,12.44,5.93
2015-07-29,2015,7,29,210,10.0,26.21,21.38,23.1,88.07,9.02,5.93
2015-07-30,2015,7,30,211,7.72,27.33,21.36,23.6,86.86,10.78,5.41
2015-07-31,2015,7,31,212,5.24,27.19,21.58,23.66,87.28,15.21,4.96
2015-08-01,2015,8,1,213,2.84,27.54,21.2,23.74,86.87,18.57,4.29
2015-08-02,2015,8,2,214,0.71,28.15,21.01,23.88,86.31,16.68,4.23
2015-08-03,2015,8,3,215,1.05,27.44,21.03,23.59,86.39,13.53,4.38
2015-08-04,2015,8,4,216,3.12,27.24,21.75,23.5,88.54,9.21,4.8
2015-08-05,2015,8,5,217,8.25,25.93,22.06,23.35,90.35,8.16,4.96
2015-08-06,2015,8,6,218,3.76,27.43,21.67,23.83,87.49,10.19,5.02
2015-08-07,2015,8,7,219,2.19,28.31,21.4,24.2,86.42,12.5,4.24
2015-08-08,2015,8,8,220,2.81,28.29,21.82,24.27,86.07,10.13,3.96
2015-08-09,2015,8,9,221,2.98,28.19,21.69,24.21,87.45,11.62,3.38
2015-08-10,2015,8,10,222,1.74,27.93,21.9,23.93,88.16,11.43,3.21
2015-08-11,2015,8,11,223,4.22,25.66,21.49,23.07,90.57,13.15,2.48
2015-08-12,2015,8,12,224,2.24,26.15,21.19,23.13,89.35,9.44,2.73
2015-08-13,2015,8,13,225,2.59,27.42,21.51,23.78,87.58,11.53,3.57
2015-08-14,2015,8,14,226,4.27,28.83,21.34,24.16,85.92,15.0,3.74
2015-08-15,2015,8,15,227,2.32,29.31,21.44,24.39,85.68,15.88,3.54
2015-08-16,2015,8,16,228,2.88,28.41,21.05,23.99,86.38,15.41,2.99
2015-08-17,2015,8,17,229,3.89,28.81,21.02,24.26,86.08,14.65,2.54
2015-08-18,2015,8,18,230,0.21,29.1,21.58,24.71,84.32,17.66,1.7
2015-08-19,2015,8,19,231,0.04,30.18,21.47,25.07,83.66,22.18,1.88
2015-08-20,2015,8,20,232,0.1,28.88,21.25,24.24,85.33,18.68,2.17
2015-08-21,2015,8,21,233,0.66,28.45,20.98,24.01,85.72,16.06,3.22
2015-08-22,2015,8,22,234,0.74,28.0,21.37,23.76,85.71,13.93,3.73
2015-08-23,2015,8,23,235,0.49,28.07,21.07,23.63,86.59,16.79,3.44
2015-08-24,2015,8,24,236,0.92,28.04,20.73,23.67,85.26,17.53,3.51
2015-08-25,2015,8,25,237,5.77,28.45,20.84,23.84,85.28,10.27,3.77
2015-08-26,2015,8,26,238,3.13,28.73,21.24,24.09,85.54,16.57,3.5
2015-08-27,2015,8,27,239,3.28,28.46,20.75,24.01,85.49,13.85,3.04
2015-08-28,2015,8,28,240,8.07,28.04,21.08,23.94,87.04,7.64,2.75
2015-08-29,2015,8,29,241,4.66,28.17,21.6,23.99,87.21,15.91,2.93
2015-08-30,2015,8,30,242,3.11,28.01,21.19,23.87,86.65,12.94,3.1
2015-08-31,2015,8,31,243,1.83,25.5,20.8,22.73,89.72,16.07,2.54
2015-09-01,2015,9,1,244,0.81,27.62,20.12,23.18,86.29,20.13,2.52
2015-09-02,2015,9,2,245,0.27,27.42,19.63,22.94,84.83,17.07,2.15
2015-09-03,2015,9,3,246,0.01,29.16,19.37,23.26,81.32,19.72,1.74
2015-09-04,2015,9,4,247,0.1,30.51,19.62,24.04,78.21,22.33,1.52
2015-09-05,2015,9,5,248,0.11,30.67,18.99,24.14,81.53,22.96,1.79
2015-09-06,2015,9,6,249,0.12,29.06,20.15,23.84,82.35,23.13,1.99
2015-09-07,2015,9,7,250,0.15,28.74,19.82,23.47,82.3,21.53,1.89
2015-09-08,2015,9,8,251,16.08,26.72,19.91,23.01,86.6,19.3,1.23
2015-09-09,2015,9,9,252,24.3,27.41,21.05,23.54,88.4,10.98,1.8
2015-09-10,2015,9,10,253,23.83,29.19,21.59,24.48,88.1,12.78,1.51
2015-09-11,2015,9,11,254,4.32,30.16,21.87,25.18,82.9,17.88,1.0
2015-09-12,2015,9,12,255,35.13,29.18,21.85,24.85,86.16,17.27,1.53
2015-09-13,2015,9,13,256,23.36,26.59,22.43,23.85,90.75,15.96,2.05
2015-09-14,2015,9,14,257,7.37,27.81,21.63,24.09,89.03,12.87,2.7
2015-09-15,2015,9,15,258,22.65,26.85,21.62,23.66,90.19,11.77,2.51
2015-09-16,2015,9,16,259,9.73,27.69,21.83,23.97,90.46,12.42,2.78
2015-09-17,2015,9,17,260,9.81,27.74,21.75,24.12,90.86,11.84,2.91
2015-09-18,2015,9,18,261,33.28,26.07,22.48,23.66,93.09,3.5,4.21
2015-09-19,2015,9,19,262,22.47,27.23,21.39,23.76,90.23,13.6,3.88
2015-09-20,2015,9,20,263,13.7,27.12,21.08,23.38,89.55,8.5,3.76
2015-09-21,2015,9,21,264,8.63,27.09,21.38,23.54,89.32,15.07,3.74
2015-09-22,2015,9,22,265,1.44,27.8,20.78,23.53,89.23,16.59,2.7
2015-09-23,2015,9,23,266,1.62,28.57,19.78,23.46,87.63,20.14,1.6
2015-09-24,2015,9,24,267,0.19,28.8,20.17,23.79,85.49,21.66,1.25
2015-09-25,2015,9,25,268,0.0,28.3,19.3,23.15,87.26,22.4,1.64
2015-09-26,2015,9,26,269,0.01,28.8,18.07,22.36,80.07,24.18,1.15
2015-09-27,2015,9,27,270,0.0,28.87,17.26,22.42,80.49,24.2,1.4
2015-09-28,2015,9,28,271,0.0,29.64,17.16,22.99,78.53,22.15,1.59
2015-09-29,2015,9,29,272,0.0,30.38,19.46,24.35,77.68,20.98,2.57
2015-09-30,2015,9,30,273,0.05,30.82,20.19,24.86,77.63,20.86,3.06
2015-10-01,2015,10,1,274,3.62,30.52,20.78,25.06,81.95,18.33,2.09
2015-10-02,2015,10,2,275,15.2,29.34,21.68,25.0,85.32,13.7,1.21
2015-10-03,2015,10,3,276,19.56,28.42,21.88,24.47,89.43,14.17,1.33
2015-10-04,2015,10,4,277,8.47,27.59,22.04,24.13,89.46,12.99,1.63
2015-10-05,2015,10,5,278,1.98,29.13,21.53,24.88,83.01,17.61,1.24
2015-10-06,2015,10,6,279,0.0,30.39,19.89,24.16,75.65,21.63,2.34
2015-10-07,2015,10,7,280,0.0,30.66,17.8,23.99,71.74,21.95,2.05
2015-10-08,2015,10,8,281,0.01,30.78,18.76,24.44,73.62,20.95,1.35
2015-10-09,2015,10,9,282,0.17,30.49,21.0,24.98,79.42,18.16,0.81
2015-10-10,2015,10,10,283,4.25,27.59,22.32,24.13,89.03,18.61,1.06
2015-10-11,2015,10,11,284,15.21,27.59,21.67,24.11,88.82,16.73,0.97
2015-10-12,2015,10,12,285,7.01,27.93,21.48,24.36,84.54,18.46,0.97
2015-10-13,2015,10,13,286,0.06,29.41,20.18,24.47,79.75,17.06,1.21
2015-10-14,2015,10,14,287,0.0,30.94,19.63,24.96,68.87,20.61,1.7
2015-10-15,2015,10,15,288,0.0,31.08,19.15,24.25,67.01,20.76,2.07
2015-10-16,2015,10,16,289,0.0,30.56,18.55,24.01,70.86,20.19,2.22
2015-10-17,2015,10,17,290,0.0,30.07,19.99,24.71,74.93,19.06,2.16
2015-10-18,2015,10,18,291,0.0,30.05,20.47,24.76,75.18,17.07,1.71
2015-10-19,2015,10,19,292,0.0,30.36,19.6,24.44,70.45,19.71,1.58
2015-10-20,2015,10,20,293,0.0,30.75,17.66,23.93,66.13,18.83,1.6
2015-10-21,2015,10,21,294,0.0,30.72,19.74,24.56,68.81,18.83,1.6
2015-10-22,2015,10,22,295,0.0,31.12,19.83,24.76,69.15,18.84,1.63
2015-10-23,2015,10,23,296,0.0,30.59,20.26,24.85,70.62,18.55,1.61
2015-10-24,2015,10,24,297,0.01,30.51,20.74,25.32,70.31,16.66,1.21
2015-10-25,2015,10,25,298,2.08,29.93,20.4,24.9,73.25,15.03,1.4
2015-10-26,2015,10,26,299,1.03,28.49,20.32,23.59,78.71,15.33,1.4
2015-10-27,2015,10,27,300,0.01,26.51,19.91,22.68,79.36,15.09,1.51
2015-10-28,2015,10,28,301,0.0,29.94,18.66,23.93,72.64,16.7,1.48
2015-10-29,2015,10,29,302,0.0,29.41,18.91,23.71,72.67,17.12,1.02
2015-10-30,2015,10,30,303,0.0,30.2,18.31,23.45,74.14,19.09,1.76
2015-10-31,2015,10,31,304,0.0,29.48,18.03,23.0,74.4,18.86,2.14
2015-11-01,2015,11,1,305,0.0,29.15,17.65,22.93,74.18,17.44,1.92
2015-11-02,2015,11,2,306,0.0,29.19,17.11,22.83,70.64,17.28,1.88
2015-11-03,2015,11,3,307,0.0,29.37,17.2,22.65,70.44,18.92,1.51
2015-11-04,2015,11,4,308,0.3,29.16,17.87,22.99,74.7,18.25,1.34
2015-11-05,2015,11,5,309,0.03,29.96,17.82,23.08,74.13,17.5,1.25
2015-11-06,2015,11,6,310,0.0,30.0,17.25,23.08,69.87,17.89,1.44
2015-11-07,2015,11,7,311,0.0,30.01,17.64,22.92,66.86,17.31,1.57
2015-11-08,2015,11,8,312,0.0,29.91,16.09,22.85,65.62,16.99,1.65
2015-11-09,2015,11,9,313,0.0,29.45,17.39,22.73,64.77,16.56,2.13
2015-11-10,2015,11,10,314,0.0,28.81,15.86,21.13,62.21,15.35,2.72
2015-11-11,2015,11,11,315,0.0,29.44,16.7,22.06,64.67,18.25,3.33
2015-11-12,2015,11,12,316,0.0,30.39,16.5,22.22,62.69,18.3,3.06
2015-11-13,2015,11,13,317,0.0,29.6,15.38,21.51,62.99,18.52,2.32
2015-11-14,2015,11,14,318,0.0,29.7,16.12,21.75,61.09,18.22,2.28
2015-11-15,2015,11,15,319,0.0,29.49,14.79,21.26,61.66,17.25,2.01
2015-11-16,2015,11,16,320,0.0,29.44,15.84,21.94,61.11,17.68,2.14
2015-11-17,2015,11,17,321,0.0,29.71,15.76,21.61,60.93,18.15,2.31
2015-11-18,2015,11,18,322,0.0,29.06,14.6,20.64,56.22,18.7,3.04
2015-11-19,2015,11,19,323,0.0,29.08,14.93,20.75,56.17,18.18,3.36
2015-11-20,2015,11,20,324,0.02,29.83,15.4,22.36,64.3,17.26,2.95
2015-11-21,2015,11,21,325,2.42,28.43,19.02,23.19,82.33,12.15,1.56
2015-11-22,2015,11,22,326,25.22,25.42,20.48,22.44,88.68,13.48,1.27
2015-11-23,2015,11,23,327,25.62,24.07,20.15,21.62,91.97,13.64,1.63
2015-11-24,2015,11,24,328,0.17,25.04,19.21,21.59,87.0,11.69,1.37
2015-11-25,2015,11,25,329,0.07,28.16,18.64,22.45,78.82,14.08,1.74
2015-11-26,2015,11,26,330,0.01,28.41,16.88,22.28,70.94,16.35,1.49
2015-11-27,2015,11,27,331,0.0,27.84,17.89,22.26,70.24,14.75,1.14
2015-11-28,2015,11,28,332,0.0,27.92,16.24,21.67,70.12,16.0,1.15
2015-11-29,2015,11,29,333,0.0,28.69,15.62,21.39,68.62,17.65,1.92
2015-11-30,2015,11,30,334,0.0,28.92,16.62,22.1,69.26,17.28,2.23
2015-12-01,2015,12,1,335,0.0,29.27,17.04,22.4,74.07,16.54,1.72
2015-12-02,2015,12,2,336,0.0,29.07,16.74,22.31,72.09,16.13,1.41
2015-12-03,2015,12,3,337,0.0,28.74,16.56,21.75,71.33,16.23,1.75
2015-12-04,2015,12,4,338,0.0,28.77,14.75,20.87,62.07,16.63,2.0
2015-12-05,2015,12,5,339,0.0,28.44,14.4,20.48,63.13,16.86,2.33
2015-12-06,2015,12,6,340,0.0,28.06,14.02,20.04,61.31,17.29,2.55
2015-12-07,2015,12,7,341,0.0,28.1,13.7,19.93,57.69,17.19,2.41
2015-12-08,2015,12,8,342,0.0,28.06,12.93,20.07,55.28,17.01,2.23
2015-12-09,2015,12,9,343,0.0,26.57,13.7,19.64,60.42,17.86,1.77
2015-12-10,2015,12,10,344,0.0,28.98,14.59,21.15,62.78,17.34,1.71
2015-12-11,2015,12,11,345,0.0,27.57,17.22,21.24,72.87,15.68,1.3
2015-12-12,2015,12,12,346,0.0,28.61,15.98,20.9,69.06,17.18,1.13
2015-12-13,2015,12,13,347,0.0,28.95,14.47,20.69,61.66,17.66,1.34
2015-12-14,2015,12,14,348,0.0,29.57,15.57,21.63,65.28,16.7,1.28
2015-12-15,2015,12,15,349,0.0,30.41,16.67,22.56,63.99,16.66,1.75
2015-12-16,2015,12,16,350,0.0,29.89,18.35,22.68,64.78,16.16,1.15
2015-12-17,2015,12,17,351,0.0,29.06,17.44,21.6,55.97,16.25,1.14
2015-12-18,2015,12,18,352,0.0,29.58,13.39,20.86,55.24,16.55,1.67
2015-12-19,2015,12,19,353,0.0,29.58,14.24,21.06,64.44,16.48,1.58
2015-12-20,2015,12,20,354,0.0,28.46,15.77,21.12,70.3,15.43,1.21
2015-12-21,2015,12,21,355,0.0,27.66,15.51,20.42,67.72,17.11,1.5
2015-12-22,2015,12,22,356,0.0,26.1,12.03,18.34,55.14,18.46,1.3
2015-12-23,2015,12,23,357,0.0,27.97,9.57,17.53,50.59,18.39,1.58
2015-12-24,2015,12,24,358,0.0,27.24,10.11,17.6,44.47,17.59,2.34
2015-12-25,2015,12,25,359,0.0,26.83,10.17,16.68,35.48,17.2,3.39
2015-12-26,2015,12,26,360,0.0,26.74,9.43,16.68,35.36,17.4,2.91
2015-12-27,2015,12,27,361,0.0,28.61,11.23,18.25,38.14,17.95,3.06
2015-12-28,2015,12,28,362,0.0,30.1,12.64,19.55,37.67,18.17,3.2
2015-12-29,2015,12,29,363,0.0,30.6,12.84,20.35,39.94,18.17,2.62
2015-12-30,2015,12,30,364,0.0,31.11,13.21,21.23,37.73,18.09,2.17
2015-12-31,2015,12,31,365,0.0,31.03,13.41,20.98,40.85,18.43,2.24
2016-01-01,2016,1,1,1,0.0,30.74,13.81,21.45,41.07,18.39,2.04
2016-01-02,2016,1,2,2,0.0,30.33,13.06,20.73,44.04,17.81,1.5
2016-01-03,2016,1,3,3,0.0,29.77,11.99,20.01,41.41,18.05,1.5
2016-01-04,2016,1,4,4,0.0,29.77,11.84,20.05,40.66,18.08,1.86
2016-01-05,2016,1,5,5,0.0,29.28,12.09,20.21,42.54,17.39,1.71
2016-01-06,2016,1,6,6,0.0,29.35,12.74,20.77,43.5,16.0,1.55
2016-01-07,2016,1,7,7,0.0,29.13,13.38,20.89,47.91,14.36,1.57
2016-01-08,2016,1,8,8,0.0,28.79,14.38,21.18,50.01,14.6,1.18
2016-01-09,2016,1,9,9,0.0,29.29,13.66,20.62,48.4,16.64,1.51
2016-01-10,2016,1,10,10,0.0,29.23,12.54,20.4,42.87,17.38,1.8
2016-01-11,2016,1,11,11,0.0,29.52,12.2,20.09,45.99,17.72,1.62
2016-01-12,2016,1,12,12,0.0,29.63,13.67,20.16,50.56,16.38,1.37
2016-01-13,2016,1,13,13,0.0,28.98,13.18,19.69,54.19,16.14,1.26
2016-01-14,2016,1,14,14,0.0,28.24,13.93,19.44,55.98,16.72,1.7
2016-01-15,2016,1,15,15,0.0,28.61,11.88,19.19,66.34,15.37,1.72
2016-01-16,2016,1,16,16,0.0,27.5,15.28,19.83,66.44,16.1,1.56
2016-01-17,2016,1,17,17,0.0,26.19,14.23,18.76,68.43,18.47,1.57
2016-01-18,2016,1,18,18,0.0,25.39,13.47,18.02,65.29,19.0,1.79
2016-01-19,2016,1,19,19,0.0,25.65,12.23,17.59,60.36,18.61,1.8
2016-01-20,2016,1,20,20,0.0,27.27,9.15,17.31,43.07,19.75,1.62
2016-01-21,2016,1,21,21,0.0,28.11,10.47,18.06,39.97,19.01,2.65
2016-01-22,2016,1,22,22,0.0,28.8,10.71,18.56,29.47,18.66,3.02
2016-01-23,2016,1,23,23,0.0,29.18,12.04,19.79,34.67,18.15,2.53
2016-01-24,2016,1,24,24,0.0,29.83,13.84,20.7,44.26,16.81,1.81
2016-01-25,2016,1,25,25,0.0,30.53,13.18,20.56,43.17,19.26,1.49
2016-01-26,2016,1,26,26,0.0,31.12,13.98,20.63,40.96,20.07,1.57
2016-01-27,2016,1,27,27,0.0,31.89,13.15,20.43,44.29,20.35,1.6
2016-01-28,2016,1,28,28,0.0,32.85,11.82,21.38,38.24,20.36,1.74
2016-01-29,2016,1,29,29,0.0,33.7,13.74,22.69,33.8,20.25,2.11
2016-01-30,2016,1,30,30,0.0,33.92,13.29,22.55,34.97,19.71,1.67
2016-01-31,2016,1,31,31,0.0,33.58,14.08,22.6,38.66,19.75,1.45
2016-02-01,2016,2,1,32,0.0,33.11,14.14,22.45,41.21,19.39,1.55
2016-02-02,2016,2,2,33,0.0,33.47,14.67,22.5,36.82,20.34,1.75
2016-02-03,2016,2,3,34,0.0,33.68,12.87,21.77,36.26,21.37,1.63
2016-02-04,2016,2,4,35,0.0,33.15,11.57,21.43,33.99,21.87,1.61
2016-02-05,2016,2,5,36,0.0,33.52,13.24,22.2,38.66,19.75,1.66
2016-02-06,2016,2,6,37,0.0,29.2,14.25,20.07,63.38,19.76,2.02
2016-02-07,2016,2,7,38,0.0,28.96,12.15,19.14,66.41,21.58,1.97
2016-02-08,2016,2,8,39,0.0,32.19,11.41,20.83,53.99,21.01,1.64
2016-02-09,2016,2,9,40,0.0,33.1,14.27,22.58,48.29,19.04,1.62
2016-02-10,2016,2,10,41,0.0,29.89,16.53,21.86,61.32,17.96,1.91
2016-02-11,2016,2,11,42,0.0,29.52,14.98,20.73,66.79,20.4,2.2
2016-02-12,2016,2,12,43,0.0,29.25,13.56,19.45,67.12,21.65,2.08
2016-02-13,2016,2,13,44,0.0,29.97,13.18,19.46,61.27,22.13,1.66
2016-02-14,2016,2,14,45,0.0,32.19,11.88,21.3,48.62,20.98,1.8
2016-02-15,2016,2,15,46,0.0,32.45,15.28,22.8,43.21,19.31,1.66
2016-02-16,2016,2,16,47,0.0,34.1,15.46,23.77,46.56,20.2,1.74
2016-02-17,2016,2,17,48,0.0,33.07,16.89,24.22,52.74,20.25,1.47
2016-02-18,2016,2,18,49,0.0,34.2,15.93,24.58,45.89,21.49,2.12
2016-02-19,2016,2,19,50,0.0,34.35,17.42,24.75,59.08,19.07,2.31
2016-02-20,2016,2,20,51,0.0,33.85,18.66,25.42,55.71,19.83,1.6
2016-02-21,2016,2,21,52,0.0,35.39,19.61,26.64,47.66,19.39,1.85
2016-02-22,2016,2,22,53,0.0,36.11,19.32,26.0,34.95,20.7,2.03
2016-02-23,2016,2,23,54,0.0,37.79,17.78,26.08,31.45,21.92,2.06
2016-02-24,2016,2,24,55,0.0,33.47,17.13,23.94,42.3,22.63,2.36
2016-02-25,2016,2,25,56,0.0,33.44,16.54,23.68,52.42,20.46,1.83
2016-02-26,2016,2,26,57,0.0,33.49,18.26,24.65,41.65,19.69,1.45
2016-02-27,2016,2,27,58,0.0,35.7,17.17,25.99,35.81,21.15,1.81
2016-02-28,2016,2,28,59,0.39,35.94,19.85,26.93,37.59,19.28,1.58
2016-02-29,2016,2,29,60,1.41,36.05,21.65,28.03,42.88,17.52,1.16
2016-03-01,2016,3,1,61,0.27,34.96,22.31,27.98,46.81,17.52,1.8
2016-03-02,2016,3,2,62,2.65,35.08,21.2,27.53,53.11,18.74,1.59
2016-03-03,2016,3,3,63,0.64,34.12,21.5,27.21,51.2,18.89,2.09
2016-03-04,2016,3,4,64,1.5,34.35,22.03,27.95,46.28,17.45,1.1
2016-03-05,2016,3,5,65,0.0,35.78,21.29,27.62,39.9,22.3,1.67
2016-03-06,2016,3,6,66,0.0,34.49,19.44,26.09,35.08,19.74,2.0
2016-03-07,2016,3,7,67,0.0,36.09,19.17,26.31,30.05,23.89,1.83
2016-03-08,2016,3,8,68,0.0,36.61,17.72,26.45,30.97,22.76,1.75
2016-03-09,2016,3,9,69,0.0,35.84,18.8,26.4,31.33,23.68,2.04
2016-03-10,2016,3,10,70,0.0,38.38,19.09,28.29,27.14,24.35,1.35
2016-03-11,2016,3,11,71,0.0,38.42,19.94,28.3,29.7,22.95,1.93
2016-03-12,2016,3,12,72,0.0,36.4,19.95,26.65,37.44,22.61,2.62
2016-03-13,2016,3,13,73,0.0,32.97,17.35,23.74,50.41,24.41,2.85
2016-03-14,2016,3,14,74,0.0,33.86,14.63,23.72,54.89,25.73,2.41
2016-03-15,2016,3,15,75,0.0,35.59,15.16,24.57,50.28,25.27,2.18
2016-03-16,2016,3,16,76,0.0,35.59,16.01,25.02,48.39,25.05,1.97
2016-03-17,2016,3,17,77,0.0,36.08,18.39,25.86,44.59,24.91,2.17
2016-03-18,2016,3,18,78,0.0,38.57,18.76,27.7,41.91,24.63,2.15
2016-03-19,2016,3,19,79,0.0,38.8,19.6,28.51,36.07,24.53,2.4
2016-03-20,2016,3,20,80,0.0,38.52,20.47,28.69,29.74,24.81,2.8
2016-03-21,2016,3,21,81,0.0,37.42,20.85,28.08,28.06,25.48,2.78
2016-03-22,2016,3,22,82,0.0,38.51,18.83,27.82,20.44,26.28,1.72
2016-03-23,2016,3,23,83,0.0,39.53,19.64,28.86,20.77,25.65,1.52
2016-03-24,2016,3,24,84,0.0,39.91,21.02,29.54,29.53,23.78,1.17
2016-03-25,2016,3,25,85,0.0,39.7,21.77,29.19,43.9,21.63,2.16
2016-03-26,2016,3,26,86,0.0,39.55,22.88,29.96,39.88,22.12,2.19
2016-03-27,2016,3,27,87,0.03,39.2,22.0,29.48,35.66,22.03,2.12
2016-03-28,2016,3,28,88,0.01,39.28,21.78,29.65,31.05,24.18,1.77
2016-03-29,2016,3,29,89,0.0,38.64,21.39,28.81,28.65,25.1,1.95
2016-03-30,2016,3,30,90,0.0,39.56,19.86,28.75,35.16,25.51,2.1
2016-03-31,2016,3,31,91,0.0,37.74,18.67,27.64,42.62,26.1,2.57
2016-04-01,2016,4,1,92,0.0,39.09,18.28,27.98,43.87,26.49,2.26
2016-04-02,2016,4,2,93,0.0,40.56,19.13,28.67,46.16,25.42,2.05
2016-04-03,2016,4,3,94,0.0,39.65,20.19,28.73,51.43,23.31,2.68
2016-04-04,2016,4,4,95,0.02,38.12,22.06,29.77,44.28,19.91,2.24
2016-04-05,2016,4,5,96,0.38,36.57,23.11,28.96,45.62,14.15,2.18
2016-04-06,2016,4,6,97,0.28,38.44,20.87,28.77,42.96,22.48,2.2
2016-04-07,2016,4,7,98,0.05,38.86,19.79,28.54,41.94,25.52,2.55
2016-04-08,2016,4,8,99,0.0,39.58,19.91,29.2,29.41,25.55,2.32
2016-04-09,2016,4,9,100,0.0,38.94,20.04,28.92,28.73,23.84,2.24
2016-04-10,2016,4,10,101,0.0,39.14,20.29,29.14,37.7,24.5,2.54
2016-04-11,2016,4,11,102,0.0,39.32,21.49,30.02,36.43,24.23,2.75
2016-04-12,2016,4,12,103,0.0,40.21,21.41,29.87,32.9,26.44,2.73
2016-04-13,2016,4,13,104,0.0,38.78,19.92,28.59,42.2,27.45,2.74
2016-04-14,2016,4,14,105,0.0,40.98,18.77,29.08,45.42,27.72,2.32
2016-04-15,2016,4,15,106,0.0,41.5,19.51,29.54,37.18,28.07,2.55
2016-04-16,2016,4,16,107,0.0,40.56,19.48,29.01,44.68,26.8,2.99
2016-04-17,2016,4,17,108,0.0,38.77,18.3,27.99,48.9,27.94,2.96
2016-04-18,2016,4,18,109,0.0,41.06,20.85,29.9,49.43,27.18,2.77
2016-04-19,2016,4,19,110,0.56,40.24,21.79,30.0,49.22,23.93,2.68
2016-04-20,2016,4,20,111,0.57,40.33,23.02,30.38,50.62,17.35,3.11
2016-04-21,2016,4,21,112,0.0,39.76,23.19,29.65,46.29,25.27,3.22
2016-04-22,2016,4,22,113,0.0,36.68,20.38,27.15,50.97,27.58,3.6
2016-04-23,2016,4,23,114,0.0,36.51,18.64,26.43,57.58,28.26,3.29
2016-04-24,2016,4,24,115,0.0,36.06,18.66,26.73,57.03,27.92,3.08
2016-04-25,2016,4,25,116,0.0,38.37,19.3,27.55,50.8,28.02,2.43
2016-04-26,2016,4,26,117,0.0,40.23,18.59,28.99,44.39,27.79,2.42
2016-04-27,2016,4,27,118,0.0,41.0,21.66,30.84,31.52,26.38,2.31
2016-04-28,2016,4,28,119,0.0,40.81,23.44,31.25,31.61,23.36,2.14
2016-04-29,2016,4,29,120,0.0,39.17,22.91,30.12,41.53,25.29,2.65
2016-04-30,2016,4,30,121,0.0,40.6,21.22,30.0,45.29,26.79,2.81
2016-05-01,2016,5,1,122,0.0,39.72,20.99,29.45,42.9,27.42,2.75
2016-05-02,2016,5,2,123,0.0,39.47,21.12,29.29,49.72,27.92,3.43
2016-05-03,2016,5,3,124,0.0,40.48,20.19,29.75,44.96,27.89,2.87
2016-05-04,2016,5,4,125,0.0,38.29,20.13,28.61,47.71,27.07,2.77
2016-05-05,2016,5,5,126,0.0,37.88,21.72,28.49,54.97,25.92,2.93
2016-05-06,2016,5,6,127,0.0,37.19,20.64,28.11,51.84,27.89,3.03
2016-05-07,2016,5,7,128,0.01,37.67,20.79,28.46,53.22,27.77,2.48
2016-05-08,2016,5,8,129,0.45,38.55,21.25,28.9,55.95,24.43,2.69
2016-05-09,2016,5,9,130,1.68,38.22,22.86,29.82,50.49,25.06,2.26
2016-05-10,2016,5,10,131,1.79,37.8,23.41,29.76,50.51,20.93,2.05
2016-05-11,2016,5,11,132,0.38,39.0,24.14,30.28,48.89,23.73,2.41
2016-05-12,2016,5,12,133,0.88,39.22,22.72,30.17,51.75,25.13,2.95
2016-05-13,2016,5,13,134,0.42,39.08,22.89,29.77,58.25,25.34,3.08
2016-05-14,2016,5,14,135,1.37,38.69,24.27,30.35,56.39,22.42,2.86
2016-05-15,2016,5,15,136,0.0,39.28,24.34,31.01,51.04,24.29,3.17
2016-05-16,2016,5,16,137,0.0,39.72,22.75,30.52,51.8,26.29,2.84
2016-05-17,2016,5,17,138,0.0,38.24,23.52,29.59,58.13,26.29,2.97
2016-05-18,2016,5,18,139,0.0,38.9,23.93,30.04,61.08,22.46,3.71
2016-05-19,2016,5,19,140,0.01,36.7,24.29,29.25,62.68,24.57,4.27
2016-05-20,2016,5,20,141,0.0,35.85,24.44,28.71,64.63,24.07,5.17
2016-05-21,2016,5,21,142,0.0,35.88,23.78,28.49,66.41,24.85,5.3
2016-05-22,2016,5,22,143,0.0,37.37,23.83,28.95,64.24,26.05,4.75
2016-05-23,2016,5,23,144,0.08,36.48,23.88,28.65,66.61,24.79,4.94
2016-05-24,2016,5,24,145,0.03,36.73,23.95,28.93,63.06,25.82,4.31
2016-05-25,2016,5,25,146,0.01,34.87,23.76,28.28,65.69,24.92,4.63
2016-05-26,2016,5,26,147,0.03,35.25,24.12,28.62,67.11,24.91,4.14
2016-05-27,2016,5,27,148,0.02,36.37,23.92,29.04,65.38,24.97,4.01
2016-05-28,2016,5,28,149,0.0,36.38,23.85,28.93,65.51,25.09,4.16
2016-05-29,2016,5,29,150,0.01,36.17,23.77,28.89,63.04,25.88,4.2
2016-05-30,2016,5,30,151,0.02,37.1,22.99,29.09,59.68,26.9,3.74
2016-05-31,2016,5,31,152,0.0,37.53,22.99,29.17,58.85,26.26,3.74
2016-06-01,2016,6,1,153,0.31,38.36,23.46,29.79,57.12,24.53,3.73
2016-06-02,2016,6,2,154,1.74,37.84,23.57,29.5,59.42,23.56,3.8
2016-06-03,2016,6,3,155,0.85,37.84,23.65,29.33,61.92,23.29,3.69
2016-06-04,2016,6,4,156,14.89,35.29,24.21,28.22,70.37,17.77,3.92
2016-06-05,2016,6,5,157,11.47,32.54,24.11,27.04,77.29,17.68,3.56
2016-06-06,2016,6,6,158,5.91,31.1,23.63,26.52,75.32,7.48,3.15
2016-06-07,2016,6,7,159,0.13,33.91,23.5,27.62,71.17,18.8,3.74
2016-06-08,2016,6,8,160,0.71,31.94,24.25,27.19,76.15,19.48,3.74
2016-06-09,2016,6,9,161,1.55,31.97,24.27,26.83,76.61,21.59,3.66
2016-06-10,2016,6,10,162,3.64,30.27,23.6,26.42,78.74,14.58,3.76
2016-06-11,2016,6,11,163,7.09,28.62,23.54,25.45,81.9,11.37,4.12
2016-06-12,2016,6,12,164,4.37,30.06,23.5,25.94,81.16,16.25,4.61
2016-06-13,2016,6,13,165,2.34,30.24,23.81,26.11,81.7,19.77,4.92
2016-06-14,2016,6,14,166,1.35,31.94,23.4,26.44,77.37,20.35,4.81
2016-06-15,2016,6,15,167,0.83,31.92,22.8,26.47,75.43,20.39,5.24
2016-06-16,2016,6,16,168,0.24,32.48,23.3,26.77,73.65,20.35,4.95
2016-06-17,2016,6,17,169,0.72,32.33,23.0,26.54,72.91,20.13,4.61
2016-06-18,2016,6,18,170,1.73,31.84,22.97,26.42,75.06,14.3,4.64
2016-06-19,2016,6,19,171,6.07,29.12,23.31,25.48,79.08,7.18,4.35
2016-06-20,2016,6,20,172,21.12,27.85,22.26,24.31,85.18,10.3,3.43
2016-06-21,2016,6,21,173,20.25,28.35,22.21,24.56,86.88,15.9,4.25
2016-06-22,2016,6,22,174,5.27,29.76,21.8,24.66,83.4,18.99,2.98
2016-06-23,2016,6,23,175,11.27,29.6,21.66,24.41,82.68,16.38,4.35
2016-06-24,2016,6,24,176,22.18,27.4,22.35,24.49,85.22,12.88,4.12
2016-06-25,2016,6,25,177,63.89,25.74,22.53,23.96,91.27,9.03,4.2
2016-06-26,2016,6,26,178,30.29,28.72,21.95,24.47,84.76,11.52,4.6
2016-06-27,2016,6,27,179,19.65,28.46,22.16,24.37,87.7,11.32,4.57
2016-06-28,2016,6,28,180,35.48,28.03,22.88,24.8,88.55,8.42,4.6
2016-06-29,2016,6,29,181,15.58,27.84,22.88,24.64,87.55,9.71,4.85
2016-06-30,2016,6,30,182,18.79,27.88,23.11,24.69,88.39,10.88,4.57
2016-07-01,2016,7,1,183,28.58,27.68,22.66,24.63,89.4,9.73,5.16
2016-07-02,2016,7,2,184,78.15,25.89,23.37,24.19,93.24,6.3,5.85
2016-07-03,2016,7,3,185,64.35,26.21,22.62,24.15,93.61,6.89,5.59
2016-07-04,2016,7,4,186,38.18,26.82,22.6,24.31,91.81,9.15,5.17
2016-07-05,2016,7,5,187,22.98,26.19,22.83,24.14,92.03,7.89,4.93
2016-07-06,2016,7,6,188,12.4,27.58,22.75,24.31,90.06,8.83,5.03
2016-07-07,2016,7,7,189,9.52,27.8,22.31,24.38,87.63,8.7,5.21
2016-07-08,2016,7,8,190,21.3,26.14,22.32,23.87,91.05,8.56,5.18
2016-07-09,2016,7,9,191,30.57,24.77,22.38,23.43,93.62,6.87,6.12
2016-07-10,2016,7,10,192,69.76,25.17,22.92,23.62,94.53,4.97,6.42
2016-07-11,2016,7,11,193,44.15,25.39,22.56,23.58,94.36,5.12,6.27
2016-07-12,2016,7,12,194,23.05,25.94,22.25,23.55,92.7,10.1,5.68
2016-07-13,2016,7,13,195,18.15,27.08,21.9,23.97,89.97,13.69,5.33
2016-07-14,2016,7,14,196,12.1,27.22,21.47,23.83,89.92,11.19,4.28
2016-07-15,2016,7,15,197,8.55,27.58,21.49,23.81,90.12,9.65,3.71
2016-07-16,2016,7,16,198,8.71,27.65,21.36,23.81,89.76,13.12,4.12
2016-07-17,2016,7,17,199,8.67,27.18,21.52,23.72,89.34,11.0,3.37
2016-07-18,2016,7,18,200,21.13,26.86,21.45,23.61,90.23,6.87,4.12
2016-07-19,2016,7,19,201,31.84,25.33,21.62,23.13,92.08,5.98,4.41
2016-07-20,2016,7,20,202,21.62,25.41,21.85,23.11,92.69,8.58,4.08
2016-07-21,2016,7,21,203,9.92,25.57,21.59,22.91,92.93,9.44,3.54
2016-07-22,2016,7,22,204,14.92,25.34,21.81,22.96,93.09,7.73,3.93
2016-07-23,2016,7,23,205,11.9,26.34,21.55,23.13,92.54,11.24,3.55
2016-07-24,2016,7,24,206,3.63,26.21,21.24,23.19,91.88,15.94,3.12
2016-07-25,2016,7,25,207,3.99,26.1,21.19,23.13,90.93,16.2,2.68
2016-07-26,2016,7,26,208,11.03,26.48,20.86,23.27,90.31,12.94,2.35
2016-07-27,2016,7,27,209,8.86,26.52,20.85,23.15,90.45,11.01,2.53
2016-07-28,2016,7,28,210,11.98,26.36,20.87,23.17,91.23,12.47,3.23
2016-07-29,2016,7,29,211,31.19,24.54,21.05,22.62,93.02,13.06,3.49
2016-07-30,2016,7,30,212,17.06,25.49,21.7,23.09,92.99,9.73,3.82
2016-07-31,2016,7,31,213,52.4,24.53,22.13,23.0,94.66,8.35,4.42
2016-08-01,2016,8,1,214,79.12,23.96,22.18,22.88,95.43,7.02,5.66
2016-08-02,2016,8,2,215,93.27,23.46,22.0,22.54,95.7,4.56,6.08
2016-08-03,2016,8,3,216,92.52,23.9,21.92,22.8,96.0,6.84,5.88
2016-08-04,2016,8,4,217,30.04,25.03,22.08,23.2,93.9,13.79,5.76
2016-08-05,2016,8,5,218,54.15,25.18,22.46,23.43,94.85,5.39,6.4
2016-08-06,2016,8,6,219,27.39,25.48,22.11,23.32,92.95,9.5,6.42
2016-08-07,2016,8,7,220,16.68,24.53,21.72,22.86,93.37,12.1,5.75
2016-08-08,2016,8,8,221,17.34,25.98,21.46,23.18,92.12,9.9,5.65
2016-08-09,2016,8,9,222,19.2,25.78,21.81,23.24,92.72,13.14,5.49
2016-08-10,2016,8,10,223,21.66,25.93,21.71,23.18,92.01,11.3,5.45
2016-08-11,2016,8,11,224,17.57,25.37,21.48,22.98,92.38,10.94,4.45
2016-08-12,2016,8,12,225,11.08,26.79,21.29,23.4,91.56,13.49,4.21
2016-08-13,2016,8,13,226,4.31,26.43,21.48,23.25,91.14,14.52,4.26
2016-08-14,2016,8,14,227,1.83,26.03,21.06,22.86,90.83,13.52,4.68
2016-08-15,2016,8,15,228,3.43,26.29,21.03,22.99,90.82,13.55,5.05
2016-08-16,2016,8,16,229,2.41,26.53,21.16,23.16,90.53,16.27,5.02
2016-08-17,2016,8,17,230,2.45,26.99,21.1,23.2,89.64,17.5,4.64
2016-08-18,2016,8,18,231,5.74,26.73,20.68,22.95,89.71,15.56,3.81
2016-08-19,2016,8,19,232,2.33,26.31,20.22,22.72,90.29,18.41,3.11
2016-08-20,2016,8,20,233,1.89,25.48,20.57,22.52,91.59,18.96,3.45
2016-08-21,2016,8,21,234,3.83,27.32,21.24,23.62,89.7,15.12,4.14
2016-08-22,2016,8,22,235,8.76,27.32,21.01,23.41,90.14,11.46,3.76
2016-08-23,2016,8,23,236,20.81,26.51,21.43,23.46,91.58,10.71,3.44
2016-08-24,2016,8,24,237,12.93,27.02,21.25,23.55,90.86,9.93,3.45
2016-08-25,2016,8,25,238,5.15,26.68,20.54,22.92,89.77,13.19,2.64
2016-08-26,2016,8,26,239,14.34,27.29,20.36,23.15,90.72,9.69,2.66
2016-08-27,2016,8,27,240,31.43,26.71,21.09,23.12,91.58,10.27,2.95
2016-08-28,2016,8,28,241,21.75,27.23,20.88,23.24,92.36,9.57,2.72
2016-08-29,2016,8,29,242,7.11,27.83,20.89,23.58,91.69,10.99,2.82
2016-08-30,2016,8,30,243,7.82,26.78,21.37,23.37,92.37,11.77,2.57
2016-08-31,2016,8,31,244,2.62,26.66,20.82,23.03,90.47,14.88,2.55
2016-09-01,2016,9,1,245,6.64,26.37,20.53,22.87,90.66,13.29,2.99
2016-09-02,2016,9,2,246,6.65,26.32,20.36,22.75,90.02,13.46,2.74
2016-09-03,2016,9,3,247,6.05,25.83,20.18,22.41,90.13,10.71,2.85
2016-09-04,2016,9,4,248,1.75,26.12,19.34,22.17,89.84,18.34,2.63
2016-09-05,2016,9,5,249,1.78,26.01,19.41,21.96,90.02,20.56,2.69
2016-09-06,2016,9,6,250,1.85,26.2,18.95,21.96,89.3,19.76,2.73
2016-09-07,2016,9,7,251,2.36,26.04,19.13,21.8,89.22,18.79,2.63
2016-09-08,2016,9,8,252,1.67,26.31,18.4,21.78,88.88,18.23,2.24
2016-09-09,2016,9,9,253,1.62,25.8,18.54,21.86,89.52,19.62,1.97
2016-09-10,2016,9,10,254,2.9,25.01,19.58,21.9,90.64,13.9,1.73
2016-09-11,2016,9,11,255,4.47,25.55,19.79,22.19,90.19,13.38,2.05
2016-09-12,2016,9,12,256,0.67,26.73,19.03,22.31,88.5,17.74,1.61
2016-09-13,2016,9,13,257,1.74,27.2,19.87,22.95,86.18,18.04,1.43
2016-09-14,2016,9,14,258,9.37,27.0,20.51,23.12,89.43,12.33,1.89
2016-09-15,2016,9,15,259,18.08,26.69,21.06,23.06,92.29,6.27,2.68
2016-09-16,2016,9,16,260,35.18,24.96,21.78,23.04,95.12,9.25,3.26
2016-09-17,2016,9,17,261,80.09,23.91,22.43,22.97,96.17,6.95,4.44
2016-09-18,2016,9,18,262,32.38,24.32,21.48,22.75,95.7,8.34,4.76
2016-09-19,2016,9,19,263,14.68,24.97,20.46,22.15,92.31,11.07,4.24
2016-09-20,2016,9,20,264,24.94,25.55,20.66,22.48,92.72,8.66,4.3
2016-09-21,2016,9,21,265,45.97,25.27,21.3,22.82,94.52,7.85,2.99
2016-09-22,2016,9,22,266,39.67,25.43,22.06,23.2,94.49,8.42,3.22
2016-09-23,2016,9,23,267,32.39,25.42,22.11,23.42,94.91,9.09,2.63
2016-09-24,2016,9,24,268,29.47,25.42,22.0,23.13,94.35,8.54,3.5
2016-09-25,2016,9,25,269,5.57,25.63,21.65,23.17,93.75,14.29,2.89
2016-09-26,2016,9,26,270,4.68,26.2,21.26,23.17,93.01,12.68,2.79
2016-09-27,2016,9,27,271,5.44,27.65,20.51,23.44,91.29,12.21,2.51
2016-09-28,2016,9,28,272,1.71,27.71,20.36,23.45,90.37,18.08,2.27
2016-09-29,2016,9,29,273,0.8,27.32,20.08,23.13,90.81,15.62,2.41
2016-09-30,2016,9,30,274,0.3,25.73,19.75,22.33,91.01,18.43,2.44
2016-10-01,2016,10,1,275,27.58,25.02,19.88,22.03,93.32,5.83,2.27
2016-10-02,2016,10,2,276,14.74,25.66,20.0,22.27,93.74,6.23,2.36
2016-10-03,2016,10,3,277,12.1,26.8,21.05,23.19,92.98,6.62,3.11
2016-10-04,2016,10,4,278,16.27,25.02,20.27,22.42,92.81,7.56,3.5
2016-10-05,2016,10,5,279,6.77,25.66,20.0,22.06,92.24,11.93,3.17
2016-10-06,2016,10,6,280,2.25,25.98,19.41,22.05,91.94,14.95,2.48
2016-10-07,2016,10,7,281,0.95,27.59,19.45,22.91,90.9,18.97,1.71
2016-10-08,2016,10,8,282,0.69,26.94,19.67,22.85,90.44,19.49,1.51
2016-10-09,2016,10,9,283,4.54,28.35,20.11,23.73,89.62,17.22,1.32
2016-10-10,2016,10,10,284,7.07,28.6,20.43,23.82,86.6,17.33,1.3
2016-10-11,2016,10,11,285,2.8,28.44,20.44,23.68,86.6,18.7,1.13
2016-10-12,2016,10,12,286,1.06,28.34,19.93,23.16,86.45,18.91,1.25
2016-10-13,2016,10,13,287,0.03,28.28,18.25,22.67,83.73,19.43,1.06
2016-10-14,2016,10,14,288,1.15,28.13,17.67,22.58,81.63,18.98,1.43
2016-10-15,2016,10,15,289,0.03,27.63,17.34,22.2,77.22,18.79,1.56
2016-10-16,2016,10,16,290,0.0,27.56,16.12,21.69,75.07,18.69,1.47
2016-10-17,2016,10,17,291,0.0,27.54,16.94,22.0,73.31,13.71,1.43
2016-10-18,2016,10,18,292,0.0,27.32,15.68,21.03,72.49,19.97,1.75
2016-10-19,2016,10,19,293,0.0,27.77,15.14,21.24,72.13,19.9,1.58
2016-10-20,2016,10,20,294,0.0,28.05,15.23,21.39,69.77,21.29,1.53
2016-10-21,2016,10,21,295,0.0,27.86,14.71,21.13,69.91,20.42,1.55
2016-10-22,2016,10,22,296,0.0,27.92,14.66,20.93,73.31,19.95,1.36
2016-10-23,2016,10,23,297,0.0,27.98,14.96,20.95,75.69,19.25,1.32
2016-10-24,2016,10,24,298,0.0,26.93,15.45,20.51,79.57,16.53,1.23
2016-10-25,2016,10,25,299,0.0,27.08,14.77,20.05,78.28,19.63,1.19
2016-10-26,2016,10,26,300,0.0,26.74,13.76,19.58,74.93,20.09,1.77
2016-10-27,2016,10,27,301,0.0,27.15,14.5,20.0,75.0,19.44,2.2
2016-10-28,2016,10,28,302,0.0,27.25,13.72,19.97,68.46,20.81,1.81
2016-10-29,2016,10,29,303,0.0,26.73,12.97,19.38,62.53,20.71,1.47
2016-10-30,2016,10,30,304,0.0,27.16,12.02,19.63,70.77,19.63,1.62
2016-10-31,2016,10,31,305,0.0,27.68,17.31,21.64,83.02,17.66,2.53
2016-11-01,2016,11,1,306,0.0,27.02,15.3,20.0,73.13,19.66,2.53
2016-11-02,2016,11,2,307,0.0,26.95,13.41,19.4,69.45,19.9,2.13
2016-11-03,2016,11,3,308,0.0,26.22,13.57,18.85,72.03,20.02,2.25
2016-11-04,2016,11,4,309,0.0,25.71,12.56,19.07,68.2,19.99,1.47
2016-11-05,2016,11,5,310,0.0,26.31,12.86,19.27,71.8,19.05,1.46
2016-11-06,2016,11,6,311,0.0,25.84,12.78,19.01,68.77,18.75,1.55
2016-11-07,2016,11,7,312,0.0,26.47,13.03,18.72,68.16,19.03,1.85
2016-11-08,2016,11,8,313,0.0,26.53,12.1,18.63,64.62,19.25,1.96
2016-11-09,2016,11,9,314,0.0,26.12,12.09,18.44,64.67,19.65,1.99
2016-11-10,2016,11,10,315,0.0,26.21,11.72,18.31,63.2,19.86,1.92
2016-11-11,2016,11,11,316,0.0,26.16,11.14,18.08,61.52,19.28,1.83
2016-11-12,2016,11,12,317,0.0,26.02,11.05,17.69,64.84,18.39,2.09
2016-11-13,2016,11,13,318,0.0,26.38,11.51,18.52,66.57,17.21,1.88
2016-11-14,2016,11,14,319,0.0,27.14,13.48,19.8,70.75,15.83,1.88
2016-11-15,2016,11,15,320,0.01,27.87,15.13,20.9,74.55,14.92,1.85
2016-11-16,2016,11,16,321,0.03,28.15,16.45,21.41,79.99,15.02,2.27
2016-11-17,2016,11,17,322,0.0,26.99,15.28,19.92,72.32,16.96,2.79
2016-11-18,2016,11,18,323,0.0,26.73,13.17,19.07,66.77,15.01,2.61
2016-11-19,2016,11,19,324,0.0,25.97,13.64,18.58,61.47,16.98,2.35
2016-11-20,2016,11,20,325,0.0,27.06,11.29,18.35,58.06,18.56,2.08
2016-11-21,2016,11,21,326,0.0,27.03,10.96,18.33,58.34,18.71,1.84
2016-11-22,2016,11,22,327,0.0,27.25,11.53,18.81,57.27,18.67,1.97
2016-11-23,2016,11,23,328,0.0,27.27,11.41,18.65,59.36,18.85,1.9
2016-11-24,2016,11,24,329,0.0,27.03,12.38,18.71,59.26,18.32,2.28
2016-11-25,2016,11,25,330,0.0,27.12,11.99,18.46,59.0,18.78,2.62
2016-11-26,2016,11,26,331,0.0,28.13,11.81,19.14,55.51,19.21,2.18
2016-11-27,2016,11,27,332,0.0,28.59,11.9,19.34,56.75,19.24,1.96
2016-11-28,2016,11,28,333,0.0,29.52,12.26,20.41,53.23,18.98,1.66
2016-11-29,2016,11,29,334,0.0,29.54,12.57,20.56,54.2,19.02,1.42
2016-11-30,2016,11,30,335,0.0,28.69,12.21,20.08,54.73,18.73,1.61
2016-12-01,2016,12,1,336,0.0,28.19,12.28,20.19,56.47,16.75,1.6
2016-12-02,2016,12,2,337,0.0,27.32,13.11,19.22,64.72,17.71,2.2
2016-12-03,2016,12,3,338,0.0,28.35,13.64,20.16,69.8,17.36,3.09
2016-12-04,2016,12,4,339,0.0,28.21,17.0,21.97,79.42,14.83,2.67
2016-12-05,2016,12,5,340,0.0,27.54,16.51,21.45,73.69,15.76,2.08
2016-12-06,2016,12,6,341,0.0,26.68,14.08,19.16,62.8,17.49,2.32
2016-12-07,2016,12,7,342,0.0,26.66,11.71,18.02,61.46,17.2,2.56
2016-12-08,2016,12,8,343,0.0,26.7,11.09,18.44,56.4,17.8,1.75
2016-12-09,2016,12,9,344,0.0,26.21,9.99,17.8,52.27,18.45,1.63
2016-12-10,2016,12,10,345,0.0,26.1,8.91,16.92,52.13,18.32,1.62
2016-12-11,2016,12,11,346,0.0,26.82,9.47,17.32,55.88,18.53,2.06
2016-12-12,2016,12,12,347,0.0,27.68,10.87,18.18,56.0,18.47,2.07
2016-12-13,2016,12,13,348,0.0,28.15,11.56,18.58,57.69,18.43,2.38
2016-12-14,2016,12,14,349,0.0,27.34,14.03,19.99,68.74,11.78,2.91
2016-12-15,2016,12,15,350,0.0,28.2,15.87,21.59,75.73,13.97,2.47
2016-12-16,2016,12,16,351,0.0,28.52,15.81,21.99,68.38,15.17,2.3
2016-12-17,2016,12,17,352,0.0,28.1,15.64,21.35,67.97,14.79,1.65
2016-12-18,2016,12,18,353,0.0,27.86,14.1,20.2,65.03,17.18,1.42
2016-12-19,2016,12,19,354,0.0,27.54,11.78,19.47,56.87,17.76,1.46
2016-12-20,2016,12,20,355,0.0,27.46,11.52,18.57,53.06,18.04,2.27
2016-12-21,2016,12,21,356,0.0,27.65,10.63,18.79,47.77,17.66,1.82
2016-12-22,2016,12,22,357,0.0,28.73,10.58,18.82,49.45,18.15,1.74
2016-12-23,2016,12,23,358,0.0,28.96,10.46,19.1,46.14,18.6,1.7
2016-12-24,2016,12,24,359,0.0,29.58,11.21,20.22,42.6,18.55,1.4
2016-12-25,2016,12,25,360,0.0,28.84,11.58,19.78,46.74,18.15,1.41
2016-12-26,2016,12,26,361,0.0,28.41,10.96,19.11,49.07,17.3,1.81
2016-12-27,2016,12,27,362,0.0,27.69,10.67,17.98,43.3,17.95,2.43
2016-12-28,2016,12,28,363,0.0,27.71,10.5,18.24,41.79,17.77,2.47
2016-12-29,2016,12,29,364,0.0,28.07,10.33,18.27,47.16,18.05,2.22
2016-12-30,2016,12,30,365,0.0,28.1,10.99,19.26,45.1,17.36,1.98
2016-12-31,2016,12,31,366,0.0,27.75,10.98,19.42,49.3,17.25,1.42
2017-01-01,2017,1,1,1,0.0,27.69,12.05,19.59,54.49,16.79,1.13
2017-01-02,2017,1,2,2,0.0,27.95,12.14,19.29,51.82,16.64,1.38
2017-01-03,2017,1,3,3,0.0,27.87,11.35,18.2,45.65,18.01,2.43
2017-01-04,2017,1,4,4,0.0,27.53,10.14,18.3,44.55,18.41,1.79
2017-01-05,2017,1,5,5,0.0,27.82,10.0,18.61,46.13,18.29,1.5
2017-01-06,2017,1,6,6,0.0,27.66,11.66,18.3,51.7,18.27,1.46
2017-01-07,2017,1,7,7,0.0,26.62,11.68,17.56,58.88,18.42,1.18
2017-01-08,2017,1,8,8,0.0,26.81,11.47,17.46,73.29,18.6,1.39
2017-01-09,2017,1,9,9,0.0,26.37,11.81,17.58,73.29,18.18,1.61
2017-01-10,2017,1,10,10,0.0,27.15,9.07,17.12,51.85,19.14,1.31
2017-01-11,2017,1,11,11,0.0,26.82,8.46,16.39,48.41,18.59,1.69
2017-01-12,2017,1,12,12,0.0,26.72,8.2,17.01,47.47,18.51,1.5
2017-01-13,2017,1,13,13,0.0,27.11,11.48,18.58,49.83,17.62,1.11
2017-01-14,2017,1,14,14,0.0,27.3,11.31,18.57,58.74,15.33,2.18
2017-01-15,2017,1,15,15,0.0,28.15,13.15,19.97,69.48,15.0,1.45
2017-01-16,2017,1,16,16,0.0,27.87,13.45,19.9,66.65,14.05,1.28
2017-01-17,2017,1,17,17,0.0,28.37,14.27,20.14,59.64,14.72,1.16
2017-01-18,2017,1,18,18,0.0,28.75,13.12,20.43,51.64,16.11,1.62
2017-01-19,2017,1,19,19,0.0,28.02,13.15,19.51,49.84,17.5,2.46
2017-01-20,2017,1,20,20,0.0,28.19,12.58,19.48,46.43,16.02,2.75
2017-01-21,2017,1,21,21,0.0,29.72,12.62,20.57,47.22,18.72,2.1
2017-01-22,2017,1,22,22,0.0,31.06,13.85,22.09,46.64,19.07,1.8
2017-01-23,2017,1,23,23,0.0,31.09,14.8,22.35,45.55,18.99,2.14
2017-01-24,2017,1,24,24,0.0,31.13,15.34,22.42,44.72,17.61,2.4
2017-01-25,2017,1,25,25,0.0,30.58,14.75,22.18,44.22,17.61,2.28
2017-01-26,2017,1,26,26,0.0,31.19,14.37,21.81,48.57,17.25,1.86
2017-01-27,2017,1,27,27,0.0,30.27,14.1,21.16,50.98,18.88,1.24
2017-01-28,2017,1,28,28,0.0,30.85,13.91,21.04,40.74,18.84,2.81
2017-01-29,2017,1,29,29,0.0,31.17,13.33,21.6,34.17,18.8,2.33
2017-01-30,2017,1,30,30,0.0,31.92,13.5,22.37,35.46,19.38,1.48
2017-01-31,2017,1,31,31,0.0,32.17,14.59,22.27,39.33,19.5,1.31
2017-02-01,2017,2,1,32,0.0,32.65,13.56,22.78,36.51,19.97,1.25
2017-02-02,2017,2,2,33,0.0,32.62,14.39,23.78,34.45,19.83,1.38
2017-02-03,2017,2,3,34,0.0,32.07,14.75,22.91,46.55,19.41,1.56
2017-02-04,2017,2,4,35,0.0,32.32,15.02,22.37,53.54,19.51,1.59
2017-02-05,2017,2,5,36,0.0,31.35,14.7,21.24,66.75,19.56,1.77
2017-02-06,2017,2,6,37,0.0,31.01,13.33,20.74,57.05,20.04,1.5
2017-02-07,2017,2,7,38,0.0,31.9,12.59,21.34,41.15,20.97,1.48
2017-02-08,2017,2,8,39,0.0,33.24,14.67,22.52,43.95,19.91,1.72
2017-02-09,2017,2,9,40,0.0,32.58,14.49,22.28,43.92,19.91,1.4
2017-02-10,2017,2,10,41,0.0,33.01,14.53,22.51,42.91,19.81,1.96
2017-02-11,2017,2,11,42,0.0,30.91,15.68,21.91,47.24,20.61,1.89
2017-02-12,2017,2,12,43,0.0,32.26,13.1,21.88,47.01,20.12,1.49
2017-02-13,2017,2,13,44,0.0,32.74,15.28,23.75,38.33,20.84,1.81
2017-02-14,2017,2,14,45,0.0,32.7,16.34,23.6,39.25,21.49,3.15
2017-02-15,2017,2,15,46,0.0,32.6,17.4,23.82,40.45,20.31,3.14
2017-02-16,2017,2,16,47,0.0,33.43,15.66,23.61,35.81,21.38,3.22
2017-02-17,2017,2,17,48,0.0,34.43,16.29,24.28,32.57,21.63,3.06
2017-02-18,2017,2,18,49,0.0,35.13,16.38,24.84,30.77,23.06,2.72
2017-02-19,2017,2,19,50,0.0,35.15,16.81,25.07,31.36,23.49,1.88
2017-02-20,2017,2,20,51,0.0,34.99,18.41,24.99,35.88,22.93,2.03
2017-02-21,2017,2,21,52,0.0,32.27,15.99,22.76,51.56,23.62,2.35
2017-02-22,2017,2,22,53,0.0,34.6,14.87,23.23,51.33,23.86,1.89
2017-02-23,2017,2,23,54,0.0,36.33,15.36,24.99,37.42,23.87,1.69
2017-02-24,2017,2,24,55,0.0,36.12,17.09,25.65,28.82,24.05,2.17
2017-02-25,2017,2,25,56,0.0,35.92,16.86,25.36,20.27,23.89,2.86
2017-02-26,2017,2,26,57,0.0,36.04,16.55,25.73,20.39,24.26,1.71
2017-02-27,2017,2,27,58,0.0,35.93,15.6,25.98,20.2,24.3,1.76
2017-02-28,2017,2,28,59,0.0,36.15,15.67,25.57,25.85,22.67,1.74
2017-03-01,2017,3,1,60,0.0,36.29,16.84,26.01,26.76,23.57,1.66
2017-03-02,2017,3,2,61,0.0,36.02,16.86,25.77,29.29,22.87,1.9
2017-03-03,2017,3,3,62,0.0,35.85,17.42,25.32,34.61,23.17,2.09
2017-03-04,2017,3,4,63,0.0,34.76,17.46,24.42,34.19,24.72,2.03
2017-03-05,2017,3,5,64,0.0,35.25,15.18,24.2,38.07,25.26,1.84
2017-03-06,2017,3,6,65,0.0,34.53,17.61,24.25,36.69,25.28,1.84
2017-03-07,2017,3,7,66,0.0,32.87,15.7,23.07,44.6,25.19,2.05
2017-03-08,2017,3,8,67,0.0,33.07,15.79,23.54,47.8,24.06,2.36
2017-03-09,2017,3,9,68,0.0,33.19,15.89,23.34,42.64,25.42,2.39
2017-03-10,2017,3,10,69,0.0,29.51,14.62,21.14,66.74,23.13,3.15
2017-03-11,2017,3,11,70,0.0,30.28,14.83,21.41,59.54,24.26,2.92
2017-03-12,2017,3,12,71,0.0,32.71,10.97,21.13,39.65,26.0,1.4
2017-03-13,2017,3,13,72,0.0,35.12,13.57,23.66,27.02,25.77,1.98
2017-03-14,2017,3,14,73,0.0,35.72,16.17,25.1,26.08,25.61,1.56
2017-03-15,2017,3,15,74,0.01,35.86,16.95,26.31,33.74,23.75,2.03
2017-03-16,2017,3,16,75,0.0,35.68,18.91,25.9,39.96,24.83,2.13
2017-03-17,2017,3,17,76,0.0,35.3,17.23,25.3,36.14,25.81,2.26
2017-03-18,2017,3,18,77,0.0,36.09,17.23,25.83,37.97,24.8,2.18
2017-03-19,2017,3,19,78,0.0,35.74,17.99,25.63,37.36,25.46,2.58
2017-03-20,2017,3,20,79,0.0,36.38,15.79,25.43,39.02,26.1,1.64
2017-03-21,2017,3,21,80,0.0,37.13,16.86,26.5,39.08,26.21,1.62
2017-03-22,2017,3,22,81,0.0,38.23,17.82,27.6,30.59,25.69,1.44
2017-03-23,2017,3,23,82,0.0,39.01,19.79,28.69,28.74,25.26,1.68
2017-03-24,2017,3,24,83,0.0,38.9,19.49,28.7,33.28,24.47,1.8
2017-03-25,2017,3,25,84,0.0,39.67,20.19,29.56,31.02,24.07,1.53
2017-03-26,2017,3,26,85,0.0,39.92,21.04,30.05,26.54,23.94,1.8
2017-03-27,2017,3,27,86,0.0,40.89,20.99,30.62,22.66,25.38,1.83
2017-03-28,2017,3,28,87,0.01,41.2,22.28,30.42,33.84,23.96,2.07
2017-03-29,2017,3,29,88,0.01,40.96,20.81,29.59,49.8,23.55,2.24
2017-03-30,2017,3,30,89,0.01,39.51,21.42,29.26,53.73,22.69,2.1
2017-03-31,2017,3,31,90,0.22,39.84,20.99,30.3,41.15,23.06,1.71
2017-04-01,2017,4,1,91,0.09,38.78,22.47,29.52,33.67,20.09,2.44
2017-04-02,2017,4,2,92,0.0,37.74,21.04,28.26,38.58,25.05,2.89
2017-04-03,2017,4,3,93,0.0,37.8,19.91,27.72,39.83,25.98,2.69
2017-04-04,2017,4,4,94,0.0,37.6,19.95,27.61,45.06,26.97,2.79
2017-04-05,2017,4,5,95,0.0,37.54,19.09,27.31,54.06,26.7,2.84
2017-04-06,2017,4,6,96,0.0,37.49,19.25,27.48,52.15,27.47,2.72
2017-04-07,2017,4,7,97,0.0,37.03,17.81,26.66,46.98,27.29,2.86
2017-04-08,2017,4,8,98,0.0,40.06,17.09,27.89,31.68,28.3,1.85
2017-04-09,2017,4,9,99,0.0,41.02,19.57,30.05,20.31,26.88,1.64
2017-04-10,2017,4,10,100,0.0,40.55,22.99,31.04,15.93,26.34,1.37
2017-04-11,2017,4,11,101,0.0,40.59,20.52,30.39,19.37,26.26,2.08
2017-04-12,2017,4,12,102,0.0,40.82,21.71,30.37,19.09,27.33,1.74
2017-04-13,2017,4,13,103,0.0,41.55,21.15,30.48,22.93,26.95,1.74
2017-04-14,2017,4,14,104,0.0,41.37,21.62,30.33,31.48,26.23,2.27
2017-04-15,2017,4,15,105,0.0,40.42,20.14,29.35,47.27,26.33,2.46
2017-04-16,2017,4,16,106,0.0,41.34,19.89,29.83,38.64,26.23,2.7
2017-04-17,2017,4,17,107,0.0,41.28,20.51,29.94,39.43,26.09,2.71
2017-04-18,2017,4,18,108,0.0,41.21,20.6,30.32,31.92,26.8,2.91
2017-04-19,2017,4,19,109,0.0,39.59,20.85,29.25,37.05,27.03,2.86
2017-04-20,2017,4,20,110,0.0,39.13,19.88,28.18,51.29,27.23,3.26
2017-04-21,2017,4,21,111,0.0,37.96,19.45,27.42,52.79,26.88,3.22
2017-04-22,2017,4,22,112,0.0,36.16,18.73,26.66,53.44,27.07,3.25
2017-04-23,2017,4,23,113,0.0,36.46,18.79,26.92,53.71,26.93,2.97
2017-04-24,2017,4,24,114,0.0,36.28,18.92,26.82,53.41,27.28,3.02
2017-04-25,2017,4,25,115,0.0,36.45,18.73,26.76,49.6,27.46,3.09
2017-04-26,2017,4,26,116,0.0,37.93,19.15,27.31,52.25,28.25,2.92
2017-04-27,2017,4,27,117,0.0,39.78,19.53,28.85,46.57,28.22,2.32
2017-04-28,2017,4,28,118,0.0,39.58,19.08,28.83,43.57,26.48,2.21
2017-04-29,2017,4,29,119,0.0,38.81,20.41,28.82,42.25,26.53,2.23
2017-04-30,2017,4,30,120,0.0,38.45,20.32,28.25,43.04,27.52,2.39
2017-05-01,2017,5,1,121,0.0,39.52,20.5,29.25,45.52,26.79,2.17
2017-05-02,2017,5,2,122,0.0,39.4,20.96,29.64,41.13,26.59,2.8
2017-05-03,2017,5,3,123,0.0,40.04,21.13,30.03,46.47,25.44,2.25
2017-05-04,2017,5,4,124,0.23,39.76,22.99,30.87,43.43,23.83,1.92
2017-05-05,2017,5,5,125,0.23,41.38,24.01,32.06,41.7,24.55,2.07
2017-05-06,2017,5,6,126,0.57,41.05,23.24,31.18,42.92,24.95,2.7
2017-05-07,2017,5,7,127,0.27,39.65,22.05,30.33,45.79,23.92,2.94
2017-05-08,2017,5,8,128,0.01,39.71,23.91,30.87,40.65,25.94,2.91
2017-05-09,2017,5,9,129,0.01,39.92,21.62,29.93,48.33,27.4,3.04
2017-05-10,2017,5,10,130,0.0,40.14,21.42,30.02,43.92,27.5,2.82
2017-05-11,2017,5,11,131,0.01,40.22,21.47,30.37,44.43,26.62,2.69
2017-05-12,2017,5,12,132,5.63,39.1,23.07,30.93,47.73,24.85,1.81
2017-05-13,2017,5,13,133,2.85,38.8,24.11,30.74,51.89,21.72,1.68
2017-05-14,2017,5,14,134,2.07,35.29,24.62,28.74,61.42,21.08,2.42
2017-05-15,2017,5,15,135,0.1,36.09,23.43,28.45,61.65,21.7,3.54
2017-05-16,2017,5,16,136,0.0,37.06,22.16,28.68,55.5,25.84,3.14
2017-05-17,2017,5,17,137,0.0,36.96,22.72,28.67,57.82,26.43,3.22
2017-05-18,2017,5,18,138,0.0,37.7,21.53,28.76,56.01,27.18,3.15
2017-05-19,2017,5,19,139,0.0,36.77,22.11,28.35,56.99,26.44,3.55
2017-05-20,2017,5,20,140,0.0,38.39,21.42,28.62,57.17,27.92,3.45
2017-05-21,2017,5,21,141,0.0,36.95,22.16,28.38,56.67,26.74,3.93
2017-05-22,2017,5,22,142,0.01,38.61,21.76,29.27,54.68,25.86,3.7
2017-05-23,2017,5,23,143,0.24,40.66,23.02,30.93,52.56,25.74,3.5
2017-05-24,2017,5,24,144,0.39,36.68,23.12,28.91,57.44,25.76,3.34
2017-05-25,2017,5,25,145,0.0,38.36,22.09,29.04,59.98,23.05,3.62
2017-05-26,2017,5,26,146,0.01,38.52,22.5,29.08,58.73,23.3,3.66
2017-05-27,2017,5,27,147,0.02,36.24,23.43,28.45,62.11,25.61,4.39
2017-05-28,2017,5,28,148,0.02,36.03,23.22,28.39,62.42,24.09,4.7
2017-05-29,2017,5,29,149,0.66,34.69,23.45,28.13,68.47,22.79,4.97
2017-05-30,2017,5,30,150,5.75,33.58,24.18,27.82,72.8,18.62,5.44
2017-05-31,2017,5,31,151,2.32,34.79,24.04,28.31,72.65,21.74,3.6
2017-06-01,2017,6,1,152,3.78,33.87,24.72,27.93,74.02,20.77,2.18
2017-06-02,2017,6,2,153,2.74,33.14,24.37,27.89,73.93,21.03,1.56
2017-06-03,2017,6,3,154,4.37,36.42,23.7,28.35,69.75,21.61,3.13
2017-06-04,2017,6,4,155,1.83,31.79,23.45,26.51,75.18,20.5,3.25
2017-06-05,2017,6,5,156,0.53,32.27,23.24,27.11,72.22,22.02,3.61
2017-06-06,2017,6,6,157,2.18,32.61,23.22,26.96,73.82,21.12,3.84
2017-06-07,2017,6,7,158,9.93,29.97,23.59,25.7,79.08,16.67,3.78
2017-06-08,2017,6,8,159,10.91,29.26,22.82,25.28,80.47,15.2,3.52
2017-06-09,2017,6,9,160,20.97,28.15,22.45,24.5,84.36,14.93,3.32
2017-06-10,2017,6,10,161,11.08,29.9,21.92,25.1,83.01,13.83,3.5
2017-06-11,2017,6,11,162,18.41,29.65,23.62,25.61,84.66,16.29,3.55
2017-06-12,2017,6,12,163,37.99,28.35,22.92,24.97,84.65,15.77,2.74
2017-06-13,2017,6,13,164,8.14,28.51,22.52,24.93,84.37,11.97,2.6
2017-06-14,2017,6,14,165,12.55,30.87,21.83,25.63,82.42,14.48,2.59
2017-06-15,2017,6,15,166,9.8,27.84,22.12,24.5,84.24,15.49,2.08
2017-06-16,2017,6,16,167,10.9,28.72,21.57,24.88,85.89,19.0,2.56
2017-06-17,2017,6,17,168,16.88,28.28,22.65,25.24,86.62,21.47,2.26
2017-06-18,2017,6,18,169,7.24,29.53,22.83,25.54,84.84,19.74,3.04
2017-06-19,2017,6,19,170,3.65,30.05,22.56,25.58,83.07,16.54,3.55
2017-06-20,2017,6,20,171,2.82,29.8,22.59,25.36,82.04,18.31,4.43
2017-06-21,2017,6,21,172,4.17,30.45,22.49,25.5,81.15,18.51,4.78
2017-06-22,2017,6,22,173,9.01,29.56,22.79,25.35,83.2,14.59,4.97
2017-06-23,2017,6,23,174,7.77,29.57,23.05,25.53,83.61,17.98,4.51
2017-06-24,2017,6,24,175,20.57,29.45,23.29,25.63,84.18,14.52,4.99
2017-06-25,2017,6,25,176,46.63,28.07,23.66,25.18,88.82,8.12,4.61
2017-06-26,2017,6,26,177,38.81,26.46,23.41,24.46,90.83,10.7,5.13
2017-06-27,2017,6,27,178,27.54,27.37,23.08,24.76,88.83,10.34,6.41
2017-06-28,2017,6,28,179,27.97,27.39,22.37,24.48,88.24,9.05,6.5
2017-06-29,2017,6,29,180,37.95,27.76,23.16,24.84,88.42,9.19,6.8
2017-06-30,2017,6,30,181,25.12,27.84,22.91,24.67,87.96,14.97,6.68
2017-07-01,2017,7,1,182,28.11,27.79,22.73,24.62,88.94,13.15,6.41
2017-07-02,2017,7,2,183,24.04,27.01,23.23,24.57,90.08,11.41,5.97
2017-07-03,2017,7,3,184,10.49,28.41,22.79,24.95,86.73,18.1,5.34
2017-07-04,2017,7,4,185,9.83,28.06,22.79,24.8,86.87,13.93,5.92
2017-07-05,2017,7,5,186,8.01,27.11,22.24,24.23,88.17,14.33,5.06
2017-07-06,2017,7,6,187,9.41,27.36,21.76,24.18,87.73,12.05,4.26
2017-07-07,2017,7,7,188,10.11,27.72,21.91,24.15,87.37,16.71,4.11
2017-07-08,2017,7,8,189,8.33,27.29,21.59,23.9,87.64,20.09,3.19
2017-07-09,2017,7,9,190,9.26,27.83,21.57,24.14,87.35,16.21,2.81
2017-07-10,2017,7,10,191,6.87,27.56,21.44,24.06,87.04,19.12,2.73
2017-07-11,2017,7,11,192,7.66,27.46,22.18,24.12,88.03,14.46,4.17
2017-07-12,2017,7,12,193,8.18,26.38,21.92,23.75,89.69,16.71,4.69
2017-07-13,2017,7,13,194,39.92,26.44,22.3,23.91,91.41,9.68,5.66
2017-07-14,2017,7,14,195,68.17,26.46,22.4,23.96,90.96,8.54,6.74
2017-07-15,2017,7,15,196,39.01,26.13,22.33,23.68,90.87,11.73,6.5
2017-07-16,2017,7,16,197,28.59,26.58,21.8,23.56,90.07,10.35,5.94
2017-07-17,2017,7,17,198,51.41,25.64,22.13,23.59,92.8,5.67,5.72
2017-07-18,2017,7,18,199,51.94,24.98,22.83,23.59,94.58,6.79,5.52
2017-07-19,2017,7,19,200,63.36,25.11,22.54,23.7,94.74,9.03,5.12
2017-07-20,2017,7,20,201,35.63,25.13,22.57,23.66,94.87,9.41,6.11
2017-07-21,2017,7,21,202,43.22,26.24,22.6,23.85,93.05,11.37,6.96
2017-07-22,2017,7,22,203,38.68,26.01,22.37,23.57,92.72,10.72,6.61
2017-07-23,2017,7,23,204,31.64,24.52,21.82,23.04,94.8,10.1,6.31
2017-07-24,2017,7,24,205,23.17,26.07,22.29,23.7,92.53,11.35,6.11
2017-07-25,2017,7,25,206,10.55,26.35,21.89,23.51,91.79,13.3,5.7
2017-07-26,2017,7,26,207,9.3,26.14,21.64,23.31,91.11,11.75,5.42
2017-07-27,2017,7,27,208,14.28,25.77,21.47,23.2,91.88,11.4,5.0
2017-07-28,2017,7,28,209,20.55,26.69,21.81,23.73,91.26,11.3,5.12
2017-07-29,2017,7,29,210,17.99,26.93,21.82,23.99,90.54,13.47,4.54
2017-07-30,2017,7,30,211,8.99,26.53,21.3,23.51,90.81,16.63,3.87
2017-07-31,2017,7,31,212,14.17,27.45,21.22,23.48,91.05,10.8,3.96
2017-08-01,2017,8,1,213,11.23,27.61,21.15,23.66,90.24,11.74,3.84
2017-08-02,2017,8,2,214,4.99,27.25,21.03,23.46,89.72,13.14,3.84
2017-08-03,2017,8,3,215,8.99,26.57,21.26,23.52,90.6,9.11,4.45
2017-08-04,2017,8,4,216,5.16,27.05,21.97,23.53,91.54,15.98,4.21
2017-08-05,2017,8,5,217,1.34,27.09,21.68,23.56,90.54,16.12,3.6
2017-08-06,2017,8,6,218,1.58,27.28,21.47,23.71,89.82,17.32,2.99
2017-08-07,2017,8,7,219,2.16,27.67,20.9,23.75,89.42,13.88,2.8
2017-08-08,2017,8,8,220,2.21,27.53,21.58,23.75,90.31,15.76,2.67
2017-08-09,2017,8,9,221,3.35,27.24,21.39,23.61,89.98,14.78,3.06
2017-08-10,2017,8,10,222,5.7,27.22,20.98,23.52,89.12,13.65,3.42
2017-08-11,2017,8,11,223,6.82,27.67,21.4,23.81,88.68,13.54,3.12
2017-08-12,2017,8,12,224,4.32,26.88,21.47,23.47,89.82,15.96,3.37
2017-08-13,2017,8,13,225,3.4,26.42,20.94,23.09,89.9,15.08,3.44
2017-08-14,2017,8,14,226,9.9,27.05,21.03,23.45,89.11,14.05,2.71
2017-08-15,2017,8,15,227,8.74,26.7,20.85,23.27,89.6,14.08,2.05
2017-08-16,2017,8,16,228,3.79,27.54,20.47,23.44,89.46,14.99,2.46
2017-08-17,2017,8,17,229,2.56,27.3,20.94,23.55,89.21,16.37,2.81
2017-08-18,2017,8,18,230,3.19,27.35,21.0,23.37,89.62,13.4,2.69
2017-08-19,2017,8,19,231,15.52,25.88,21.44,23.0,91.68,6.87,3.64
2017-08-20,2017,8,20,232,80.9,22.34,20.65,21.57,94.76,3.06,4.64
2017-08-21,2017,8,21,233,10.74,21.98,19.31,20.85,92.68,9.4,4.07
2017-08-22,2017,8,22,234,5.98,26.76,18.66,22.59,90.0,17.6,2.84
2017-08-23,2017,8,23,235,4.8,27.63,20.79,23.65,89.87,17.38,2.69
2017-08-24,2017,8,24,236,10.8,27.02,20.95,23.53,90.56,15.26,3.06
2017-08-25,2017,8,25,237,25.61,26.06,21.7,23.32,94.14,6.37,3.82
2017-08-26,2017,8,26,238,27.22,26.66,22.01,23.7,92.43,11.32,3.96
2017-08-27,2017,8,27,239,33.76,25.42,22.08,23.38,93.97,7.81,3.95
2017-08-28,2017,8,28,240,68.33,23.76,21.89,22.56,94.69,6.14,3.53
2017-08-29,2017,8,29,241,59.97,25.14,21.08,22.62,93.86,4.78,5.15
2017-08-30,2017,8,30,242,17.03,26.13,21.4,23.22,92.23,15.23,4.81
2017-08-31,2017,8,31,243,5.39,26.69,20.95,23.27,91.43,18.04,3.48
2017-09-01,2017,9,1,244,3.67,26.57,20.42,23.06,91.02,17.18,2.58
2017-09-02,2017,9,2,245,9.55,27.44,20.32,23.34,90.64,16.17,2.38
2017-09-03,2017,9,3,246,4.6,27.25,20.44,23.33,90.97,12.07,2.35
2017-09-04,2017,9,4,247,0.24,27.96,20.18,23.49,89.36,19.27,1.93
2017-09-05,2017,9,5,248,0.06,27.44,20.02,23.38,89.06,17.86,1.88
2017-09-06,2017,9,6,249,0.04,28.17,20.77,23.89,88.05,20.21,1.6
2017-09-07,2017,9,7,250,3.51,27.57,21.33,24.01,90.77,18.58,1.62
2017-09-08,2017,9,8,251,15.67,27.72,22.31,24.39,90.91,15.36,1.32
2017-09-09,2017,9,9,252,2.74,28.68,21.98,24.83,89.44,15.81,1.11
2017-09-10,2017,9,10,253,10.39,28.06,22.79,24.89,92.35,17.28,1.22
2017-09-11,2017,9,11,254,4.72,29.84,22.26,25.85,85.66,19.38,1.34
2017-09-12,2017,9,12,255,18.61,29.0,22.54,25.75,84.25,17.45,1.64
2017-09-13,2017,9,13,256,7.64,29.08,21.72,25.24,85.26,17.87,1.26
2017-09-14,2017,9,14,257,17.08,27.83,22.34,24.44,89.05,16.98,1.5
2017-09-15,2017,9,15,258,19.42,26.43,21.14,23.32,89.98,16.8,1.57
2017-09-16,2017,9,16,259,6.07,27.0,20.38,23.3,89.85,14.84,1.87
2017-09-17,2017,9,17,260,3.3,27.04,20.45,23.25,90.44,12.26,1.99
2017-09-18,2017,9,18,261,35.92,25.7,21.99,23.67,95.09,13.79,3.13
2017-09-19,2017,9,19,262,66.34,24.69,22.01,23.16,95.74,7.0,4.63
2017-09-20,2017,9,20,263,77.99,24.77,21.49,22.81,95.27,4.54,4.31
2017-09-21,2017,9,21,264,23.78,25.57,20.67,22.57,92.18,6.95,2.16
2017-09-22,2017,9,22,265,22.89,26.77,20.49,22.93,91.61,14.99,1.88
2017-09-23,2017,9,23,266,0.82,27.66,20.25,23.49,89.98,17.6,1.51
2017-09-24,2017,9,24,267,1.08,28.94,20.76,24.14,88.84,16.05,1.42
2017-09-25,2017,9,25,268,0.1,28.85,20.9,24.09,88.12,19.54,1.38
2017-09-26,2017,9,26,269,4.39,29.26,20.49,24.23,86.99,19.69,1.27
2017-09-27,2017,9,27,270,1.92,29.06,21.12,24.48,87.24,16.9,1.32
2017-09-28,2017,9,28,271,2.95,29.08,20.92,24.5,86.92,18.04,1.39
2017-09-29,2017,9,29,272,15.09,28.19,21.49,24.44,88.95,13.3,1.36
2017-09-30,2017,9,30,273,5.8,29.63,21.49,24.84,85.62,18.24,1.29
2017-10-01,2017,10,1,274,0.94,29.52,21.21,24.78,85.55,20.56,1.35
2017-10-02,2017,10,2,275,1.65,29.71,20.72,24.73,82.67,18.97,1.36
2017-10-03,2017,10,3,276,0.82,28.81,20.8,24.4,81.89,15.05,1.32
2017-10-04,2017,10,4,277,0.01,28.67,19.49,23.82,75.69,20.07,1.47
2017-10-05,2017,10,5,278,0.0,30.07,18.52,24.04,72.81,19.85,1.77
2017-10-06,2017,10,6,279,15.15,26.89,19.06,23.12,85.93,13.01,1.76
2017-10-07,2017,10,7,280,7.26,28.87,21.47,24.85,86.75,13.79,1.76
2017-10-08,2017,10,8,281,15.27,28.27,21.32,24.46,88.84,15.76,1.15
2017-10-09,2017,10,9,282,5.4,27.92,21.42,24.32,90.03,10.44,1.12
2017-10-10,2017,10,10,283,9.01,26.99,22.12,23.81,92.86,11.49,1.07
2017-10-11,2017,10,11,284,9.89,27.61,20.08,23.51,88.95,10.95,1.71
2017-10-12,2017,10,12,285,2.48,29.02,20.42,24.09,86.09,19.04,1.15
2017-10-13,2017,10,13,286,62.18,28.56,21.82,24.58,88.62,15.13,0.84
2017-10-14,2017,10,14,287,39.17,26.61,22.19,23.99,92.86,12.17,1.22
2017-10-15,2017,10,15,288,6.98,26.42,21.88,23.9,90.02,12.28,1.48
2017-10-16,2017,10,16,289,2.62,29.26,20.26,24.72,81.32,15.51,1.06
2017-10-17,2017,10,17,290,0.44,29.37,20.82,24.47,77.86,18.65,1.17
2017-10-18,2017,10,18,291,0.0,29.09,18.15,23.2,67.33,17.65,1.36
2017-10-19,2017,10,19,292,0.0,28.71,16.44,22.44,64.69,20.18,1.36
2017-10-20,2017,10,20,293,0.0,28.07,18.25,22.2,67.35,19.77,1.19
2017-10-21,2017,10,21,294,0.02,26.39,18.45,22.18,89.98,12.4,1.22
2017-10-22,2017,10,22,295,4.06,26.92,20.1,23.0,91.11,15.5,1.34
2017-10-23,2017,10,23,296,5.47,28.59,19.7,23.67,81.31,17.53,1.17
2017-10-24,2017,10,24,297,0.0,28.52,16.74,21.88,69.77,21.56,1.57
2017-10-25,2017,10,25,298,0.0,28.0,14.77,21.0,67.03,21.93,1.55
2017-10-26,2017,10,26,299,0.0,28.09,15.08,21.37,70.67,20.18,1.81
2017-10-27,2017,10,27,300,2.66,27.85,16.83,21.69,76.0,16.91,1.45
2017-10-28,2017,10,28,301,0.06,28.24,15.8,21.78,71.73,18.56,1.32
2017-10-29,2017,10,29,302,0.0,27.25,15.73,20.99,74.94,18.5,1.72
2017-10-30,2017,10,30,303,0.0,26.97,15.59,20.47,74.61,18.99,2.06
2017-10-31,2017,10,31,304,0.0,26.78,15.05,20.05,73.33,18.75,2.19
2017-11-01,2017,11,1,305,0.0,27.2,14.7,19.91,72.21,19.33,2.39
2017-11-02,2017,11,2,306,0.0,26.3,13.98,19.15,71.83,19.55,2.34
2017-11-03,2017,11,3,307,0.0,26.19,13.32,18.84,72.92,19.72,2.55
2017-11-04,2017,11,4,308,0.0,25.69,13.3,18.51,74.27,20.3,3.2
2017-11-05,2017,11,5,309,0.0,26.37,13.32,19.3,77.7,19.85,3.1
2017-11-06,2017,11,6,310,0.0,27.56,15.37,20.35,77.88,20.03,2.6
2017-11-07,2017,11,7,311,0.0,26.83,14.04,19.81,68.68,19.98,1.98
2017-11-08,2017,11,8,312,0.0,26.79,13.72,19.83,70.27,20.07,1.79
2017-11-09,2017,11,9,313,0.0,26.68,13.69,19.56,73.72,19.35,1.56
2017-11-10,2017,11,10,314,0.0,26.28,13.83,19.48,74.25,19.01,1.99
2017-11-11,2017,11,11,315,0.0,25.92,13.78,18.86,72.29,17.9,2.15
2017-11-12,2017,11,12,316,0.0,25.68,12.26,18.42,66.74,19.09,1.97
2017-11-13,2017,11,13,317,0.0,25.68,11.2,18.42,65.66,18.64,1.44
2017-11-14,2017,11,14,318,0.0,26.45,13.62,19.51,66.47,17.83,1.14
2017-11-15,2017,11,15,319,0.0,26.46,13.31,19.7,75.38,18.38,1.2
2017-11-16,2017,11,16,320,0.0,26.27,15.1,20.21,79.66,15.94,1.4
2017-11-17,2017,11,17,321,0.0,26.69,14.58,20.14,74.76,16.28,1.39
2017-11-18,2017,11,18,322,0.0,27.6,14.97,20.34,73.14,16.35,1.46
2017-11-19,2017,11,19,323,0.0,27.29,14.74,20.6,75.06,14.0,1.73
2017-11-20,2017,11,20,324,2.76,26.84,18.41,21.63,80.48,11.2,1.96
2017-11-21,2017,11,21,325,0.33,27.44,17.41,22.04,79.85,13.48,1.8
2017-11-22,2017,11,22,326,0.41,27.87,17.9,22.27,80.94,14.62,1.43
2017-11-23,2017,11,23,327,0.0,28.7,16.96,21.74,75.43,17.05,1.53
2017-11-24,2017,11,24,328,0.0,27.64,14.09,20.14,68.69,19.16,1.34
2017-11-25,2017,11,25,329,0.0,27.34,13.44,20.14,72.65,17.88,1.7
2017-11-26,2017,11,26,330,0.0,26.91,14.11,19.81,71.23,17.71,1.95
2017-11-27,2017,11,27,331,0.0,26.8,12.37,19.18,60.49,17.61,1.95
2017-11-28,2017,11,28,332,0.0,26.49,11.95,19.21,59.47,18.1,1.42
2017-11-29,2017,11,29,333,0.0,26.3,11.1,18.57,61.65,17.99,1.68
2017-11-30,2017,11,30,334,0.0,26.13,11.94,18.61,65.2,18.07,2.0
2017-12-01,2017,12,1,335,0.0,26.25,12.25,18.45,69.79,14.85,2.47
2017-12-02,2017,12,2,336,0.0,26.3,14.52,19.89,78.31,15.82,2.76
2017-12-03,2017,12,3,337,0.0,26.05,14.23,19.97,74.25,14.26,2.55
2017-12-04,2017,12,4,338,1.68,23.05,15.28,19.06,79.48,13.75,2.57
2017-12-05,2017,12,5,339,15.12,26.02,17.57,21.24,88.01,5.97,3.93
2017-12-06,2017,12,6,340,1.02,25.64,18.24,21.25,89.62,10.22,2.62
2017-12-07,2017,12,7,341,0.01,26.15,17.22,20.98,86.62,16.05,0.91
2017-12-08,2017,12,8,342,0.0,27.3,16.35,21.39,73.66,15.43,1.55
2017-12-09,2017,12,9,343,0.0,27.39,15.01,20.96,72.08,14.96,1.67
2017-12-10,2017,12,10,344,0.0,26.84,14.78,20.67,71.5,15.43,1.76
2017-12-11,2017,12,11,345,0.0,26.62,14.29,19.6,78.45,14.14,1.4
2017-12-12,2017,12,12,346,0.0,25.61,14.25,18.56,83.14,17.19,1.11
2017-12-13,2017,12,13,347,0.0,25.14,13.1,17.99,85.23,17.41,1.35
2017-12-14,2017,12,14,348,0.0,25.8,13.15,18.41,81.75,17.64,1.11
2017-12-15,2017,12,15,349,0.0,26.94,14.0,20.24,75.02,14.73,1.44
2017-12-16,2017,12,16,350,0.0,27.11,15.42,20.13,72.25,15.91,2.1
2017-12-17,2017,12,17,351,0.0,26.17,13.53,18.99,66.82,14.58,2.63
2017-12-18,2017,12,18,352,0.0,25.34,13.72,18.49,69.75,12.01,2.73
2017-12-19,2017,12,19,353,0.0,25.18,12.78,17.95,59.37,16.57,2.68
2017-12-20,2017,12,20,354,0.0,26.59,10.6,17.45,52.59,16.81,2.56
2017-12-21,2017,12,21,355,0.0,26.27,10.59,17.31,54.51,17.24,2.76
2017-12-22,2017,12,22,356,0.0,23.45,12.82,16.91,58.76,15.48,2.63
2017-12-23,2017,12,23,357,0.0,25.73,12.97,18.57,53.85,16.66,2.25
2017-12-24,2017,12,24,358,0.0,27.01,10.68,18.65,55.48,16.49,1.51
2017-12-25,2017,12,25,359,0.0,27.08,11.79,18.58,57.34,16.54,1.56
2017-12-26,2017,12,26,360,0.0,25.81,10.4,16.87,57.19,16.42,2.56
2017-12-27,2017,12,27,361,0.0,25.95,9.97,17.22,53.9,16.43,2.11
2017-12-28,2017,12,28,362,0.0,26.04,9.87,17.36,48.26,18.19,2.3
2017-12-29,2017,12,29,363,0.0,26.27,9.52,18.39,48.06,16.59,1.46
2017-12-30,2017,12,30,364,0.0,26.17,11.43,18.9,49.44,17.6,1.23
2017-12-31,2017,12,31,365,0.0,26.13,11.15,18.36,57.72,17.55,1.38
2018-01-01,2018,1,1,1,0.0,26.01,11.47,17.79,62.4,17.8,1.33
2018-01-02,2018,1,2,2,0.0,26.04,10.3,17.7,61.28,17.28,1.39
2018-01-03,2018,1,3,3,0.0,26.48,10.71,17.98,61.77,16.56,1.78
2018-01-04,2018,1,4,4,0.0,26.42,11.53,18.54,60.74,15.47,1.15
2018-01-05,2018,1,5,5,0.0,26.18,11.27,18.03,63.35,15.51,1.27
2018-01-06,2018,1,6,6,0.0,25.58,11.37,17.38,61.9,15.47,1.37
2018-01-07,2018,1,7,7,0.0,24.84,10.48,17.04,61.79,16.97,1.22
2018-01-08,2018,1,8,8,0.0,25.9,10.26,17.82,60.65,15.81,1.43
2018-01-09,2018,1,9,9,0.0,25.37,11.0,17.56,64.34,14.97,2.1
2018-01-10,2018,1,10,10,0.0,26.61,12.11,18.79,62.44,15.04,2.34
2018-01-11,2018,1,11,11,0.0,28.34,13.66,20.77,60.19,16.46,1.93
2018-01-12,2018,1,12,12,0.0,28.38,15.07,21.52,59.77,15.24,2.09
2018-01-13,2018,1,13,13,0.0,28.96,15.14,21.85,58.56,13.66,1.88
2018-01-14,2018,1,14,14,0.0,29.57,15.08,22.16,57.07,13.59,1.57
2018-01-15,2018,1,15,15,0.0,29.75,16.33,22.72,63.38,14.57,1.54
2018-01-16,2018,1,16,16,0.0,29.09,15.92,22.18,60.43,14.88,1.64
2018-01-17,2018,1,17,17,0.0,28.93,16.53,21.7,56.19,18.62,1.33
2018-01-18,2018,1,18,18,0.0,28.56,13.03,20.68,54.36,19.01,1.5
2018-01-19,2018,1,19,19,0.0,28.07,12.76,20.4,52.93,18.7,1.31
2018-01-20,2018,1,20,20,0.0,27.85,12.03,20.57,43.41,18.95,1.66
2018-01-21,2018,1,21,21,0.0,28.23,11.65,20.64,41.33,19.59,1.34
2018-01-22,2018,1,22,22,0.0,28.24,11.89,19.77,49.3,18.58,1.5
2018-01-23,2018,1,23,23,10.23,26.61,12.77,18.36,69.02,18.48,1.5
2018-01-24,2018,1,24,24,0.0,26.11,9.99,17.39,67.95,19.96,1.27
2018-01-25,2018,1,25,25,0.0,26.93,9.49,17.8,53.74,20.15,1.43
2018-01-26,2018,1,26,26,0.0,27.18,9.74,18.2,46.09,19.01,1.67
2018-01-27,2018,1,27,27,0.0,27.44,9.65,18.11,47.55,19.54,1.41
2018-01-28,2018,1,28,28,0.0,28.07,10.03,18.44,52.14,18.48,1.32
2018-01-29,2018,1,29,29,0.0,28.69,10.62,19.26,48.18,18.62,1.85
2018-01-30,2018,1,30,30,0.0,28.8,11.49,19.19,43.86,19.13,2.48
2018-01-31,2018,1,31,31,0.0,29.51,11.6,20.37,37.9,20.45,2.06
2018-02-01,2018,2,1,32,0.0,29.88,11.45,20.85,36.66,21.37,1.47
2018-02-02,2018,2,2,33,0.0,30.43,11.92,20.78,39.93,20.9,1.24
2018-02-03,2018,2,3,34,0.0,30.08,12.26,20.88,44.46,20.51,1.31
2018-02-04,2018,2,4,35,0.0,30.81,14.18,22.21,41.17,19.82,1.05
2018-02-05,2018,2,5,36,0.0,30.69,14.88,22.45,40.67,19.31,1.43
2018-02-06,2018,2,6,37,0.0,28.41,14.75,20.98,44.84,16.04,1.54
2018-02-07,2018,2,7,38,0.0,28.2,16.53,21.26,51.71,12.78,1.7
2018-02-08,2018,2,8,39,0.0,28.86,14.72,20.52,63.01,21.34,1.62
2018-02-09,2018,2,9,40,0.0,28.79,14.04,20.68,50.06,20.76,1.73
2018-02-10,2018,2,10,41,0.0,29.31,17.74,21.97,44.68,17.59,1.43
2018-02-11,2018,2,11,42,0.0,29.99,14.61,20.89,57.59,19.32,2.11
2018-02-12,2018,2,12,43,0.0,28.35,12.87,19.63,67.98,21.89,1.7
2018-02-13,2018,2,13,44,0.0,30.11,13.01,20.14,52.78,22.71,1.37
2018-02-14,2018,2,14,45,0.0,30.91,13.65,21.86,52.43,19.13,2.82
2018-02-15,2018,2,15,46,0.0,30.89,16.52,23.16,54.37,19.29,2.76
2018-02-16,2018,2,16,47,0.0,31.43,15.47,22.57,50.43,19.12,1.81
2018-02-17,2018,2,17,48,0.0,32.54,14.6,22.61,44.59,21.13,1.52
2018-02-18,2018,2,18,49,0.0,32.89,14.22,22.74,39.95,21.89,1.47
2018-02-19,2018,2,19,50,0.0,32.95,15.4,23.28,40.74,21.15,1.33
2018-02-20,2018,2,20,51,0.0,33.29,15.54,23.43,43.06,21.17,1.45
2018-02-21,2018,2,21,52,0.0,33.12,15.34,23.68,41.74,21.17,1.37
2018-02-22,2018,2,22,53,0.0,33.37,16.57,24.38,42.82,20.52,1.31
2018-02-23,2018,2,23,54,0.0,33.78,17.81,25.04,43.97,19.47,1.38
2018-02-24,2018,2,24,55,0.0,34.01,17.62,25.32,42.07,19.81,1.54
2018-02-25,2018,2,25,56,0.0,33.87,16.9,25.64,34.98,22.64,1.97
2018-02-26,2018,2,26,57,0.0,34.62,16.74,25.3,35.99,22.9,1.45
2018-02-27,2018,2,27,58,0.0,34.95,17.32,25.92,35.51,21.89,1.99
2018-02-28,2018,2,28,59,0.0,35.11,17.11,26.06,33.97,22.42,1.93
2018-03-01,2018,3,1,60,0.0,34.65,20.04,26.28,36.41,21.49,0.79
2018-03-02,2018,3,2,61,0.0,34.88,19.39,26.27,38.84,21.52,0.98
2018-03-03,2018,3,3,62,0.0,34.51,20.82,26.24,36.44,21.04,1.51
2018-03-04,2018,3,4,63,0.0,33.78,18.63,25.01,47.53,21.38,1.52
2018-03-05,2018,3,5,64,0.0,34.86,17.6,25.21,41.98,21.87,1.71
2018-03-06,2018,3,6,65,0.0,35.88,17.2,26.03,37.86,20.96,1.78
2018-03-07,2018,3,7,66,0.0,35.93,18.67,26.36,39.73,20.9,2.43
2018-03-08,2018,3,8,67,0.0,35.49,18.45,25.77,45.18,21.03,1.45
2018-03-09,2018,3,9,68,0.0,36.1,17.78,26.29,43.85,21.65,1.7
2018-03-10,2018,3,10,69,0.0,36.13,19.29,26.71,37.51,21.14,2.02
2018-03-11,2018,3,11,70,0.0,36.27,19.86,27.3,32.89,20.39,2.29
2018-03-12,2018,3,12,71,0.0,36.13,20.98,27.84,29.76,21.37,2.18
2018-03-13,2018,3,13,72,0.0,36.3,19.95,27.49,35.04,20.39,1.95
2018-03-14,2018,3,14,73,0.0,36.31,20.18,27.06,27.3,20.22,1.99
2018-03-15,2018,3,15,74,0.02,32.3,22.08,26.34,31.46,6.95,0.94
2018-03-16,2018,3,16,75,0.05,32.59,20.99,26.23,42.09,14.22,1.14
2018-03-17,2018,3,17,76,0.0,32.66,21.01,26.55,47.02,20.84,1.07
2018-03-18,2018,3,18,77,0.85,33.86,21.34,26.84,48.07,18.58,1.84
2018-03-19,2018,3,19,78,0.39,35.24,19.84,26.36,46.51,24.04,1.86
2018-03-20,2018,3,20,79,0.0,34.64,17.65,25.13,46.64,25.07,2.32
2018-03-21,2018,3,21,80,0.0,34.19,16.28,24.17,50.69,26.31,2.44
2018-03-22,2018,3,22,81,0.0,33.53,14.59,23.13,48.58,27.21,2.39
2018-03-23,2018,3,23,82,0.0,33.47,14.8,23.26,45.48,27.06,1.63
2018-03-24,2018,3,24,83,0.0,36.74,16.75,26.42,31.49,26.38,1.92
2018-03-25,2018,3,25,84,0.0,36.6,18.8,27.85,24.34,25.67,2.28
2018-03-26,2018,3,26,85,0.0,38.22,20.53,28.95,24.62,24.08,2.42
2018-03-27,2018,3,27,86,0.0,38.0,22.77,29.19,29.61,24.4,1.91
2018-03-28,2018,3,28,87,0.0,37.43,20.7,27.84,36.98,25.59,2.0
2018-03-29,2018,3,29,88,0.0,38.49,20.39,27.68,39.17,25.78,2.2
2018-03-30,2018,3,30,89,0.0,38.63,17.9,26.93,46.5,26.06,2.28
2018-03-31,2018,3,31,90,0.0,36.27,18.43,26.43,54.19,24.79,2.09
2018-04-01,2018,4,1,91,0.0,38.81,18.11,27.63,46.34,26.57,2.06
2018-04-02,2018,4,2,92,0.0,38.9,19.25,28.2,37.09,25.45,2.26
2018-04-03,2018,4,3,93,0.0,39.27,18.22,28.16,40.36,25.15,1.78
2018-04-04,2018,4,4,94,0.0,39.51,20.03,28.92,32.55,24.86,1.99
2018-04-05,2018,4,5,95,0.0,38.96,20.71,28.94,40.43,24.45,2.23
2018-04-06,2018,4,6,96,0.0,35.39,20.73,27.53,42.92,18.27,1.87
2018-04-07,2018,4,7,97,0.0,38.75,19.98,28.75,37.91,23.6,1.54
2018-04-08,2018,4,8,98,0.13,37.67,20.69,28.57,37.17,25.25,1.92
2018-04-09,2018,4,9,99,0.0,38.16,21.22,29.05,27.05,24.52,1.53
2018-04-10,2018,4,10,100,0.0,38.29,22.31,29.57,27.75,25.4,1.47
2018-04-11,2018,4,11,101,0.0,37.9,23.07,29.15,34.15,24.19,1.51
2018-04-12,2018,4,12,102,0.0,38.3,21.67,28.68,38.15,26.15,2.0
2018-04-13,2018,4,13,103,0.0,38.77,19.87,28.91,41.69,26.59,2.07
2018-04-14,2018,4,14,104,0.0,38.89,21.33,29.48,39.93,25.43,2.39
2018-04-15,2018,4,15,105,0.0,38.67,22.17,29.8,40.3,22.33,1.94
2018-04-16,2018,4,16,106,0.01,39.99,22.13,31.13,44.66,24.03,1.89
2018-04-17,2018,4,17,107,0.35,39.96,25.06,32.16,40.01,19.76,1.85
2018-04-18,2018,4,18,108,0.12,41.01,23.66,31.56,40.01,23.6,2.54
2018-04-19,2018,4,19,109,0.0,40.08,23.24,30.78,34.55,24.94,2.72
2018-04-20,2018,4,20,110,0.0,37.55,21.41,28.53,50.44,27.4,3.27
2018-04-21,2018,4,21,111,0.0,38.58,20.13,28.98,44.87,27.97,2.94
2018-04-22,2018,4,22,112,0.0,40.04,20.5,29.5,29.67,27.92,2.6
2018-04-23,2018,4,23,113,0.0,40.2,19.92,29.26,37.52,28.0,2.47
2018-04-24,2018,4,24,114,0.0,39.99,19.74,29.16,36.7,28.27,2.44
2018-04-25,2018,4,25,115,0.0,39.39,20.38,28.99,29.38,28.69,2.62
2018-04-26,2018,4,26,116,0.0,39.17,18.85,28.21,43.99,27.96,2.41
2018-04-27,2018,4,27,117,0.0,40.95,18.85,29.25,43.76,27.95,2.22
2018-04-28,2018,4,28,118,0.0,41.3,20.16,30.02,47.41,25.84,2.62
2018-04-29,2018,4,29,119,0.0,39.68,21.4,29.39,52.16,26.25,3.24
2018-04-30,2018,4,30,120,0.0,38.71,21.07,28.7,51.98,27.38,3.47
2018-05-01,2018,5,1,121,0.0,38.91,20.2,28.71,50.48,27.79,3.13
2018-05-02,2018,5,2,122,0.0,39.93,19.03,28.37,51.13,27.78,3.04
2018-05-03,2018,5,3,123,0.0,39.85,19.31,28.91,49.63,26.89,2.64
2018-05-04,2018,5,4,124,0.0,40.61,21.96,30.02,38.4,26.84,2.16
2018-05-05,2018,5,5,125,0.0,39.1,22.31,29.67,43.84,26.04,2.46
2018-05-06,2018,5,6,126,0.01,40.97,22.62,30.13,44.59,25.95,2.54
2018-05-07,2018,5,7,127,0.01,38.2,23.17,29.46,47.12,25.53,3.31
2018-05-08,2018,5,8,128,0.0,38.61,20.14,29.06,46.76,26.66,2.95
2018-05-09,2018,5,9,129,0.0,40.28,20.5,30.03,47.41,27.19,2.86
2018-05-10,2018,5,10,130,0.04,40.59,22.56,30.91,42.37,25.62,2.14
2018-05-11,2018,5,11,131,0.05,39.3,23.39,30.08,51.07,26.09,3.32
2018-05-12,2018,5,12,132,0.01,34.3,22.94,27.9,56.27,26.02,3.07
2018-05-13,2018,5,13,133,0.42,38.25,21.47,29.14,55.48,24.62,2.76
2018-05-14,2018,5,14,134,0.73,38.47,22.73,29.64,53.31,25.97,3.18
2018-05-15,2018,5,15,135,0.01,38.33,21.75,29.01,54.95,25.84,2.87
2018-05-16,2018,5,16,136,0.07,39.26,22.21,29.76,53.89,24.31,2.94
2018-05-17,2018,5,17,137,1.13,39.61,22.64,31.01,47.48,23.54,2.8
2018-05-18,2018,5,18,138,1.12,38.39,23.36,29.81,52.17,24.28,3.53
2018-05-19,2018,5,19,139,0.01,37.7,22.98,29.28,52.25,25.63,3.1
2018-05-20,2018,5,20,140,0.01,38.7,22.04,29.09,54.54,25.4,3.43
2018-05-21,2018,5,21,141,0.0,38.24,21.69,28.98,52.44,25.33,3.25
2018-05-22,2018,5,22,142,0.0,36.98,22.35,28.79,49.45,22.23,3.06
2018-05-23,2018,5,23,143,0.0,39.27,22.65,29.41,48.8,22.75,2.94
2018-05-24,2018,5,24,144,0.01,36.97,22.82,28.59,57.59,17.48,3.69
2018-05-25,2018,5,25,145,0.0,37.36,22.37,28.7,55.93,23.22,4.09
2018-05-26,2018,5,26,146,0.01,39.48,23.12,30.36,54.83,25.5,3.56
2018-05-27,2018,5,27,147,1.89,37.22,24.63,29.47,63.04,22.8,2.77
2018-05-28,2018,5,28,148,0.77,37.34,24.45,29.2,64.05,19.7,4.16
2018-05-29,2018,5,29,149,0.03,33.69,24.45,28.02,68.6,19.63,4.32
2018-05-30,2018,5,30,150,0.03,34.66,23.87,28.09,68.63,21.07,4.19
2018-05-31,2018,5,31,151,0.33,35.6,24.37,28.8,66.96,22.68,3.69
2018-06-01,2018,6,1,152,7.12,33.35,24.31,27.68,67.55,19.7,1.97
2018-06-02,2018,6,2,153,9.6,32.52,23.53,27.1,73.06,17.78,1.77
2018-06-03,2018,6,3,154,5.81,29.43,23.4,25.83,79.99,19.92,2.25
2018-06-04,2018,6,4,155,5.67,31.82,22.37,25.83,78.34,19.2,2.39
2018-06-05,2018,6,5,156,2.73,31.24,23.01,26.37,76.62,19.93,1.77
2018-06-06,2018,6,6,157,7.81,30.29,23.56,26.1,78.62,16.09,2.5
2018-06-07,2018,6,7,158,7.88,30.6,23.73,26.1,83.1,9.2,3.79
2018-06-08,2018,6,8,159,11.35,27.47,23.15,24.79,88.16,16.28,4.16
2018-06-09,2018,6,9,160,22.48,27.74,23.24,24.99,86.23,12.45,5.02
2018-06-10,2018,6,10,161,16.98,30.13,23.29,25.85,83.71,12.81,5.7
2018-06-11,2018,6,11,162,6.67,29.69,23.73,25.88,85.1,15.26,5.54
2018-06-12,2018,6,12,163,0.9,29.59,23.77,25.97,82.99,17.42,5.65
2018-06-13,2018,6,13,164,0.4,31.25,23.64,26.46,79.75,17.96,5.07
2018-06-14,2018,6,14,165,0.43,31.23,23.48,26.35,79.74,18.9,4.69
2018-06-15,2018,6,15,166,8.02,30.09,23.38,25.95,81.23,19.44,4.47
2018-06-16,2018,6,16,167,9.19,30.72,23.46,26.21,78.85,15.81,4.5
2018-06-17,2018,6,17,168,23.83,29.22,23.01,25.51,82.37,11.33,5.17
2018-06-18,2018,6,18,169,11.35,29.58,23.0,25.57,84.4,12.81,4.34
2018-06-19,2018,6,19,170,1.16,30.03,23.26,25.69,84.77,18.11,2.87
2018-06-20,2018,6,20,171,2.84,29.87,23.23,25.74,84.05,16.8,3.04
2018-06-21,2018,6,21,172,35.92,26.2,23.39,24.51,90.42,11.68,3.85
2018-06-22,2018,6,22,173,15.67,28.85,22.32,24.9,85.16,16.68,3.89
2018-06-23,2018,6,23,174,27.78,27.85,23.27,24.75,87.64,10.0,3.78
2018-06-24,2018,6,24,175,38.91,27.01,21.04,23.87,87.51,8.87,4.99
2018-06-25,2018,6,25,176,33.41,26.71,22.64,24.27,88.27,5.72,5.22
2018-06-26,2018,6,26,177,21.37,26.65,23.09,24.33,90.2,11.76,5.79
2018-06-27,2018,6,27,178,5.72,27.55,22.69,24.39,87.66,16.18,5.42
2018-06-28,2018,6,28,179,12.2,28.6,22.57,24.74,86.25,10.76,4.61
2018-06-29,2018,6,29,180,10.66,27.12,22.56,24.17,87.87,14.86,3.78
2018-06-30,2018,6,30,181,9.03,28.47,21.63,24.56,83.85,18.13,3.66
2018-07-01,2018,7,1,182,2.62,28.64,21.15,24.43,82.65,21.24,3.48
2018-07-02,2018,7,2,183,11.56,28.45,22.48,24.54,87.36,12.49,4.34
2018-07-03,2018,7,3,184,31.05,26.89,22.52,24.14,88.59,9.49,5.6
2018-07-04,2018,7,4,185,42.7,26.21,22.79,24.04,91.13,9.31,5.78
2018-07-05,2018,7,5,186,46.66,25.97,22.7,23.79,92.57,8.4,5.07
2018-07-06,2018,7,6,187,20.5,26.71,22.67,24.24,90.46,10.7,4.33
2018-07-07,2018,7,7,188,48.78,25.71,22.06,23.63,93.0,6.11,4.47
2018-07-08,2018,7,8,189,30.71,26.48,21.98,23.7,90.68,8.47,4.52
2018-07-09,2018,7,9,190,46.1,24.96,22.23,23.27,93.26,5.55,3.88
2018-07-10,2018,7,10,191,40.36,26.02,21.48,23.39,92.01,8.22,5.13
2018-07-11,2018,7,11,192,13.89,26.35,21.38,23.51,90.32,9.84,5.34
2018-07-12,2018,7,12,193,21.7,25.23,22.79,23.61,93.5,8.94,5.86
2018-07-13,2018,7,13,194,25.12,26.34,22.16,23.71,91.53,8.22,5.25
2018-07-14,2018,7,14,195,28.08,26.73,22.0,23.8,91.02,12.06,5.79
2018-07-15,2018,7,15,196,51.83,24.75,22.22,23.19,95.2,5.99,5.98
2018-07-16,2018,7,16,197,74.82,24.73,22.6,23.4,95.57,6.79,6.54
2018-07-17,2018,7,17,198,38.68,25.49,22.41,23.5,93.02,7.44,7.02
2018-07-18,2018,7,18,199,16.73,26.25,21.97,23.61,91.91,10.71,6.02
2018-07-19,2018,7,19,200,16.09,26.22,21.73,23.34,91.33,11.32,5.79
2018-07-20,2018,7,20,201,19.83,24.39,21.95,23.06,94.36,9.72,5.39
2018-07-21,2018,7,21,202,13.33,25.39,21.76,23.04,92.32,9.79,5.92
2018-07-22,2018,7,22,203,11.65,25.24,21.45,23.02,92.52,5.72,5.63
2018-07-23,2018,7,23,204,9.62,25.38,21.31,22.91,91.48,7.04,5.84
2018-07-24,2018,7,24,205,5.69,25.93,21.48,23.15,91.48,8.23,5.75
2018-07-25,2018,7,25,206,5.61,25.66,21.5,23.17,91.33,13.08,5.23
2018-07-26,2018,7,26,207,5.19,26.11,21.78,23.19,91.3,8.48,5.67
2018-07-27,2018,7,27,208,3.78,26.28,21.42,23.1,90.63,7.16,5.61
2018-07-28,2018,7,28,209,1.19,26.9,21.52,23.45,90.22,12.19,4.91
2018-07-29,2018,7,29,210,0.31,26.71,21.69,23.51,90.13,12.48,4.42
2018-07-30,2018,7,30,211,1.23,27.18,21.48,23.47,89.19,9.81,4.44
2018-07-31,2018,7,31,212,2.12,27.27,21.27,23.6,89.3,13.21,4.62
2018-08-01,2018,8,1,213,5.5,24.99,21.71,22.97,91.7,11.14,4.76
2018-08-02,2018,8,2,214,4.38,27.08,21.41,23.36,89.62,9.51,4.76
2018-08-03,2018,8,3,215,9.01,26.13,21.5,23.1,90.38,12.12,4.77
2018-08-04,2018,8,4,216,12.38,25.12,21.3,22.65,91.42,7.85,5.11
2018-08-05,2018,8,5,217,3.03,26.52,21.23,23.09,89.27,13.53,5.34
2018-08-06,2018,8,6,218,3.27,26.0,20.98,22.85,89.55,9.82,5.83
2018-08-07,2018,8,7,219,5.08,26.34,21.1,23.13,89.26,11.08,5.52
2018-08-08,2018,8,8,220,5.6,25.12,21.48,22.69,91.97,11.54,4.76
2018-08-09,2018,8,9,221,5.48,26.88,21.5,23.36,89.76,10.56,5.28
2018-08-10,2018,8,10,222,7.82,26.92,21.35,23.39,89.23,13.14,5.15
2018-08-11,2018,8,11,223,15.18,26.89,21.54,23.4,89.84,9.97,5.69
2018-08-12,2018,8,12,224,18.63,25.27,21.42,22.84,90.9,10.11,6.24
2018-08-13,2018,8,13,225,24.22,24.43,21.45,22.67,92.09,9.18,6.01
2018-08-14,2018,8,14,226,11.48,27.07,21.75,23.6,90.72,7.69,5.15
2018-08-15,2018,8,15,227,14.91,24.39,21.79,22.71,93.75,7.09,4.6
2018-08-16,2018,8,16,228,25.95,25.23,21.39,22.64,93.16,5.0,5.77
2018-08-17,2018,8,17,229,17.17,25.11,21.23,22.58,92.85,8.43,6.19
2018-08-18,2018,8,18,230,11.74,26.04,21.02,22.91,91.15,9.39,5.49
2018-08-19,2018,8,19,231,20.31,26.16,21.26,23.09,91.11,11.89,5.37
2018-08-20,2018,8,20,232,27.9,25.38,21.14,22.73,92.74,7.32,4.98
2018-08-21,2018,8,21,233,35.83,23.89,21.36,22.35,95.24,5.73,4.42
2018-08-22,2018,8,22,234,28.81,26.0,21.26,22.98,92.45,9.09,4.99
2018-08-23,2018,8,23,235,13.16,26.28,21.13,22.96,91.65,12.62,4.44
2018-08-24,2018,8,24,236,11.0,26.3,20.89,22.93,91.09,12.93,4.18
2018-08-25,2018,8,25,237,13.03,25.6,21.01,22.71,91.73,12.03,4.33
2018-08-26,2018,8,26,238,17.5,25.48,20.96,22.72,91.67,10.07,4.39
2018-08-27,2018,8,27,239,14.12,25.62,21.29,22.94,91.82,11.21,4.21
2018-08-28,2018,8,28,240,6.94,25.86,21.01,22.75,91.66,11.11,3.36
2018-08-29,2018,8,29,241,3.41,26.48,20.65,22.87,91.25,14.93,3.16
2018-08-30,2018,8,30,242,3.21,26.34,20.1,22.65,90.95,15.42,3.3
2018-08-31,2018,8,31,243,4.47,26.09,20.05,22.54,91.06,16.23,3.01
2018-09-01,2018,9,1,244,8.04,26.44,20.42,22.68,90.42,15.06,3.28
2018-09-02,2018,9,2,245,13.76,26.0,20.71,22.59,90.73,11.33,3.97
2018-09-03,2018,9,3,246,9.04,26.22,20.28,22.64,90.17,14.21,3.98
2018-09-04,2018,9,4,247,3.16,26.24,19.8,22.21,90.18,14.56,3.6
2018-09-05,2018,9,5,248,1.91,26.36,19.99,22.43,89.63,17.26,3.74
2018-09-06,2018,9,6,249,1.13,26.09,19.87,22.2,89.67,18.81,3.18
2018-09-07,2018,9,7,250,2.5,25.92,19.67,22.09,89.23,12.79,2.95
2018-09-08,2018,9,8,251,1.58,24.97,18.86,21.48,89.4,19.25,2.52
2018-09-09,2018,9,9,252,0.97,26.22,17.93,21.64,88.42,23.14,1.96
2018-09-10,2018,9,10,253,0.16,27.54,18.56,22.24,85.07,20.85,1.49
2018-09-11,2018,9,11,254,0.03,28.47,18.9,22.86,83.23,23.23,1.41
2018-09-12,2018,9,12,255,0.38,26.94,18.85,22.08,86.89,22.66,1.82
2018-09-13,2018,9,13,256,0.86,26.72,17.97,21.85,88.63,19.59,1.95
2018-09-14,2018,9,14,257,1.87,27.6,18.61,22.6,88.03,20.89,1.74
2018-09-15,2018,9,15,258,4.45,28.05,19.93,23.38,87.3,19.32,1.53
2018-09-16,2018,9,16,259,2.5,28.04,20.19,23.3,87.73,16.36,1.96
2018-09-17,2018,9,17,260,1.32,27.38,19.35,22.59,86.55,22.25,2.11
2018-09-18,2018,9,18,261,1.36,27.83,18.85,22.71,85.47,22.22,1.67
2018-09-19,2018,9,19,262,2.54,26.78,20.55,22.83,88.12,10.68,1.77
2018-09-20,2018,9,20,263,4.93,28.84,20.41,23.89,87.22,15.6,1.79
2018-09-21,2018,9,21,264,3.43,28.95,21.06,24.16,86.64,15.81,1.94
2018-09-22,2018,9,22,265,0.31,26.73,20.75,23.32,88.96,12.25,2.89
2018-09-23,2018,9,23,266,0.23,28.21,20.29,23.44,86.4,18.75,1.6
2018-09-24,2018,9,24,267,0.09,28.53,20.16,23.48,85.85,20.99,1.46
2018-09-25,2018,9,25,268,0.16,29.45,19.98,23.87,85.64,22.69,1.57
2018-09-26,2018,9,26,269,1.94,29.57,20.46,24.63,84.83,21.37,1.17
2018-09-27,2018,9,27,270,5.19,28.54,20.53,24.34,83.07,17.0,0.99
2018-09-28,2018,9,28,271,8.36,29.35,19.83,24.56,80.19,18.29,1.42
2018-09-29,2018,9,29,272,1.03,30.42,20.66,24.97,77.99,14.92,1.85
2018-09-30,2018,9,30,273,0.45,30.85,20.2,24.82,76.51,18.95,1.86
2018-10-01,2018,10,1,274,6.26,31.29,19.87,25.37,76.54,19.27,1.64
2018-10-02,2018,10,2,275,2.34,30.15,20.18,25.07,79.43,19.07,1.48
2018-10-03,2018,10,3,276,2.98,28.85,21.6,24.83,82.92,20.88,1.25
2018-10-04,2018,10,4,277,2.66,27.68,21.44,24.45,82.94,16.7,1.21
2018-10-05,2018,10,5,278,0.26,28.85,21.15,24.81,78.25,16.12,2.01
2018-10-06,2018,10,6,279,0.0,29.87,19.88,24.0,72.7,21.8,2.11
2018-10-07,2018,10,7,280,0.0,31.05,20.1,25.12,68.84,21.23,2.27
2018-10-08,2018,10,8,281,0.09,30.52,20.45,25.02,73.06,17.14,1.72
2018-10-09,2018,10,9,282,0.0,30.33,18.42,24.01,71.55,19.93,1.24
2018-10-10,2018,10,10,283,0.0,30.47,19.11,24.03,71.13,17.95,1.21
2018-10-11,2018,10,11,284,0.0,30.67,17.83,23.45,73.51,19.65,1.72
2018-10-12,2018,10,12,285,0.01,30.85,19.41,24.57,72.31,19.01,1.5
2018-10-13,2018,10,13,286,0.0,30.65,17.94,23.68,66.06,19.47,1.85
2018-10-14,2018,10,14,287,0.0,30.62,16.84,23.52,64.89,21.11,1.61
2018-10-15,2018,10,15,288,0.0,30.55,17.71,23.58,65.49,20.06,1.61
2018-10-16,2018,10,16,289,0.08,30.72,17.67,23.72,71.39,19.71,1.95
2018-10-17,2018,10,17,290,0.55,28.87,20.9,23.81,77.4,14.85,0.91
2018-10-18,2018,10,18,291,5.24,27.63,20.31,23.06,83.13,15.45,0.92
2018-10-19,2018,10,19,292,2.88,28.37,20.02,23.88,75.88,17.89,0.85
2018-10-20,2018,10,20,293,0.01,30.24,18.77,24.07,71.56,20.41,1.19
2018-10-21,2018,10,21,294,0.0,30.29,17.99,23.61,69.81,19.24,1.19
2018-10-22,2018,10,22,295,0.01,30.77,18.11,23.87,68.4,19.37,1.23
2018-10-23,2018,10,23,296,0.02,30.71,17.3,23.66,57.88,20.06,1.48
2018-10-24,2018,10,24,297,0.01,31.04,16.16,23.77,58.3,19.98,1.2
2018-10-25,2018,10,25,298,0.34,28.2,20.17,23.5,72.73,17.42,2.07
2018-10-26,2018,10,26,299,0.06,30.09,19.55,24.06,64.94,18.81,1.52
2018-10-27,2018,10,27,300,0.0,30.3,16.5,22.72,59.5,20.0,2.16
2018-10-28,2018,10,28,301,0.0,30.08,15.93,21.93,57.88,20.44,2.23
2018-10-29,2018,10,29,302,0.0,29.24,14.82,21.13,57.17,20.51,2.17
2018-10-30,2018,10,30,303,0.0,28.52,13.96,20.53,56.55,20.95,2.19
2018-10-31,2018,10,31,304,0.0,29.7,14.68,21.17,59.81,21.27,2.55
2018-11-01,2018,11,1,305,0.0,28.98,14.12,21.44,58.43,20.4,2.23
2018-11-02,2018,11,2,306,0.0,29.74,15.34,22.96,65.79,18.52,1.65
2018-11-03,2018,11,3,307,0.23,29.99,19.59,24.53,74.36,16.74,1.63
2018-11-04,2018,11,4,308,3.51,29.29,20.15,24.34,80.72,17.52,1.17
2018-11-05,2018,11,5,309,9.25,25.74,21.38,23.15,87.82,15.96,1.0
2018-11-06,2018,11,6,310,0.43,29.64,19.63,23.77,74.49,16.95,1.22
2018-11-07,2018,11,7,311,0.0,29.99,18.19,23.25,65.82,18.55,1.68
2018-11-08,2018,11,8,312,0.0,30.36,15.42,22.59,65.11,18.83,1.6
2018-11-09,2018,11,9,313,0.0,30.42,16.2,22.79,64.15,18.85,1.36
2018-11-10,2018,11,10,314,0.0,29.75,15.91,22.22,60.26,18.72,1.33
2018-11-11,2018,11,11,315,0.0,29.74,14.53,21.44,57.68,18.87,1.42
2018-11-12,2018,11,12,316,0.0,29.22,13.49,20.97,54.19,19.53,1.48
2018-11-13,2018,11,13,317,0.0,29.01,13.68,20.8,51.59,19.44,1.26
2018-11-14,2018,11,14,318,0.0,28.95,13.76,20.86,55.66,18.29,1.15
2018-11-15,2018,11,15,319,0.0,30.38,12.6,20.35,51.3,19.23,2.03
2018-11-16,2018,11,16,320,0.0,30.0,13.65,21.07,48.52,19.11,2.12
2018-11-17,2018,11,17,321,0.0,29.95,13.78,21.51,55.53,19.76,1.67
2018-11-18,2018,11,18,322,0.0,30.31,16.2,22.98,63.73,16.75,1.33
2018-11-19,2018,11,19,323,0.05,29.54,18.56,23.73,66.46,14.98,1.02
2018-11-20,2018,11,20,324,0.45,28.67,20.27,24.17,72.64,13.32,0.98
2018-11-21,2018,11,21,325,0.01,28.44,19.52,23.98,71.59,15.95,1.42
2018-11-22,2018,11,22,326,0.0,29.35,18.0,22.87,62.17,17.33,2.09
2018-11-23,2018,11,23,327,0.0,29.57,16.31,21.78,54.29,18.31,2.72
2018-11-24,2018,11,24,328,0.0,29.34,15.19,21.65,56.89,17.92,1.89
2018-11-25,2018,11,25,329,0.0,28.35,14.74,21.44,53.78,14.43,1.51
2018-11-26,2018,11,26,330,0.0,28.62,14.36,21.01,54.76,16.12,1.64
2018-11-27,2018,11,27,331,0.0,28.8,13.64,20.87,45.01,18.07,2.1
2018-11-28,2018,11,28,332,0.0,27.16,14.01,19.74,50.15,17.72,2.06
2018-11-29,2018,11,29,333,0.0,28.12,12.67,19.94,48.8,17.67,2.0
2018-11-30,2018,11,30,334,0.0,28.47,12.65,20.05,48.67,17.65,1.98
2018-12-01,2018,12,1,335,0.0,26.59,12.97,19.52,52.81,15.5,1.88
2018-12-02,2018,12,2,336,0.0,27.76,13.78,20.19,54.75,15.8,1.42
2018-12-03,2018,12,3,337,0.0,28.05,14.67,21.07,59.29,15.42,1.79
2018-12-04,2018,12,4,338,0.0,27.12,16.24,21.14,62.57,14.28,1.9
2018-12-05,2018,12,5,339,0.0,29.05,15.64,21.47,61.1,15.32,1.49
2018-12-06,2018,12,6,340,0.0,28.77,15.14,20.9,63.0,16.69,1.3
2018-12-07,2018,12,7,341,0.0,29.47,13.74,20.69,57.19,15.66,1.37
2018-12-08,2018,12,8,342,0.0,29.56,15.38,21.28,59.19,16.02,1.47
2018-12-09,2018,12,9,343,0.0,29.32,15.33,21.05,57.96,17.6,1.53
2018-12-10,2018,12,10,344,0.0,27.06,14.04,19.89,50.23,18.74,1.49
2018-12-11,2018,12,11,345,0.0,27.67,9.94,17.94,50.01,18.18,1.46
2018-12-12,2018,12,12,346,0.0,26.82,12.78,18.37,59.6,17.83,1.5
2018-12-13,2018,12,13,347,0.0,27.13,10.84,18.15,55.84,17.79,2.15
2018-12-14,2018,12,14,348,0.0,27.22,12.9,19.17,54.54,14.65,3.32
2018-12-15,2018,12,15,349,0.0,27.25,15.08,20.54,59.77,12.76,3.07
2018-12-16,2018,12,16,350,0.0,26.64,12.79,18.91,50.38,14.91,2.69
2018-12-17,2018,12,17,351,0.0,26.32,11.07,17.89,52.54,15.93,2.4
2018-12-18,2018,12,18,352,0.0,27.33,12.98,18.8,59.52,17.37,2.51
2018-12-19,2018,12,19,353,0.0,27.22,10.76,17.71,47.16,18.75,2.46
2018-12-20,2018,12,20,354,0.0,27.51,10.62,18.64,48.45,18.41,2.2
2018-12-21,2018,12,21,355,0.0,28.3,12.21,19.37,57.59,17.67,1.51
2018-12-22,2018,12,22,356,0.0,29.13,11.77,20.14,50.54,17.2,1.35
2018-12-23,2018,12,23,357,0.0,29.39,13.91,21.53,56.32,16.15,1.32
2018-12-24,2018,12,24,358,0.0,30.1,15.87,22.03,62.94,15.12,1.65
2018-12-25,2018,12,25,359,0.0,30.28,16.02,21.93,58.07,15.87,1.47
2018-12-26,2018,12,26,360,0.0,28.88,15.25,20.58,54.29,17.68,1.85
2018-12-27,2018,12,27,361,0.0,28.29,10.11,17.92,35.34,18.99,1.82
2018-12-28,2018,12,28,362,0.0,26.94,9.06,16.78,26.19,18.65,2.58
2018-12-29,2018,12,29,363,0.0,27.93,8.98,17.17,26.77,18.54,2.4
2018-12-30,2018,12,30,364,0.0,28.02,9.81,17.4,27.99,17.88,2.78
2018-12-31,2018,12,31,365,0.0,28.45,10.25,18.13,29.18,16.9,2.72
2019-01-01,2019,1,1,1,0.0,29.66,10.32,19.42,26.85,18.28,1.86
2019-01-02,2019,1,2,2,0.0,30.49,10.51,20.31,29.01,18.06,1.13
2019-01-03,2019,1,3,3,0.0,30.15,12.91,20.83,31.66,18.36,1.22
2019-01-04,2019,1,4,4,0.0,30.66,10.98,20.67,30.66,18.31,1.44
2019-01-05,2019,1,5,5,0.0,30.62,12.16,20.4,38.25,17.92,1.66
2019-01-06,2019,1,6,6,0.0,30.34,11.75,19.43,38.53,17.92,1.48
2019-01-07,2019,1,7,7,0.0,29.39,11.49,18.93,33.15,18.12,2.7
2019-01-08,2019,1,8,8,0.0,29.75,10.63,18.97,28.1,18.38,2.14
2019-01-09,2019,1,9,9,0.0,30.78,10.46,19.56,30.5,18.65,1.32
2019-01-10,2019,1,10,10,0.0,30.71,10.29,19.69,29.95,18.06,1.84
2019-01-11,2019,1,11,11,0.0,30.65,11.13,19.82,36.49,17.64,1.64
2019-01-12,2019,1,12,12,0.0,30.06,15.0,20.33,36.78,17.74,1.57
2019-01-13,2019,1,13,13,0.0,29.98,11.03,19.48,40.7,17.91,1.45
2019-01-14,2019,1,14,14,0.0,30.0,12.71,20.07,41.09,17.18,2.37
2019-01-15,2019,1,15,15,0.0,30.12,13.36,20.91,38.8,17.39,2.49
2019-01-16,2019,1,16,16,0.0,31.11,13.52,21.69,43.06,17.03,1.73
2019-01-17,2019,1,17,17,0.0,31.3,13.03,21.65,36.0,17.37,1.56
2019-01-18,2019,1,18,18,0.0,31.56,12.79,21.6,32.27,18.04,1.48
2019-01-19,2019,1,19,19,0.0,31.27,13.15,21.74,31.33,17.83,2.03
2019-01-20,2019,1,20,20,0.0,31.51,13.44,22.44,32.48,17.98,1.69
2019-01-21,2019,1,21,21,0.0,30.84,13.46,20.6,45.73,18.87,2.23
2019-01-22,2019,1,22,22,0.0,27.82,13.13,18.81,69.84,18.88,1.74
2019-01-23,2019,1,23,23,0.0,27.56,13.29,18.73,68.19,19.06,1.7
2019-01-24,2019,1,24,24,0.0,29.33,10.12,18.33,47.82,20.37,1.94
2019-01-25,2019,1,25,25,0.0,28.09,9.29,17.29,38.74,20.45,1.88
2019-01-26,2019,1,26,26,0.0,28.38,8.67,18.06,41.05,18.2,1.98
2019-01-27,2019,1,27,27,0.0,27.51,12.54,19.6,58.5,17.13,3.2
2019-01-28,2019,1,28,28,0.0,26.99,12.08,18.49,38.34,18.42,3.36
2019-01-29,2019,1,29,29,0.0,28.28,10.48,18.09,25.56,18.54,3.19
2019-01-30,2019,1,30,30,0.0,29.57,9.94,19.11,25.3,20.25,1.86
2019-01-31,2019,1,31,31,0.0,30.82,11.8,20.58,32.72,19.73,1.29
2019-02-01,2019,2,1,32,0.0,30.96,13.13,21.1,42.88,19.22,1.7
2019-02-02,2019,2,2,33,0.0,31.12,13.89,21.51,43.26,18.14,1.78
2019-02-03,2019,2,3,34,0.0,31.28,14.97,22.89,43.35,16.94,1.84
2019-02-04,2019,2,4,35,0.0,32.22,15.76,23.38,40.92,18.7,2.78
2019-02-05,2019,2,5,36,0.0,32.41,15.46,23.26,44.95,19.1,1.41
2019-02-06,2019,2,6,37,0.0,32.43,15.28,22.26,48.4,19.64,2.23
2019-02-07,2019,2,7,38,0.0,27.71,12.03,18.46,62.65,21.32,2.68
2019-02-08,2019,2,8,39,0.0,26.85,9.95,16.73,55.37,22.96,2.46
2019-02-09,2019,2,9,40,0.0,30.07,7.2,17.26,30.71,23.29,2.23
2019-02-10,2019,2,10,41,0.0,32.31,10.47,20.07,22.67,22.37,2.89
2019-02-11,2019,2,11,42,0.0,32.98,12.78,22.37,28.83,21.19,1.4
2019-02-12,2019,2,12,43,0.0,33.74,16.54,25.23,39.24,17.34,1.55
2019-02-13,2019,2,13,44,0.0,34.21,18.92,26.05,40.27,18.82,1.36
2019-02-14,2019,2,14,45,0.0,34.36,17.75,24.9,39.92,19.93,2.11
2019-02-15,2019,2,15,46,0.0,32.3,16.34,22.79,44.66,22.13,2.34
2019-02-16,2019,2,16,47,0.0,32.44,12.85,21.47,38.73,23.41,1.65
2019-02-17,2019,2,17,48,0.0,32.59,13.03,21.65,29.74,22.61,1.68
2019-02-18,2019,2,18,49,0.0,35.27,13.72,23.18,27.99,21.51,1.6
2019-02-19,2019,2,19,50,0.0,36.61,15.99,24.99,28.22,22.17,1.58
2019-02-20,2019,2,20,51,0.0,37.18,15.78,25.2,34.08,21.55,2.5
2019-02-21,2019,2,21,52,0.0,36.12,17.76,25.94,50.63,20.61,2.01
2019-02-22,2019,2,22,53,0.0,35.57,20.34,27.49,37.91,19.25,1.49
2019-02-23,2019,2,23,54,0.0,37.03,19.99,27.69,30.62,21.83,2.32
2019-02-24,2019,2,24,55,0.0,36.43,19.2,26.29,23.18,22.82,2.39
2019-02-25,2019,2,25,56,0.0,35.38,17.77,25.24,26.87,23.88,2.21
2019-02-26,2019,2,26,57,0.0,31.94,16.41,23.19,33.45,22.8,2.79
2019-02-27,2019,2,27,58,0.0,30.26,14.93,21.57,47.79,23.05,2.69
2019-02-28,2019,2,28,59,0.0,31.36,13.24,21.67,43.68,24.57,1.39
2019-03-01,2019,3,1,60,0.0,34.09,12.79,22.93,26.05,24.2,1.33
2019-03-02,2019,3,2,61,0.0,37.06,15.58,24.84,34.71,23.74,2.59
2019-03-03,2019,3,3,62,0.0,34.12,16.56,23.59,59.28,24.09,2.14
2019-03-04,2019,3,4,63,0.0,33.46,16.9,23.34,64.13,23.73,2.94
2019-03-05,2019,3,5,64,0.0,33.01,17.17,23.14,59.49,23.53,2.71
2019-03-06,2019,3,6,65,0.0,32.57,14.07,21.93,55.2,24.14,2.39
2019-03-07,2019,3,7,66,0.0,34.31,12.87,22.96,40.9,25.27,2.03
2019-03-08,2019,3,8,67,0.0,36.4,16.11,25.47,27.08,24.03,2.26
2019-03-09,2019,3,9,68,0.0,36.16,17.77,25.9,29.82,24.57,2.28
2019-03-10,2019,3,10,69,0.0,37.32,16.96,25.84,30.31,24.95,2.36
2019-03-11,2019,3,11,70,0.0,35.59,17.15,25.07,38.21,24.91,2.45
2019-03-12,2019,3,12,71,0.0,36.29,15.98,25.36,39.24,24.39,1.94
2019-03-13,2019,3,13,72,0.0,35.07,16.36,24.67,43.19,23.29,2.75
2019-03-14,2019,3,14,73,0.0,35.15,16.29,24.76,39.89,23.44,2.68
2019-03-15,2019,3,15,74,0.0,36.78,16.95,26.18,24.12,24.87,2.06
2019-03-16,2019,3,16,75,0.0,38.11,18.18,27.29,22.85,25.16,2.06
2019-03-17,2019,3,17,76,0.0,36.81,18.98,26.5,24.75,25.4,2.34
2019-03-18,2019,3,18,77,0.0,37.56,17.77,26.51,25.89,25.08,2.36
2019-03-19,2019,3,19,78,0.0,37.73,18.0,26.75,25.72,25.96,2.3
2019-03-20,2019,3,20,79,0.0,37.26,18.17,26.32,31.9,25.42,2.37
2019-03-21,2019,3,21,80,0.0,36.65,16.05,25.55,41.53,25.69,2.27
2019-03-22,2019,3,22,81,0.0,37.15,16.64,26.2,29.97,26.32,2.06
2019-03-23,2019,3,23,82,0.0,38.99,18.15,28.21,21.9,25.81,1.89
2019-03-24,2019,3,24,83,0.0,39.52,19.31,29.21,18.41,25.46,1.84
2019-03-25,2019,3,25,84,0.0,40.3,20.91,30.6,20.81,23.4,2.14
2019-03-26,2019,3,26,85,0.0,40.16,21.45,30.25,21.44,25.28,2.06
2019-03-27,2019,3,27,86,0.0,40.11,20.8,29.25,29.66,25.62,1.64
2019-03-28,2019,3,28,87,0.0,40.36,19.54,29.34,22.37,25.95,1.67
2019-03-29,2019,3,29,88,0.0,40.69,19.6,29.84,27.78,25.98,1.77
2019-03-30,2019,3,30,89,0.0,40.46,20.98,29.79,32.82,24.69,2.25
2019-03-31,2019,3,31,90,0.0,38.76,20.65,28.66,42.91,24.77,2.56
2019-04-01,2019,4,1,91,0.0,38.76,19.23,27.65,39.64,26.7,2.58
2019-04-02,2019,4,2,92,0.0,39.93,18.95,28.38,38.44,27.51,1.94
2019-04-03,2019,4,3,93,0.0,40.87,18.84,29.5,38.82,26.48,1.99
2019-04-04,2019,4,4,94,0.01,41.41,20.82,30.08,33.83,24.94,2.34
2019-04-05,2019,4,5,95,0.0,39.7,20.85,28.91,48.97,25.27,2.3
2019-04-06,2019,4,6,96,0.0,39.94,20.42,29.19,40.66,26.07,2.65
2019-04-07,2019,4,7,97,0.0,39.16,20.46,28.86,39.22,26.55,2.55
2019-04-08,2019,4,8,98,0.0,40.31,19.72,29.34,39.3,27.01,2.68
2019-04-09,2019,4,9,99,0.0,38.91,20.31,28.53,39.51,26.92,2.87
2019-04-10,2019,4,10,100,0.0,40.3,19.9,29.29,30.94,27.37,2.48
2019-04-11,2019,4,11,101,0.0,40.52,19.62,29.69,37.09,27.08,2.33
2019-04-12,2019,4,12,102,0.02,40.31,21.18,29.99,39.81,26.09,2.34
2019-04-13,2019,4,13,103,0.02,41.32,21.76,31.46,28.87,24.46,1.93
2019-04-14,2019,4,14,104,0.78,39.34,23.23,31.31,33.63,22.8,1.66
2019-04-15,2019,4,15,105,1.17,37.27,24.74,29.86,36.61,23.83,2.24
2019-04-16,2019,4,16,106,0.6,35.54,22.23,28.16,51.31,22.32,2.88
2019-04-17,2019,4,17,107,0.0,35.42,19.24,26.22,48.69,27.19,3.01
2019-04-18,2019,4,18,108,0.0,37.66,15.04,26.1,39.01,28.57,2.39
2019-04-19,2019,4,19,109,0.0,38.62,18.35,27.63,46.72,26.53,2.6
2019-04-20,2019,4,20,110,0.0,38.26,18.99,27.96,40.35,28.17,2.61
2019-04-21,2019,4,21,111,0.0,37.78,19.26,27.89,47.02,28.1,2.87
2019-04-22,2019,4,22,112,0.0,38.33,19.17,28.28,39.08,28.54,2.75
2019-04-23,2019,4,23,113,0.0,40.65,19.02,29.49,37.35,27.17,2.33
2019-04-24,2019,4,24,114,0.0,41.71,21.21,31.05,33.89,26.29,2.24
2019-04-25,2019,4,25,115,0.0,41.89,21.51,31.65,39.06,25.52,2.11
2019-04-26,2019,4,26,116,0.0,43.2,23.5,33.03,31.62,25.82,2.57
2019-04-27,2019,4,27,117,0.0,42.96,24.1,33.59,32.96,23.44,2.29
2019-04-28,2019,4,28,118,0.0,42.52,26.02,33.52,27.23,24.23,2.76
2019-04-29,2019,4,29,119,0.0,40.33,22.71,31.15,39.9,23.85,3.0
2019-04-30,2019,4,30,120,0.0,38.7,23.0,30.01,38.14,25.22,3.18
2019-05-01,2019,5,1,121,0.0,36.93,20.75,27.52,52.89,25.49,3.61
2019-05-02,2019,5,2,122,0.0,36.75,19.78,26.92,51.79,26.91,3.35
2019-05-03,2019,5,3,123,0.0,35.87,19.16,26.44,55.73,27.47,3.37
2019-05-04,2019,5,4,124,0.0,35.71,20.31,26.85,60.49,26.69,3.45
2019-05-05,2019,5,5,125,0.0,36.89,21.1,27.69,55.5,27.09,3.24
2019-05-06,2019,5,6,126,0.0,38.68,20.57,28.79,52.18,26.93,2.7
2019-05-07,2019,5,7,127,0.0,37.91,20.54,28.44,54.3,26.81,3.26
2019-05-08,2019,5,8,128,0.0,36.95,22.11,27.95,59.73,25.69,3.81
2019-05-09,2019,5,9,129,0.0,36.52,21.67,27.49,56.54,26.7,3.83
2019-05-10,2019,5,10,130,0.0,36.87,21.28,27.57,55.08,28.13,3.65
2019-05-11,2019,5,11,131,0.0,39.1,20.44,28.44,53.34,28.09,3.45
2019-05-12,2019,5,12,132,0.0,40.07,20.7,29.1,53.75,27.85,3.29
2019-05-13,2019,5,13,133,0.0,39.67,21.7,29.19,51.96,27.83,3.57
2019-05-14,2019,5,14,134,0.0,38.9,20.72,28.69,50.78,28.73,3.33
2019-05-15,2019,5,15,135,0.0,38.82,20.31,28.63,49.47,28.59,3.19
2019-05-16,2019,5,16,136,0.13,38.68,20.19,28.53,49.32,28.42,2.91
2019-05-17,2019,5,17,137,0.0,39.2,19.61,28.97,48.47,27.73,3.23
2019-05-18,2019,5,18,138,0.0,39.91,21.01,30.13,41.4,27.47,3.25
2019-05-19,2019,5,19,139,0.0,40.62,22.95,31.25,32.33,27.76,3.29
2019-05-20,2019,5,20,140,0.0,41.61,22.83,31.54,34.77,27.83,3.05
2019-05-21,2019,5,21,141,0.0,40.65,22.46,30.52,50.67,26.21,3.23
2019-05-22,2019,5,22,142,0.0,39.92,22.93,30.31,54.29,26.73,3.32
2019-05-23,2019,5,23,143,0.0,38.69,22.82,29.59,55.05,27.46,3.6
2019-05-24,2019,5,24,144,0.0,38.43,22.22,29.47,55.67,27.11,3.3
2019-05-25,2019,5,25,145,0.0,37.1,23.3,29.26,54.54,26.13,3.34
2019-05-26,2019,5,26,146,0.0,37.79,22.33,29.24,50.61,27.48,3.41
2019-05-27,2019,5,27,147,0.0,38.43,21.94,29.51,52.62,25.98,3.37
2019-05-28,2019,5,28,148,0.0,40.01,22.59,30.21,52.63,27.28,3.86
2019-05-29,2019,5,29,149,0.0,39.95,22.84,30.09,52.51,26.97,3.81
2019-05-30,2019,5,30,150,0.0,38.92,22.55,29.7,56.49,26.98,3.99
2019-05-31,2019,5,31,151,0.0,39.64,23.56,30.05,55.38,26.41,3.89
2019-06-01,2019,6,1,152,0.0,39.8,23.87,30.07,55.02,25.18,3.74
2019-06-02,2019,6,2,153,0.0,40.0,23.43,30.43,57.14,26.18,3.98
2019-06-03,2019,6,3,154,0.01,31.84,24.0,27.52,64.48,22.98,3.33
2019-06-04,2019,6,4,155,0.02,37.69,23.57,29.34,59.15,21.78,4.07
2019-06-05,2019,6,5,156,0.06,38.72,22.91,30.2,54.83,24.19,3.36
2019-06-06,2019,6,6,157,0.03,37.31,24.32,29.92,51.96,18.88,3.74
2019-06-07,2019,6,7,158,0.19,38.63,23.19,30.17,53.86,22.88,3.44
2019-06-08,2019,6,8,159,0.95,32.1,24.41,28.62,61.15,22.34,2.31
2019-06-09,2019,6,9,160,5.27,31.85,24.96,28.09,66.67,20.21,1.98
2019-06-10,2019,6,10,161,14.23,32.52,24.2,27.62,75.41,20.36,1.7
2019-06-11,2019,6,11,162,10.93,33.56,24.31,27.29,77.03,20.94,2.43
2019-06-12,2019,6,12,163,6.89,30.89,23.4,26.4,76.7,11.22,5.65
2019-06-13,2019,6,13,164,5.97,30.86,22.67,25.95,73.65,18.44,5.73
2019-06-14,2019,6,14,165,12.72,31.07,21.96,25.68,75.32,19.7,4.71
2019-06-15,2019,6,15,166,12.67,31.22,22.73,26.07,76.76,16.78,4.65
2019-06-16,2019,6,16,167,2.54,32.13,23.05,26.67,76.85,20.98,4.14
2019-06-17,2019,6,17,168,2.08,31.44,23.11,26.37,76.99,19.38,4.48
2019-06-18,2019,6,18,169,5.26,31.08,22.77,26.16,77.38,17.88,4.87
2019-06-19,2019,6,19,170,7.58,30.71,23.17,26.1,79.27,13.25,4.1
2019-06-20,2019,6,20,171,1.46,31.46,22.95,26.35,76.93,21.23,3.76
2019-06-21,2019,6,21,172,0.04,33.23,22.15,26.91,72.29,21.77,3.25
2019-06-22,2019,6,22,173,0.86,32.1,22.79,26.54,73.82,19.15,2.62
2019-06-23,2019,6,23,174,3.21,29.62,23.24,25.44,79.97,15.02,2.66
2019-06-24,2019,6,24,175,6.64,27.13,22.58,24.59,82.4,13.7,2.43
2019-06-25,2019,6,25,176,4.66,31.97,22.66,26.29,78.84,19.22,2.73
2019-06-26,2019,6,26,177,9.6,31.4,23.2,26.02,82.16,18.37,2.48
2019-06-27,2019,6,27,178,58.54,28.97,22.85,24.98,87.12,13.72,3.75
2019-06-28,2019,6,28,179,106.74,26.56,21.81,23.65,90.76,3.9,5.1
2019-06-29,2019,6,29,180,39.67,25.17,21.7,23.5,92.59,7.99,4.61
2019-06-30,2019,6,30,181,38.02,26.66,22.86,24.25,89.69,8.86,4.16
2019-07-01,2019,7,1,182,55.88,25.6,22.72,23.83,90.95,6.24,3.82
2019-07-02,2019,7,2,183,32.6,27.58,22.3,24.35,88.49,11.2,4.03
2019-07-03,2019,7,3,184,12.79,26.3,21.93,23.89,89.78,11.09,3.53
2019-07-04,2019,7,4,185,4.47,25.84,20.6,23.0,83.28,13.28,3.79
2019-07-05,2019,7,5,186,35.31,26.55,20.71,24.3,91.46,9.07,5.35
2019-07-06,2019,7,6,187,63.1,25.82,23.4,24.22,93.07,7.38,6.38
2019-07-07,2019,7,7,188,45.42,25.57,23.26,24.12,93.98,12.0,5.78
2019-07-08,2019,7,8,189,39.66,26.96,23.25,24.65,91.54,4.96,5.62
2019-07-09,2019,7,9,190,29.36,26.84,23.64,24.73,92.66,11.93,5.55
2019-07-10,2019,7,10,191,30.98,26.88,23.49,24.71,92.06,7.03,5.73
2019-07-11,2019,7,11,192,36.32,25.38,23.19,24.13,93.71,10.55,5.36
2019-07-12,2019,7,12,193,5.46,27.61,22.57,24.65,89.44,16.38,4.53
2019-07-13,2019,7,13,194,7.02,27.21,22.76,24.51,90.72,16.28,4.25
2019-07-14,2019,7,14,195,11.35,26.68,22.89,24.3,92.21,15.59,4.55
2019-07-15,2019,7,15,196,8.54,27.56,22.46,24.44,89.7,15.06,4.08
2019-07-16,2019,7,16,197,7.85,26.38,22.45,24.01,91.42,15.13,4.18
2019-07-17,2019,7,17,198,2.4,26.8,22.02,24.01,89.81,16.1,3.39
2019-07-18,2019,7,18,199,3.7,28.27,21.7,24.4,87.72,18.3,2.67
2019-07-19,2019,7,19,200,14.57,28.98,21.64,24.92,87.21,21.45,1.62
2019-07-20,2019,7,20,201,17.59,29.36,22.61,25.37,86.02,13.45,0.86
2019-07-21,2019,7,21,202,11.95,28.83,22.7,25.12,88.37,18.02,1.6
2019-07-22,2019,7,22,203,12.63,26.99,23.01,24.64,92.83,20.23,2.76
2019-07-23,2019,7,23,204,10.95,28.84,22.56,24.8,90.22,15.45,2.8
2019-07-24,2019,7,24,205,41.9,25.52,23.19,24.04,93.84,9.88,4.44
2019-07-25,2019,7,25,206,24.46,26.23,23.08,24.19,93.44,7.58,4.77
2019-07-26,2019,7,26,207,72.45,25.4,23.02,23.81,94.15,6.48,5.3
2019-07-27,2019,7,27,208,62.85,24.24,22.6,23.4,95.4,4.6,6.18
2019-07-28,2019,7,28,209,26.8,24.93,22.56,23.52,94.3,8.39,5.97
2019-07-29,2019,7,29,210,55.34,24.29,22.52,23.28,95.47,4.3,5.82
2019-07-30,2019,7,30,211,46.2,24.19,22.02,22.96,95.31,5.34,5.87
2019-07-31,2019,7,31,212,32.18,24.46,22.04,23.15,94.78,8.71,5.71
2019-08-01,2019,8,1,213,36.67,25.78,22.04,23.53,92.75,9.88,6.22
2019-08-02,2019,8,2,214,52.34,25.19,21.89,23.27,93.85,7.78,6.57
2019-08-03,2019,8,3,215,71.94,24.43,22.67,23.39,96.03,5.93,6.4
2019-08-04,2019,8,4,216,103.69,24.5,22.57,23.38,96.42,4.81,6.0
2019-08-05,2019,8,5,217,39.84,24.72,22.87,23.6,95.23,6.14,6.48
2019-08-06,2019,8,6,218,27.76,24.5,22.85,23.51,95.25,7.34,6.49
2019-08-07,2019,8,7,219,32.7,24.4,22.84,23.44,95.89,5.98,6.29
2019-08-08,2019,8,8,220,22.64,24.86,22.48,23.25,95.08,7.46,6.57
2019-08-09,2019,8,9,221,24.63,24.25,22.43,23.12,95.84,8.0,6.54
2019-08-10,2019,8,10,222,22.81,25.58,21.53,23.26,93.32,8.8,6.72
2019-08-11,2019,8,11,223,15.0,25.95,21.33,23.04,92.25,10.56,5.23
2019-08-12,2019,8,12,224,7.28,25.47,21.37,23.17,92.78,12.13,3.76
2019-08-13,2019,8,13,225,7.85,27.2,21.76,23.83,92.28,10.6,4.1
2019-08-14,2019,8,14,226,6.7,25.47,22.31,23.42,94.52,11.97,3.31
2019-08-15,2019,8,15,227,7.41,26.84,22.29,23.92,92.04,12.35,4.29
2019-08-16,2019,8,16,228,7.02,27.23,21.83,23.9,90.95,14.0,4.37
2019-08-17,2019,8,17,229,2.41,27.05,21.4,23.58,90.36,16.34,3.43
2019-08-18,2019,8,18,230,2.53,27.0,21.11,23.44,90.57,13.43,2.98
2019-08-19,2019,8,19,231,1.6,27.3,20.88,23.43,90.68,18.0,2.51
2019-08-20,2019,8,20,232,2.02,26.89,20.96,23.32,90.58,17.4,2.42
2019-08-21,2019,8,21,233,9.44,27.21,20.46,23.43,90.29,14.11,2.98
2019-08-22,2019,8,22,234,7.53,26.77,20.93,23.27,90.11,15.75,2.7
2019-08-23,2019,8,23,235,5.2,26.36,20.39,23.09,90.69,17.43,2.49
2019-08-24,2019,8,24,236,5.24,26.64,21.2,23.35,90.0,18.76,2.98
2019-08-25,2019,8,25,237,3.43,26.14,20.37,22.59,89.84,17.12,2.57
2019-08-26,2019,8,26,238,1.69,26.0,19.87,22.48,90.36,16.83,2.8
2019-08-27,2019,8,27,239,3.28,26.43,20.02,22.83,90.07,16.25,2.94
2019-08-28,2019,8,28,240,1.47,27.59,20.66,23.67,89.11,18.81,2.57
2019-08-29,2019,8,29,241,8.11,28.27,20.95,24.12,89.43,20.56,2.39
2019-08-30,2019,8,30,242,17.11,27.4,21.9,24.02,90.72,10.58,3.13
2019-08-31,2019,8,31,243,23.48,26.05,22.21,23.7,93.52,7.96,3.62
2019-09-01,2019,9,1,244,15.58,25.3,22.49,23.47,92.9,7.92,3.44
2019-09-02,2019,9,2,245,21.02,26.65,22.5,24.03,91.87,12.69,3.98
2019-09-03,2019,9,3,246,55.34,25.81,21.36,23.24,93.01,9.26,4.24
2019-09-04,2019,9,4,247,67.23,25.13,22.17,23.11,95.22,6.17,3.92
2019-09-05,2019,9,5,248,45.24,25.06,22.32,23.52,95.25,8.95,4.63
2019-09-06,2019,9,6,249,38.78,25.11,22.05,23.3,94.45,7.71,4.97
2019-09-07,2019,9,7,250,54.96,25.32,21.67,23.28,94.21,7.85,5.02
2019-09-08,2019,9,8,251,27.33,25.49,21.97,23.36,93.83,8.93,4.7
2019-09-09,2019,9,9,252,23.5,25.91,22.26,23.62,93.73,9.19,4.51
2019-09-10,2019,9,10,253,16.41,26.51,22.06,23.73,92.94,9.57,4.23
2019-09-11,2019,9,11,254,9.0,25.43,21.75,23.21,93.2,9.68,4.02
2019-09-12,2019,9,12,255,15.07,24.66,21.83,22.88,94.16,9.81,3.55
2019-09-13,2019,9,13,256,30.05,26.24,21.93,23.53,93.34,11.54,4.1
2019-09-14,2019,9,14,257,32.87,26.67,22.08,23.75,92.79,14.03,3.62
2019-09-15,2019,9,15,258,10.27,26.86,20.99,23.27,91.6,10.16,2.53
2019-09-16,2019,9,16,259,9.09,26.57,20.58,22.98,92.03,10.27,2.96
2019-09-17,2019,9,17,260,14.08,26.38,21.69,23.48,92.45,8.45,2.8
2019-09-18,2019,9,18,261,15.29,27.8,21.42,24.17,92.64,9.61,1.86
2019-09-19,2019,9,19,262,22.14,28.34,22.06,24.37,90.66,11.29,1.26
2019-09-20,2019,9,20,263,11.58,25.45,20.81,22.93,93.09,12.55,3.93
2019-09-21,2019,9,21,264,6.57,27.57,19.61,23.18,90.46,16.61,2.32
2019-09-22,2019,9,22,265,2.8,28.49,21.11,24.09,91.21,18.12,2.13
2019-09-23,2019,9,23,266,16.22,28.28,21.05,24.13,88.86,20.08,1.54
2019-09-24,2019,9,24,267,38.27,27.18,21.89,24.09,91.89,15.01,1.21
2019-09-25,2019,9,25,268,45.5,26.78,22.35,24.01,92.25,12.98,1.95
2019-09-26,2019,9,26,269,30.25,24.71,21.71,23.0,96.08,14.65,2.69
2019-09-27,2019,9,27,270,2.52,26.06,20.58,22.7,92.39,13.55,2.8
2019-09-28,2019,9,28,271,1.26,26.8,20.48,22.99,91.65,15.74,2.26
2019-09-29,2019,9,29,272,0.77,26.42,19.82,22.76,91.86,19.21,2.05
2019-09-30,2019,9,30,273,1.74,26.83,20.42,23.14,91.9,20.01,1.89
2019-10-01,2019,10,1,274,0.6,27.59,20.0,23.16,89.54,20.72,1.79
2019-10-02,2019,10,2,275,0.16,28.34,20.09,23.49,86.29,22.49,1.33
2019-10-03,2019,10,3,276,1.74,29.04,20.39,24.09,86.41,19.12,1.11
2019-10-04,2019,10,4,277,15.37,27.34,21.12,23.66,88.65,16.33,1.0
2019-10-05,2019,10,5,278,16.83,27.13,20.83,23.77,85.97,19.37,0.71
2019-10-06,2019,10,6,279,6.29,26.97,20.39,23.36,86.26,19.02,0.84
2019-10-07,2019,10,7,280,6.71,27.42,20.57,23.65,87.82,19.17,0.97
2019-10-08,2019,10,8,281,11.69,28.62,20.4,24.17,86.06,18.57,1.59
2019-10-09,2019,10,9,282,12.94,28.27,20.77,24.09,85.57,15.86,1.77
2019-10-10,2019,10,10,283,6.18,27.43,20.58,24.0,83.86,16.36,1.38
2019-10-11,2019,10,11,284,2.72,27.03,20.56,23.8,83.88,18.29,0.97
2019-10-12,2019,10,12,285,4.54,27.56,20.36,23.72,86.56,18.8,1.14
2019-10-13,2019,10,13,286,5.39,26.22,21.26,23.31,91.23,16.59,1.45
2019-10-14,2019,10,14,287,0.2,28.75,20.44,24.04,85.25,18.94,2.09
2019-10-15,2019,10,15,288,0.0,28.08,18.95,22.96,81.11,19.79,2.52
2019-10-16,2019,10,16,289,0.0,27.26,17.37,21.81,81.22,19.95,2.55
2019-10-17,2019,10,17,290,0.03,27.16,19.02,22.77,85.9,18.4,2.36
2019-10-18,2019,10,18,291,1.94,26.12,20.43,22.57,87.77,8.09,2.22
2019-10-19,2019,10,19,292,31.91,23.93,19.61,21.64,94.09,6.28,2.75
2019-10-20,2019,10,20,293,18.34,24.78,19.99,21.85,92.83,7.06,2.5
2019-10-21,2019,10,21,294,19.05,24.31,20.28,22.03,93.52,16.33,2.04
2019-10-22,2019,10,22,295,17.93,25.24,20.68,22.43,94.77,13.32,1.58
2019-10-23,2019,10,23,296,14.99,24.93,20.7,22.47,91.61,9.4,1.41
2019-10-24,2019,10,24,297,8.63,24.38,20.6,22.24,94.72,8.53,1.64
2019-10-25,2019,10,25,298,4.57,24.94,20.42,22.27,93.27,8.0,3.83
2019-10-26,2019,10,26,299,1.45,26.09,20.18,22.6,91.21,7.94,3.25
2019-10-27,2019,10,27,300,1.07,25.36,18.27,21.73,84.27,16.88,1.71
2019-10-28,2019,10,28,301,2.61,27.69,17.11,22.43,87.28,18.93,1.51
2019-10-29,2019,10,29,302,1.05,28.19,20.39,23.91,88.61,18.52,1.35
2019-10-30,2019,10,30,303,2.7,27.76,21.1,23.72,88.86,18.72,2.13
2019-10-31,2019,10,31,304,0.74,25.74,20.52,22.47,89.88,11.84,2.82
2019-11-01,2019,11,1,305,9.99,24.41,20.66,22.21,94.12,11.51,2.77
2019-11-02,2019,11,2,306,5.98,26.2,18.89,22.3,87.65,17.76,1.48
2019-11-03,2019,11,3,307,8.22,27.79,19.44,22.78,87.49,18.03,1.17
2019-11-04,2019,11,4,308,12.55,28.18,19.22,23.14,88.93,15.82,1.25
2019-11-05,2019,11,5,309,2.59,28.39,18.86,23.14,84.3,17.47,1.2
2019-11-06,2019,11,6,310,1.87,27.84,19.05,22.94,83.22,16.3,1.07
2019-11-07,2019,11,7,311,0.84,26.95,18.6,22.21,90.48,16.82,1.51
2019-11-08,2019,11,8,312,2.72,26.43,18.46,21.57,89.69,18.72,1.52
2019-11-09,2019,11,9,313,0.63,27.37,18.13,21.85,81.81,20.07,0.64
2019-11-10,2019,11,10,314,0.0,27.81,16.71,22.03,82.16,19.95,1.05
2019-11-11,2019,11,11,315,0.0,28.01,16.92,22.07,80.31,17.99,1.41
2019-11-12,2019,11,12,316,0.0,27.1,17.19,21.91,83.02,15.85,1.85
2019-11-13,2019,11,13,317,0.0,26.17,16.99,21.05,84.36,16.5,2.32
2019-11-14,2019,11,14,318,0.01,26.14,14.91,20.58,83.02,17.67,2.19
2019-11-15,2019,11,15,319,0.0,26.59,18.13,22.08,83.81,15.53,1.53
2019-11-16,2019,11,16,320,0.0,27.19,17.92,22.2,86.3,16.6,1.85
2019-11-17,2019,11,17,321,0.0,26.54,18.5,21.72,85.24,16.58,2.22
2019-11-18,2019,11,18,322,0.0,26.65,16.58,20.65,83.1,17.66,2.28
2019-11-19,2019,11,19,323,0.0,25.99,15.75,19.87,80.03,16.97,2.15
2019-11-20,2019,11,20,324,0.0,27.12,14.65,20.82,78.97,15.08,1.74
2019-11-21,2019,11,21,325,0.0,26.85,16.81,21.5,84.07,14.63,2.04
2019-11-22,2019,11,22,326,0.0,26.45,16.39,20.97,81.23,15.79,2.0
2019-11-23,2019,11,23,327,0.0,25.98,15.35,20.23,79.5,17.27,2.07
2019-11-24,2019,11,24,328,0.0,25.18,15.35,19.31,79.71,17.36,2.17
2019-11-25,2019,11,25,329,0.0,26.68,13.98,19.77,79.03,17.51,2.06
2019-11-26,2019,11,26,330,0.0,26.34,15.02,19.95,78.98,17.5,2.16
2019-11-27,2019,11,27,331,0.0,26.24,15.14,19.93,77.27,16.79,2.28
2019-11-28,2019,11,28,332,0.0,26.97,14.77,20.78,79.39,17.14,2.07
2019-11-29,2019,11,29,333,0.0,27.45,16.73,21.53,80.01,15.59,1.7
2019-11-30,2019,11,30,334,0.0,27.31,17.03,21.91,80.19,15.06,2.08
2019-12-01,2019,12,1,335,0.0,27.03,18.77,22.15,84.12,15.12,2.02
2019-12-02,2019,12,2,336,0.04,26.86,18.19,21.64,83.17,16.34,2.64
2019-12-03,2019,12,3,337,0.03,26.1,17.54,21.3,86.56,13.82,2.58
2019-12-04,2019,12,4,338,0.07,25.03,18.75,21.47,87.66,11.93,2.58
2019-12-05,2019,12,5,339,0.02,25.31,18.7,21.46,87.31,10.13,2.33
2019-12-06,2019,12,6,340,0.0,25.06,16.04,20.17,80.87,14.74,2.54
2019-12-07,2019,12,7,341,0.0,25.68,15.05,19.94,80.68,15.04,2.54
2019-12-08,2019,12,8,342,0.0,26.48,14.41,20.46,78.71,14.52,1.87
2019-12-09,2019,12,9,343,0.0,27.03,16.34,21.49,81.63,15.67,1.75
2019-12-10,2019,12,10,344,0.0,26.96,17.0,21.6,78.66,15.6,1.56
2019-12-11,2019,12,11,345,0.0,27.61,16.48,21.72,74.19,16.2,0.88
2019-12-12,2019,12,12,346,0.0,26.86,15.94,20.7,82.14,15.01,1.29
2019-12-13,2019,12,13,347,0.0,26.52,15.49,19.74,78.71,16.17,0.99
2019-12-14,2019,12,14,348,0.0,26.78,14.18,19.91,79.91,16.65,1.35
2019-12-15,2019,12,15,349,0.0,26.92,15.46,20.74,78.46,15.38,1.21
2019-12-16,2019,12,16,350,0.0,26.35,17.19,20.96,82.01,15.81,1.57
2019-12-17,2019,12,17,351,0.0,26.33,16.05,20.22,81.46,16.4,2.64
2019-12-18,2019,12,18,352,0.0,25.93,15.48,19.79,81.43,16.5,2.63
2019-12-19,2019,12,19,353,0.0,26.19,14.53,19.87,77.6,16.07,2.15
2019-12-20,2019,12,20,354,0.0,26.42,14.67,20.62,73.02,14.08,1.62
2019-12-21,2019,12,21,355,0.0,26.06,15.92,19.89,75.69,13.09,1.83
2019-12-22,2019,12,22,356,0.0,26.28,15.15,20.35,80.98,10.18,2.57
2019-12-23,2019,12,23,357,0.0,27.14,17.16,21.78,78.12,13.51,1.77
2019-12-24,2019,12,24,358,0.0,26.95,17.02,21.57,82.58,12.48,1.71
2019-12-25,2019,12,25,359,0.11,25.68,19.1,21.81,85.54,10.77,1.17
2019-12-26,2019,12,26,360,0.13,26.02,17.93,21.34,85.76,13.41,1.06
2019-12-27,2019,12,27,361,0.0,26.74,16.16,20.61,82.08,15.25,1.67
2019-12-28,2019,12,28,362,0.0,26.5,13.37,19.53,78.07,13.86,2.71
2019-12-29,2019,12,29,363,0.0,25.86,14.8,19.94,82.77,12.62,2.21
2019-12-30,2019,12,30,364,0.0,26.05,15.4,19.75,86.31,15.19,1.7
2019-12-31,2019,12,31,365,0.0,24.44,13.2,17.9,80.97,17.74,1.22
2020-01-01,2020,1,1,1,0.0,25.4,11.18,17.41,76.18,18.57,1.49
2020-01-02,2020,1,2,2,0.0,25.74,12.76,18.07,77.99,17.48,1.3
2020-01-03,2020,1,3,3,0.0,24.37,12.48,17.3,80.61,17.47,1.17
2020-01-04,2020,1,4,4,0.0,24.06,9.85,16.71,75.26,15.94,1.26
2020-01-05,2020,1,5,5,0.0,24.46,11.7,17.09,79.12,16.64,3.27
2020-01-06,2020,1,6,6,0.0,26.26,12.72,18.91,76.77,16.29,3.2
2020-01-07,2020,1,7,7,0.0,26.89,14.79,20.29,83.01,14.29,2.22
2020-01-08,2020,1,8,8,0.0,24.8,14.96,19.62,88.48,15.3,1.7
2020-01-09,2020,1,9,9,0.0,25.32,11.27,17.67,79.48,17.26,1.44
2020-01-10,2020,1,10,10,0.0,25.57,12.89,18.46,79.38,15.3,3.09
2020-01-11,2020,1,11,11,0.0,26.09,13.01,18.88,74.8,14.86,2.92
2020-01-12,2020,1,12,12,0.0,25.83,12.54,19.33,65.31,15.74,1.83
2020-01-13,2020,1,13,13,0.0,25.95,14.76,19.26,74.37,14.21,1.24
2020-01-14,2020,1,14,14,0.0,25.53,13.84,18.93,82.97,17.32,1.2
2020-01-15,2020,1,15,15,0.0,25.64,12.15,17.62,82.48,17.58,1.82
2020-01-16,2020,1,16,16,0.0,22.3,9.88,15.51,77.7,19.27,1.72
2020-01-17,2020,1,17,17,0.0,23.99,7.25,14.9,61.93,19.79,1.16
2020-01-18,2020,1,18,18,0.0,27.03,9.71,17.57,67.89,19.16,1.82
2020-01-19,2020,1,19,19,0.0,27.15,11.69,18.97,70.25,17.77,1.43
2020-01-20,2020,1,20,20,0.0,28.22,12.8,19.89,72.66,17.32,1.67
2020-01-21,2020,1,21,21,0.0,28.38,14.92,20.94,70.85,17.13,1.21
2020-01-22,2020,1,22,22,0.0,28.58,14.5,21.01,68.41,17.99,1.76
2020-01-23,2020,1,23,23,0.0,27.93,14.54,20.94,64.63,19.09,2.07
2020-01-24,2020,1,24,24,0.0,28.17,14.16,20.86,65.1,19.25,2.1
2020-01-25,2020,1,25,25,0.0,28.68,14.76,21.69,63.27,18.78,1.66
2020-01-26,2020,1,26,26,0.0,29.47,14.9,21.55,65.53,18.58,1.43
2020-01-27,2020,1,27,27,0.0,28.18,14.88,20.56,70.07,18.6,1.83
2020-01-28,2020,1,28,28,0.0,24.53,13.46,17.96,84.12,17.17,2.19
2020-01-29,2020,1,29,29,0.0,23.68,11.2,17.18,78.82,18.62,1.89
2020-01-30,2020,1,30,30,0.0,26.0,8.62,16.41,63.08,21.53,1.43
2020-01-31,2020,1,31,31,0.0,26.67,9.97,17.22,60.88,20.91,1.61
2020-02-01,2020,2,1,32,0.0,27.47,9.01,17.76,60.44,20.27,1.59
2020-02-02,2020,2,2,33,0.0,27.92,13.07,18.93,69.05,20.04,2.67
2020-02-03,2020,2,3,34,0.0,27.81,12.91,19.61,77.08,18.34,1.48
2020-02-04,2020,2,4,35,0.0,27.1,14.14,19.43,74.87,18.73,1.57
2020-02-05,2020,2,5,36,0.0,28.27,11.81,19.16,60.61,18.0,1.84
2020-02-06,2020,2,6,37,0.0,27.35,12.74,18.78,59.68,20.35,1.6
2020-02-07,2020,2,7,38,0.0,25.22,11.4,17.53,54.63,21.63,1.5
2020-02-08,2020,2,8,39,0.0,26.05,9.65,18.14,69.76,17.69,2.11
2020-02-09,2020,2,9,40,0.0,27.15,13.84,20.03,70.94,17.62,3.32
2020-02-10,2020,2,10,41,0.0,28.34,15.71,21.45,69.63,18.16,2.9
2020-02-11,2020,2,11,42,0.0,28.35,16.64,22.02,70.75,16.45,2.68
2020-02-12,2020,2,12,43,0.0,29.52,16.94,22.64,65.44,13.51,2.45
2020-02-13,2020,2,13,44,0.0,29.34,15.59,22.14,59.54,15.37,2.35
2020-02-14,2020,2,14,45,0.0,29.93,14.43,21.64,58.76,19.99,1.38
2020-02-15,2020,2,15,46,0.0,30.62,14.08,21.61,55.31,20.6,1.43
2020-02-16,2020,2,16,47,0.0,31.97,14.54,23.04,51.55,20.64,1.81
2020-02-17,2020,2,17,48,0.0,32.03,14.99,23.26,49.43,20.49,2.18
2020-02-18,2020,2,18,49,0.0,31.74,15.6,23.11,49.35,20.83,2.14
2020-02-19,2020,2,19,50,0.0,31.97,17.04,23.55,54.3,21.05,1.01
2020-02-20,2020,2,20,51,0.0,32.2,16.88,23.32,54.83,20.59,1.46
2020-02-21,2020,2,21,52,0.0,31.78,15.88,23.02,55.94,19.12,1.47
2020-02-22,2020,2,22,53,0.0,32.27,16.09,23.78,52.98,20.8,1.54
2020-02-23,2020,2,23,54,0.0,32.89,16.68,24.18,49.28,22.0,1.43
2020-02-24,2020,2,24,55,0.0,33.26,16.51,23.72,45.37,22.25,1.78
2020-02-25,2020,2,25,56,0.0,31.81,14.6,22.54,41.49,22.32,2.09
2020-02-26,2020,2,26,57,0.0,31.5,14.83,22.38,36.52,23.18,2.72
2020-02-27,2020,2,27,58,0.0,32.43,14.38,22.72,35.66,22.36,2.15
2020-02-28,2020,2,28,59,0.0,33.19,14.39,23.21,41.12,22.43,2.01
2020-02-29,2020,2,29,60,0.0,32.58,16.06,23.59,46.64,20.88,1.87
2020-03-01,2020,3,1,61,0.38,32.04,18.65,23.99,51.98,20.87,1.21
2020-03-02,2020,3,2,62,0.0,32.41,16.95,23.39,52.44,22.62,1.94
2020-03-03,2020,3,3,63,0.0,29.99,16.41,21.89,58.74,23.97,2.32
2020-03-04,2020,3,4,64,0.0,29.51,14.17,20.76,68.07,24.26,2.15
2020-03-05,2020,3,5,65,0.0,30.14,14.78,20.99,66.38,23.76,1.97
2020-03-06,2020,3,6,66,0.0,28.11,15.77,20.6,72.19,23.0,2.71
2020-03-07,2020,3,7,67,0.0,29.28,14.83,20.62,66.13,24.72,2.13
2020-03-08,2020,3,8,68,0.0,32.09,13.76,21.9,58.82,24.31,2.25
2020-03-09,2020,3,9,69,0.0,30.98,15.63,21.99,63.27,24.31,2.2
2020-03-10,2020,3,10,70,0.0,30.7,14.72,21.84,70.72,22.18,2.65
2020-03-11,2020,3,11,71,0.0,29.5,15.2,21.2,67.48,25.75,2.86
2020-03-12,2020,3,12,72,0.0,29.57,13.7,20.33,69.88,23.85,2.18
2020-03-13,2020,3,13,73,0.0,30.22,13.14,20.06,60.89,25.64,2.08
2020-03-14,2020,3,14,74,0.0,33.46,10.92,21.56,34.15,26.51,1.89
2020-03-15,2020,3,15,75,0.0,34.9,13.85,24.3,32.97,25.16,2.3
2020-03-16,2020,3,16,76,0.11,36.17,17.65,26.51,38.3,23.25,2.48
2020-03-17,2020,3,17,77,0.0,36.43,21.09,27.94,38.02,22.32,1.82
2020-03-18,2020,3,18,78,0.0,35.79,21.21,27.39,37.9,22.68,2.22
2020-03-19,2020,3,19,79,0.0,34.51,18.12,25.18,39.14,25.85,2.4
2020-03-20,2020,3,20,80,0.0,32.88,16.79,23.76,49.33,26.23,2.71
2020-03-21,2020,3,21,81,0.0,33.78,16.07,23.95,52.85,25.96,2.28
2020-03-22,2020,3,22,82,0.0,35.25,16.63,25.47,47.75,25.42,1.87
2020-03-23,2020,3,23,83,0.0,36.5,18.74,26.99,44.27,24.96,1.78
2020-03-24,2020,3,24,84,0.43,37.58,19.95,28.17,43.41,23.01,2.07
2020-03-25,2020,3,25,85,2.99,33.42,23.44,27.6,51.72,19.79,1.29
2020-03-26,2020,3,26,86,2.38,33.18,21.79,26.43,61.71,22.24,1.86
2020-03-27,2020,3,27,87,0.36,34.97,21.47,27.3,57.43,21.11,1.71
2020-03-28,2020,3,28,88,1.09,35.22,20.48,27.47,48.66,20.64,1.77
2020-03-29,2020,3,29,89,1.04,37.15,21.44,28.65,45.3,23.2,2.11
2020-03-30,2020,3,30,90,0.2,37.18,21.89,28.7,44.03,23.34,1.55
2020-03-31,2020,3,31,91,0.09,37.37,20.12,28.04,41.7,23.94,1.69
2020-04-01,2020,4,1,92,0.0,37.81,20.59,28.38,37.46,24.42,1.99
2020-04-02,2020,4,2,93,0.0,38.22,20.24,28.58,33.91,25.49,2.42
2020-04-03,2020,4,3,94,0.0,38.48,20.86,29.16,35.17,25.26,2.27
2020-04-04,2020,4,4,95,0.01,38.65,20.8,28.74,39.12,25.31,2.28
2020-04-05,2020,4,5,96,0.09,38.75,20.92,28.66,41.94,24.97,2.13
2020-04-06,2020,4,6,97,0.07,37.15,19.0,27.16,51.3,26.21,2.23
2020-04-07,2020,4,7,98,0.0,36.57,19.29,26.64,47.3,25.23,2.5
2020-04-08,2020,4,8,99,0.0,35.15,17.44,25.39,46.11,27.62,2.52
2020-04-09,2020,4,9,100,0.0,36.53,16.8,26.27,51.15,27.1,2.09
2020-04-10,2020,4,10,101,0.0,38.05,19.19,28.48,42.53,24.95,1.89
2020-04-11,2020,4,11,102,0.01,38.68,23.07,30.33,39.56,23.28,1.81
2020-04-12,2020,4,12,103,0.63,38.73,24.5,30.82,35.09,24.18,1.47
2020-04-13,2020,4,13,104,0.1,39.67,23.44,30.82,34.38,24.16,1.48
2020-04-14,2020,4,14,105,0.32,40.26,21.78,30.94,33.02,24.81,1.68
2020-04-15,2020,4,15,106,0.11,40.02,24.25,31.72,32.77,24.53,1.5
2020-04-16,2020,4,16,107,0.07,40.16,23.21,30.78,42.39,24.69,2.11
2020-04-17,2020,4,17,108,0.02,39.64,22.2,30.41,44.29,25.13,2.02
2020-04-18,2020,4,18,109,0.05,40.05,23.12,30.91,42.24,24.85,2.28
2020-04-19,2020,4,19,110,1.49,40.38,22.96,31.26,41.05,24.2,1.94
2020-04-20,2020,4,20,111,0.02,39.63,25.58,31.59,34.04,26.07,1.52
2020-04-21,2020,4,21,112,0.0,39.01,22.88,29.95,30.36,25.87,2.71
2020-04-22,2020,4,22,113,0.0,39.54,20.28,29.52,41.93,27.54,2.37
2020-04-23,2020,4,23,114,0.0,38.67,21.83,29.37,48.29,26.96,2.85
2020-04-24,2020,4,24,115,0.0,37.8,21.54,28.95,51.97,27.43,2.98
2020-04-25,2020,4,25,116,0.0,36.49,21.87,27.91,52.99,27.86,3.33
2020-04-26,2020,4,26,117,0.0,38.91,18.61,28.3,46.93,28.53,2.69
2020-04-27,2020,4,27,118,0.0,38.27,20.41,28.82,56.05,27.6,2.7
2020-04-28,2020,4,28,119,0.01,40.47,21.73,30.91,47.24,24.94,2.53
2020-04-29,2020,4,29,120,0.22,39.76,22.77,30.86,47.66,23.16,1.98
2020-04-30,2020,4,30,121,0.88,40.24,23.57,30.22,51.64,24.09,2.56
2020-05-01,2020,5,1,122,1.27,39.3,22.71,29.78,56.01,24.2,3.01
2020-05-02,2020,5,2,123,5.2,39.0,22.93,29.77,57.53,26.14,2.89
2020-05-03,2020,5,3,124,0.04,39.51,22.54,30.06,52.27,27.02,3.29
2020-05-04,2020,5,4,125,0.01,39.36,21.35,29.53,48.36,27.92,2.87
2020-05-05,2020,5,5,126,0.02,39.64,20.7,29.72,55.07,28.18,3.32
2020-05-06,2020,5,6,127,0.05,40.09,22.31,30.86,47.9,27.41,2.87
2020-05-07,2020,5,7,128,0.0,41.15,22.17,31.05,40.52,28.0,2.9
2020-05-08,2020,5,8,129,0.0,40.45,21.05,30.05,48.32,27.94,2.69
2020-05-09,2020,5,9,130,0.0,41.01,21.24,30.7,47.22,27.83,2.39
2020-05-10,2020,5,10,131,1.22,40.27,22.51,30.81,48.15,24.98,1.61
2020-05-11,2020,5,11,132,5.17,40.31,23.48,30.59,46.66,25.22,2.23
2020-05-12,2020,5,12,133,0.08,39.03,22.41,29.81,43.71,27.7,2.29
2020-05-13,2020,5,13,134,0.77,39.23,22.73,30.2,50.64,26.11,2.6
2020-05-14,2020,5,14,135,1.28,38.74,24.21,30.96,52.7,24.44,1.89
2020-05-15,2020,5,15,136,4.1,33.55,24.32,28.72,60.61,16.11,1.86
2020-05-16,2020,5,16,137,0.25,35.45,23.49,28.8,58.92,19.31,2.3
2020-05-17,2020,5,17,138,0.99,36.19,23.9,29.02,58.85,23.39,3.43
2020-05-18,2020,5,18,139,0.31,33.63,23.6,27.97,60.17,22.43,3.88
2020-05-19,2020,5,19,140,0.01,36.54,23.09,28.36,61.28,23.8,3.96
2020-05-20,2020,5,20,141,0.01,38.35,22.6,29.37,57.49,27.38,3.79
2020-05-21,2020,5,21,142,0.0,39.09,23.19,29.92,56.54,25.04,3.84
2020-05-22,2020,5,22,143,0.0,38.81,23.75,30.09,53.84,25.95,3.93
2020-05-23,2020,5,23,144,0.0,40.89,21.93,30.64,48.53,27.58,3.46
2020-05-24,2020,5,24,145,0.0,40.53,23.29,30.81,50.84,26.96,3.42
2020-05-25,2020,5,25,146,0.0,40.4,23.62,30.98,53.23,26.94,3.36
2020-05-26,2020,5,26,147,0.0,39.75,23.68,30.51,54.26,26.03,3.65
2020-05-27,2020,5,27,148,0.0,38.49,23.15,29.58,55.68,26.82,4.03
2020-05-28,2020,5,28,149,0.0,37.4,23.33,29.06,60.87,28.03,4.47
2020-05-29,2020,5,29,150,0.0,36.67,23.63,28.95,62.49,26.96,4.17
2020-05-30,2020,5,30,151,0.0,35.09,25.03,29.17,61.12,26.84,3.59
2020-05-31,2020,5,31,152,1.17,30.96,24.69,27.32,64.51,22.17,2.24
2020-06-01,2020,6,1,153,7.12,29.95,23.38,26.25,70.3,8.89,1.81
2020-06-02,2020,6,2,154,16.91,29.27,22.54,25.16,77.74,10.21,2.2
2020-06-03,2020,6,3,155,79.26,27.42,22.94,24.7,87.83,3.16,6.79
2020-06-04,2020,6,4,156,26.22,26.18,22.43,24.33,88.69,9.03,4.86
2020-06-05,2020,6,5,157,2.25,30.59,21.06,25.07,76.29,23.09,2.79
2020-06-06,2020,6,6,158,8.45,29.44,21.68,24.98,80.88,18.81,3.18
2020-06-07,2020,6,7,159,5.22,29.44,22.33,25.46,82.6,20.88,2.92
2020-06-08,2020,6,8,160,8.66,30.02,21.03,24.93,73.38,18.48,2.68
2020-06-09,2020,6,9,161,3.36,29.8,19.41,24.13,77.87,21.33,2.98
2020-06-10,2020,6,10,162,5.71,30.18,20.22,24.58,80.73,19.93,3.25
2020-06-11,2020,6,11,163,5.32,27.72,22.04,24.55,85.85,19.5,2.74
2020-06-12,2020,6,12,164,5.37,30.23,22.35,25.45,82.89,16.37,3.03
2020-06-13,2020,6,13,165,15.09,28.01,21.76,24.52,88.0,16.66,3.3
2020-06-14,2020,6,14,166,10.06,30.31,23.13,25.34,86.77,15.48,3.79
2020-06-15,2020,6,15,167,19.36,28.74,23.09,25.06,90.39,14.49,3.36
2020-06-16,2020,6,16,168,11.15,28.26,22.26,24.81,87.44,12.46,2.87
2020-06-17,2020,6,17,169,26.86,27.82,23.15,25.0,87.83,12.44,3.17
2020-06-18,2020,6,18,170,28.39,27.49,22.85,24.8,88.98,9.2,4.2
2020-06-19,2020,6,19,171,8.61,28.93,22.93,25.45,86.01,17.88,3.61
2020-06-20,2020,6,20,172,1.93,28.51,23.13,25.04,86.42,19.02,3.47
2020-06-21,2020,6,21,173,4.05,28.14,22.77,24.84,86.88,16.81,3.39
2020-06-22,2020,6,22,174,2.17,28.74,22.75,25.06,83.74,18.84,3.79
2020-06-23,2020,6,23,175,2.34,29.78,22.4,25.32,80.69,18.08,3.3
2020-06-24,2020,6,24,176,1.88,30.39,21.76,25.55,80.97,22.5,2.69
2020-06-25,2020,6,25,177,8.8,31.43,22.36,26.31,81.01,22.47,1.93
2020-06-26,2020,6,26,178,6.56,26.42,22.64,24.34,88.63,18.02,2.45
2020-06-27,2020,6,27,179,4.38,29.53,22.25,25.21,84.91,20.33,1.92
2020-06-28,2020,6,28,180,10.29,28.74,22.77,25.1,86.25,16.69,1.87
2020-06-29,2020,6,29,181,28.3,29.98,22.49,25.27,86.5,17.4,2.59
2020-06-30,2020,6,30,182,27.34,26.76,22.64,24.09,91.76,17.73,2.67
2020-07-01,2020,7,1,183,4.86,27.43,21.84,24.16,86.62,16.53,3.37
2020-07-02,2020,7,2,184,8.03,29.08,21.87,24.92,86.08,16.09,3.81
2020-07-03,2020,7,3,185,23.72,24.96,22.26,23.59,90.63,11.95,5.22
2020-07-04,2020,7,4,186,50.41,27.06,22.44,24.19,91.69,9.72,5.03
2020-07-05,2020,7,5,187,34.17,26.88,22.44,23.97,90.09,9.25,6.29
2020-07-06,2020,7,6,188,24.24,27.56,23.29,24.92,88.97,13.53,6.96
2020-07-07,2020,7,7,189,43.03,26.87,22.66,24.3,91.09,9.05,6.66
2020-07-08,2020,7,8,190,18.7,27.85,22.05,24.38,88.1,10.35,4.67
2020-07-09,2020,7,9,191,19.19,28.06,22.04,24.59,87.81,13.01,4.09
2020-07-10,2020,7,10,192,17.3,27.28,22.46,24.31,90.02,15.37,3.99
2020-07-11,2020,7,11,193,11.92,27.26,22.83,24.55,89.46,17.6,3.97
2020-07-12,2020,7,12,194,13.83,26.93,22.14,24.18,88.73,12.67,3.8
2020-07-13,2020,7,13,195,11.57,27.7,21.38,24.08,89.96,13.45,3.04
2020-07-14,2020,7,14,196,19.44,27.56,22.47,24.66,89.77,12.18,3.74
2020-07-15,2020,7,15,197,38.04,24.81,22.85,23.71,93.71,8.11,3.54
2020-07-16,2020,7,16,198,21.53,24.78,21.35,22.8,92.12,10.18,4.5
2020-07-17,2020,7,17,199,17.49,27.71,21.09,23.78,89.5,10.99,4.32
2020-07-18,2020,7,18,200,7.57,28.35,21.69,24.56,89.4,14.6,3.81
2020-07-19,2020,7,19,201,4.46,28.34,22.26,24.51,90.07,16.48,3.35
2020-07-20,2020,7,20,202,2.27,26.65,21.96,23.96,89.45,17.43,2.38
2020-07-21,2020,7,21,203,1.21,28.36,21.23,24.24,87.77,17.96,1.86
2020-07-22,2020,7,22,204,4.56,27.89,22.17,24.67,89.42,18.0,1.56
2020-07-23,2020,7,23,205,8.06,26.68,22.13,24.14,90.71,14.24,1.78
2020-07-24,2020,7,24,206,27.69,27.26,21.62,23.78,89.43,10.91,2.3
2020-07-25,2020,7,25,207,11.32,25.6,21.03,23.12,90.15,17.34,1.8
2020-07-26,2020,7,26,208,17.34,27.82,21.1,23.87,88.47,18.05,2.39
2020-07-27,2020,7,27,209,12.2,27.12,21.61,23.88,90.8,12.47,3.16
2020-07-28,2020,7,28,210,16.54,26.4,21.68,23.81,91.92,12.09,2.55
2020-07-29,2020,7,29,211,5.9,26.53,21.86,23.92,92.79,14.01,2.28
2020-07-30,2020,7,30,212,6.55,27.74,21.41,24.12,88.17,17.04,2.05
2020-07-31,2020,7,31,213,6.7,25.78,21.41,23.61,91.79,15.09,1.72
2020-08-01,2020,8,1,214,3.93,27.04,22.04,24.21,92.35,16.87,2.01
2020-08-02,2020,8,2,215,7.4,26.92,21.81,24.22,91.89,17.4,2.51
2020-08-03,2020,8,3,216,30.78,26.55,22.68,24.24,93.07,13.46,3.59
2020-08-04,2020,8,4,217,92.3,25.54,22.8,23.86,95.14,6.14,5.93
2020-08-05,2020,8,5,218,74.93,25.62,22.53,23.85,95.28,5.77,6.79
2020-08-06,2020,8,6,219,52.36,24.42,21.24,22.98,94.77,7.47,5.98
2020-08-07,2020,8,7,220,23.93,26.83,22.87,24.39,91.96,10.27,5.85
2020-08-08,2020,8,8,221,12.04,26.74,22.31,24.04,91.35,13.47,5.34
2020-08-09,2020,8,9,222,8.23,26.47,22.27,23.85,92.12,13.94,4.6
2020-08-10,2020,8,10,223,33.99,25.37,22.6,23.64,94.1,10.1,4.2
2020-08-11,2020,8,11,224,15.93,26.12,22.2,23.62,92.62,9.92,4.85
2020-08-12,2020,8,12,225,28.97,25.55,22.31,23.32,93.6,6.71,5.44
2020-08-13,2020,8,13,226,47.0,24.28,22.46,23.19,95.73,5.81,5.36
2020-08-14,2020,8,14,227,49.34,25.1,22.52,23.49,94.5,6.64,5.93
2020-08-15,2020,8,15,228,42.83,25.03,22.63,23.49,94.7,6.69,5.71
2020-08-16,2020,8,16,229,30.39,24.53,22.69,23.31,95.52,7.65,5.41
2020-08-17,2020,8,17,230,36.92,24.31,21.92,23.06,95.75,6.89,4.72
2020-08-18,2020,8,18,231,22.18,26.02,21.95,23.46,93.24,10.54,4.6
2020-08-19,2020,8,19,232,14.87,26.53,22.13,23.66,92.59,12.95,4.16
2020-08-20,2020,8,20,233,33.49,24.33,22.25,23.2,95.92,8.03,4.18
2020-08-21,2020,8,21,234,30.88,24.67,22.24,23.28,95.25,6.86,4.95
2020-08-22,2020,8,22,235,13.86,26.51,22.42,23.95,93.26,12.5,5.1
2020-08-23,2020,8,23,236,8.79,26.46,22.3,23.88,92.44,13.09,4.86
2020-08-24,2020,8,24,237,6.7,26.29,21.81,23.62,92.04,12.59,4.44
2020-08-25,2020,8,25,238,4.22,26.8,21.4,23.49,91.73,15.48,3.33
2020-08-26,2020,8,26,239,2.49,27.19,20.77,23.4,91.14,13.45,2.59
2020-08-27,2020,8,27,240,3.81,26.62,21.03,22.97,92.34,15.21,3.12
2020-08-28,2020,8,28,241,29.57,26.41,21.09,23.22,92.63,9.14,3.13
2020-08-29,2020,8,29,242,31.88,25.03,21.65,22.91,94.58,5.01,3.14
2020-08-30,2020,8,30,243,21.22,24.95,21.94,23.07,94.43,9.43,3.66
2020-08-31,2020,8,31,244,13.04,26.56,21.63,23.53,92.54,13.91,3.44
2020-09-01,2020,9,1,245,3.73,27.23,20.82,23.64,91.65,16.12,2.23
2020-09-02,2020,9,2,246,0.66,26.75,21.12,23.73,91.1,18.8,1.77
2020-09-03,2020,9,3,247,4.61,27.59,21.59,24.28,90.16,17.01,1.08
2020-09-04,2020,9,4,248,3.25,28.91,21.42,25.21,86.98,18.71,1.34
2020-09-05,2020,9,5,249,9.45,29.62,21.89,25.79,86.2,21.43,1.26
2020-09-06,2020,9,6,250,19.17,29.84,21.99,25.84,86.29,19.99,1.09
2020-09-07,2020,9,7,251,15.52,29.16,22.99,25.54,88.44,18.39,1.24
2020-09-08,2020,9,8,252,5.31,27.89,22.79,24.67,92.17,16.73,1.6
2020-09-09,2020,9,9,253,15.54,27.83,21.67,24.1,89.68,18.65,1.53
2020-09-10,2020,9,10,254,26.21,25.63,22.53,23.64,93.92,18.22,1.04
2020-09-11,2020,9,11,255,13.89,26.4,22.15,23.9,92.19,16.63,1.42
2020-09-12,2020,9,12,256,15.16,27.47,21.86,24.16,90.82,11.73,2.01
2020-09-13,2020,9,13,257,4.18,26.88,21.81,23.54,92.95,12.49,3.03
2020-09-14,2020,9,14,258,3.76,24.8,21.14,22.52,93.37,14.29,2.54
2020-09-15,2020,9,15,259,4.23,24.35,20.96,22.47,93.78,12.36,1.71
2020-09-16,2020,9,16,260,5.23,25.54,21.16,22.89,93.38,11.67,1.97
2020-09-17,2020,9,17,261,7.01,26.2,21.37,23.28,93.25,10.41,2.43
2020-09-18,2020,9,18,262,3.23,24.38,21.46,22.7,95.11,10.01,2.4
2020-09-19,2020,9,19,263,13.64,25.88,20.98,23.27,94.2,9.58,1.74
2020-09-20,2020,9,20,264,14.94,25.79,21.94,23.65,93.0,14.43,1.09
2020-09-21,2020,9,21,265,12.62,26.79,22.3,23.88,94.37,10.56,2.36
2020-09-22,2020,9,22,266,42.42,24.9,22.33,23.46,96.61,11.02,2.73
2020-09-23,2020,9,23,267,35.13,25.19,22.27,23.38,95.49,8.42,3.12
2020-09-24,2020,9,24,268,4.94,28.16,21.7,24.36,92.23,11.97,1.98
2020-09-25,2020,9,25,269,13.34,25.39,21.74,23.21,94.49,10.82,2.33
2020-09-26,2020,9,26,270,2.46,25.33,20.45,22.48,92.65,15.77,2.04
2020-09-27,2020,9,27,271,2.08,26.67,19.67,22.78,89.82,20.13,1.69
2020-09-28,2020,9,28,272,0.27,27.35,19.98,23.03,89.4,17.68,1.54
2020-09-29,2020,9,29,273,0.29,26.64,20.26,22.85,90.18,20.38,1.74
2020-09-30,2020,9,30,274,0.36,27.45,19.67,23.09,89.81,20.93,1.79
2020-10-01,2020,10,1,275,0.35,27.32,20.3,23.33,89.13,18.95,1.38
2020-10-02,2020,10,2,276,2.26,27.9,20.89,23.79,88.66,16.88,1.21
2020-10-03,2020,10,3,277,5.87,28.9,21.26,24.59,87.69,14.84,1.09
2020-10-04,2020,10,4,278,4.37,27.0,21.89,23.97,91.49,8.88,1.8
2020-10-05,2020,10,5,279,0.52,27.81,21.29,23.84,88.84,15.69,1.52
2020-10-06,2020,10,6,280,0.13,27.0,20.17,22.86,88.85,20.42,1.11
2020-10-07,2020,10,7,281,0.09,28.82,20.61,24.02,82.59,19.25,1.26
2020-10-08,2020,10,8,282,0.23,28.87,21.31,24.45,76.5,14.94,1.12
2020-10-09,2020,10,9,283,0.07,28.15,20.21,24.26,82.04,17.28,0.97
2020-10-10,2020,10,10,284,15.35,27.44,22.03,24.41,86.79,14.07,0.88
2020-10-11,2020,10,11,285,12.85,27.15,21.48,23.58,88.33,7.59,1.1
2020-10-12,2020,10,12,286,5.32,26.76,20.52,23.38,90.08,12.38,1.23
2020-10-13,2020,10,13,287,19.0,28.23,22.08,24.59,87.26,14.63,0.65
2020-10-14,2020,10,14,288,28.83,26.89,22.19,23.87,92.68,8.34,1.91
2020-10-15,2020,10,15,289,41.91,26.03,22.43,23.91,94.88,9.82,2.92
2020-10-16,2020,10,16,290,1.27,27.66,21.31,24.04,91.24,10.85,3.01
2020-10-17,2020,10,17,291,2.15,27.56,19.78,23.4,89.35,15.37,1.72
2020-10-18,2020,10,18,292,5.16,27.98,20.24,23.52,90.25,17.25,1.23
2020-10-19,2020,10,19,293,13.99,27.18,21.45,23.54,91.73,12.66,1.52
2020-10-20,2020,10,20,294,15.14,28.73,21.31,24.55,89.38,15.1,0.87
2020-10-21,2020,10,21,295,4.94,28.7,23.02,25.24,88.48,15.58,0.83
2020-10-22,2020,10,22,296,13.4,26.77,22.55,24.28,93.18,15.06,0.78
2020-10-23,2020,10,23,297,6.31,26.08,21.47,23.42,91.17,16.89,1.51
2020-10-24,2020,10,24,298,7.74,27.59,20.86,23.42,89.17,14.84,1.08
2020-10-25,2020,10,25,299,6.64,27.71,20.36,23.75,82.65,16.63,0.87
2020-10-26,2020,10,26,300,1.29,27.44,19.04,22.97,88.44,13.19,1.61
2020-10-27,2020,10,27,301,0.01,27.44,18.97,23.13,83.07,18.89,1.5
2020-10-28,2020,10,28,302,0.0,27.74,18.1,22.71,76.03,18.77,1.1
2020-10-29,2020,10,29,303,0.0,28.13,16.37,21.98,74.79,20.04,1.25
2020-10-30,2020,10,30,304,0.0,28.29,16.16,22.1,72.51,20.08,1.18
2020-10-31,2020,10,31,305,0.0,27.88,16.3,21.89,77.22,19.11,1.29
2020-11-01,2020,11,1,306,0.0,27.76,18.48,22.61,81.48,16.78,1.07
2020-11-02,2020,11,2,307,0.0,25.51,19.47,22.14,83.89,17.38,1.27
2020-11-03,2020,11,3,308,0.0,27.41,17.18,21.81,79.44,18.87,1.95
2020-11-04,2020,11,4,309,0.0,27.96,16.74,21.79,75.07,18.29,1.53
2020-11-05,2020,11,5,310,0.0,26.74,15.55,20.65,75.69,18.98,1.68
2020-11-06,2020,11,6,311,0.0,26.05,14.49,19.3,73.46,20.08,2.15
2020-11-07,2020,11,7,312,0.0,27.05,13.67,20.14,80.57,17.65,2.54
2020-11-08,2020,11,8,313,0.0,27.21,16.12,21.14,82.86,17.74,2.45
2020-11-09,2020,11,9,314,0.0,26.58,14.09,19.4,75.8,18.89,2.13
2020-11-10,2020,11,10,315,0.0,25.02,12.57,17.69,72.99,20.17,2.55
2020-11-11,2020,11,11,316,0.0,24.91,11.76,17.23,73.89,19.26,2.66
2020-11-12,2020,11,12,317,0.0,25.75,12.09,18.6,78.32,19.99,2.23
2020-11-13,2020,11,13,318,0.0,27.36,17.73,22.15,86.6,18.65,2.1
2020-11-14,2020,11,14,319,0.0,28.12,19.13,23.22,84.55,18.58,1.78
2020-11-15,2020,11,15,320,0.0,28.33,17.35,22.52,80.48,17.1,1.61
2020-11-16,2020,11,16,321,0.0,28.07,17.18,22.48,84.19,18.68,2.03
2020-11-17,2020,11,17,322,0.0,27.11,19.05,22.62,84.24,16.31,1.92
2020-11-18,2020,11,18,323,0.05,27.69,18.2,22.7,85.66,16.08,1.41
2020-11-19,2020,11,19,324,0.04,27.88,20.11,23.53,83.99,16.79,1.25
2020-11-20,2020,11,20,325,0.87,28.15,19.41,23.71,82.69,16.13,1.02
2020-11-21,2020,11,21,326,0.29,28.15,19.54,23.44,82.04,17.14,1.2
2020-11-22,2020,11,22,327,0.01,26.29,18.67,21.97,86.02,16.65,1.68
2020-11-23,2020,11,23,328,0.0,27.59,18.4,22.23,84.32,16.12,1.19
2020-11-24,2020,11,24,329,0.0,27.13,17.09,21.51,80.46,14.37,1.34
2020-11-25,2020,11,25,330,0.0,26.35,15.44,19.9,75.83,17.69,2.37
2020-11-26,2020,11,26,331,0.0,26.71,14.59,19.98,79.74,17.41,2.27
2020-11-27,2020,11,27,332,0.0,25.36,16.35,20.02,83.31,16.53,3.49
2020-11-28,2020,11,28,333,0.0,25.86,16.25,20.52,84.68,11.88,3.5
2020-11-29,2020,11,29,334,0.0,26.95,17.95,22.04,85.47,16.45,2.29
2020-11-30,2020,11,30,335,0.0,27.56,18.76,22.8,86.17,15.42,1.21
2020-12-01,2020,12,1,336,0.0,27.56,18.85,22.55,85.42,15.85,1.54
2020-12-02,2020,12,2,337,0.0,26.69,16.55,20.71,80.34,17.2,1.97
2020-12-03,2020,12,3,338,0.0,26.35,13.79,19.25,75.77,17.6,2.1
2020-12-04,2020,12,4,339,0.0,26.88,13.42,19.41,72.41,17.07,2.04
2020-12-05,2020,12,5,340,0.0,26.16,13.06,19.01,70.76,17.23,2.04
2020-12-06,2020,12,6,341,0.0,26.27,13.11,18.5,72.56,18.34,2.37
2020-12-07,2020,12,7,342,0.0,26.68,12.36,18.4,71.42,18.48,2.25
2020-12-08,2020,12,8,343,0.0,26.89,12.99,19.16,69.31,18.12,2.33
2020-12-09,2020,12,9,344,0.01,26.81,14.16,20.53,75.23,14.64,1.63
2020-12-10,2020,12,10,345,0.2,27.43,16.59,21.85,76.34,15.66,1.29
2020-12-11,2020,12,11,346,0.64,24.77,18.58,21.32,84.83,9.94,0.86
2020-12-12,2020,12,12,347,0.05,26.54,17.11,21.72,80.64,12.22,1.3
2020-12-13,2020,12,13,348,1.08,25.57,16.97,21.1,79.2,7.59,1.21
2020-12-14,2020,12,14,349,4.56,26.28,17.51,21.42,81.36,8.56,1.21
2020-12-15,2020,12,15,350,0.16,26.42,15.93,20.86,80.68,14.92,1.46
2020-12-16,2020,12,16,351,0.0,26.79,16.14,21.01,78.72,16.59,1.41
2020-12-17,2020,12,17,352,0.0,26.4,15.74,20.33,80.44,15.23,1.65
2020-12-18,2020,12,18,353,0.0,25.86,14.78,19.37,79.54,16.44,2.16
2020-12-19,2020,12,19,354,0.0,24.88,14.51,18.53,79.17,15.68,2.76
2020-12-20,2020,12,20,355,0.0,25.14,13.33,17.71,72.37,17.15,2.98
2020-12-21,2020,12,21,356,0.0,24.39,11.37,16.3,63.27,17.59,2.58
2020-12-22,2020,12,22,357,0.0,24.46,9.56,16.12,63.1,15.83,2.01
2020-12-23,2020,12,23,358,0.0,25.23,10.16,17.36,61.56,17.91,1.59
2020-12-24,2020,12,24,359,0.0,25.87,10.39,17.82,66.48,17.54,1.76
2020-12-25,2020,12,25,360,0.0,26.12,13.26,18.67,73.71,16.36,2.25
2020-12-26,2020,12,26,361,0.0,26.65,13.24,19.61,70.6,15.72,2.1
2020-12-27,2020,12,27,362,0.0,27.51,13.79,19.72,74.86,15.8,1.33
2020-12-28,2020,12,28,363,0.0,26.67,12.95,19.38,74.01,17.01,1.15
2020-12-29,2020,12,29,364,0.0,26.83,12.52,19.21,72.32,16.89,1.43
2020-12-30,2020,12,30,365,0.0,26.76,12.82,19.3,72.16,16.37,1.48
2020-12-31,2020,12,31,366,0.0,26.68,14.45,19.62,77.59,15.02,2.61
2021-01-01,2021,1,1,1,0.01,26.8,15.76,21.19,78.45,13.75,1.87
2021-01-02,2021,1,2,2,0.0,26.02,17.59,21.3,82.12,13.31,1.41
2021-01-03,2021,1,3,3,0.0,26.13,16.65,20.89,77.4,14.32,1.33
2021-01-04,2021,1,4,4,1.07,26.09,17.16,20.77,82.8,10.78,1.53
2021-01-05,2021,1,5,5,0.13,25.07,16.53,20.71,81.44,11.21,1.3
2021-01-06,2021,1,6,6,0.04,26.57,17.48,21.79,80.92,15.35,1.22
2021-01-07,2021,1,7,7,1.84,24.34,19.22,21.1,90.06,11.42,1.63
2021-01-08,2021,1,8,8,9.98,26.55,18.36,21.87,88.65,9.28,1.57
2021-01-09,2021,1,9,9,3.4,27.2,18.74,22.72,83.79,11.97,1.24
2021-01-10,2021,1,10,10,0.15,27.78,19.0,23.13,78.06,14.75,1.37
2021-01-11,2021,1,11,11,0.0,28.88,17.28,22.65,72.05,18.06,1.69
2021-01-12,2021,1,12,12,0.0,29.48,16.57,22.55,69.67,16.53,1.99
2021-01-13,2021,1,13,13,0.0,28.2,17.05,22.46,69.94,16.94,1.8
2021-01-14,2021,1,14,14,0.0,28.39,16.16,22.09,67.29,16.91,1.31
2021-01-15,2021,1,15,15,0.0,28.93,14.6,21.07,70.39,17.77,1.66
2021-01-16,2021,1,16,16,0.0,28.9,15.92,22.1,67.05,17.3,1.1
2021-01-17,2021,1,17,17,0.0,29.66,17.54,23.08,72.42,16.59,1.09
2021-01-18,2021,1,18,18,0.0,29.34,18.75,23.17,76.75,16.05,1.14
2021-01-19,2021,1,19,19,0.0,29.35,16.73,22.18,73.0,16.08,1.13
2021-01-20,2021,1,20,20,0.0,28.95,16.82,21.62,66.92,17.68,1.13
2021-01-21,2021,1,21,21,0.0,28.07,13.81,20.0,60.8,19.29,1.3
2021-01-22,2021,1,22,22,0.0,28.9,13.16,20.9,57.11,17.66,1.47
2021-01-23,2021,1,23,23,0.0,29.23,15.0,20.94,62.16,17.94,1.13
2021-01-24,2021,1,24,24,0.0,29.05,15.6,20.72,61.77,18.9,1.3
2021-01-25,2021,1,25,25,0.0,29.28,12.24,19.62,59.07,19.19,1.34
2021-01-26,2021,1,26,26,0.0,28.56,14.74,19.94,55.26,19.57,1.16
2021-01-27,2021,1,27,27,0.0,28.21,13.19,19.56,55.19,19.63,1.28
2021-01-28,2021,1,28,28,0.0,28.33,14.36,19.74,58.04,19.4,1.33
2021-01-29,2021,1,29,29,0.0,28.3,12.45,19.52,57.96,18.37,1.39
2021-01-30,2021,1,30,30,0.0,28.22,13.35,20.28,60.32,17.87,1.41
2021-01-31,2021,1,31,31,0.0,28.45,13.19,20.26,62.03,17.88,1.58
2021-02-01,2021,2,1,32,0.0,28.23,13.77,20.04,57.53,16.63,2.53
2021-02-02,2021,2,2,33,0.0,28.36,13.01,19.89,47.43,19.49,2.54
2021-02-03,2021,2,3,34,0.0,28.32,11.16,19.76,44.19,19.58,1.99
2021-02-04,2021,2,4,35,0.0,28.52,11.55,19.88,50.39,20.12,1.5
2021-02-05,2021,2,5,36,0.0,28.15,12.93,19.49,59.21,19.88,1.6
2021-02-06,2021,2,6,37,0.0,28.29,11.29,19.0,52.36,20.44,2.17
2021-02-07,2021,2,7,38,0.0,28.1,12.32,19.49,50.59,19.99,2.55
2021-02-08,2021,2,8,39,0.0,28.6,11.42,19.28,45.12,21.44,2.47
2021-02-09,2021,2,9,40,0.0,29.3,10.59,20.0,40.62,21.85,2.04
2021-02-10,2021,2,10,41,0.0,29.95,11.62,20.71,41.32,21.33,1.52
2021-02-11,2021,2,11,42,0.0,30.42,12.37,21.35,42.1,20.53,1.3
2021-02-12,2021,2,12,43,0.0,30.64,14.25,21.62,48.51,19.74,1.22
2021-02-13,2021,2,13,44,0.0,30.43,14.84,21.34,52.11,19.99,1.26
2021-02-14,2021,2,14,45,0.0,30.24,15.48,21.66,55.07,18.96,1.19
2021-02-15,2021,2,15,46,0.0,29.77,15.56,21.16,57.84,19.57,1.46
2021-02-16,2021,2,16,47,0.0,29.65,14.68,20.99,63.86,19.79,1.59
2021-02-17,2021,2,17,48,0.02,29.69,15.1,21.68,64.87,19.24,1.34
2021-02-18,2021,2,18,49,3.38,29.3,16.75,22.15,65.04,17.72,1.36
2021-02-19,2021,2,19,50,5.37,26.97,16.49,20.62,69.49,15.61,2.79
2021-02-20,2021,2,20,51,0.0,28.33,14.28,20.81,59.84,19.7,2.98
2021-02-21,2021,2,21,52,0.0,29.49,16.57,22.51,58.6,18.71,2.89
2021-02-22,2021,2,22,53,0.0,30.24,16.9,23.82,58.67,19.17,1.67
2021-02-23,2021,2,23,54,0.0,31.9,17.42,24.3,55.11,20.01,1.24
2021-02-24,2021,2,24,55,0.0,32.45,15.82,23.66,49.37,20.97,1.46
2021-02-25,2021,2,25,56,0.0,32.55,15.98,23.43,51.85,19.99,1.59
2021-02-26,2021,2,26,57,0.0,32.61,17.26,23.88,50.9,20.37,1.94
2021-02-27,2021,2,27,58,0.0,33.54,17.11,24.21,43.63,22.58,1.94
2021-02-28,2021,2,28,59,0.0,34.22,16.35,24.83,42.43,22.84,1.67
2021-03-01,2021,3,1,60,0.0,35.18,17.15,25.69,44.11,21.61,1.51
2021-03-02,2021,3,2,61,0.0,34.64,17.14,25.05,39.36,23.02,1.81
2021-03-03,2021,3,3,62,0.0,34.84,16.02,25.24,31.41,24.0,1.99
2021-03-04,2021,3,4,63,0.0,35.14,15.48,24.8,33.7,23.57,1.68
2021-03-05,2021,3,5,64,0.0,34.87,15.71,24.81,34.3,23.6,1.69
2021-03-06,2021,3,6,65,0.0,34.63,18.96,25.34,42.41,23.46,1.24
2021-03-07,2021,3,7,66,0.0,34.67,18.77,25.31,39.76,23.31,2.02
2021-03-08,2021,3,8,67,0.0,34.97,17.02,25.02,38.95,23.95,1.67
2021-03-09,2021,3,9,68,0.0,35.4,17.18,25.54,39.67,22.57,1.66
2021-03-10,2021,3,10,69,0.0,35.11,20.19,26.13,40.03,22.15,1.53
2021-03-11,2021,3,11,70,0.0,35.19,18.39,25.66,41.87,22.67,2.06
2021-03-12,2021,3,12,71,0.0,35.06,18.24,25.79,41.04,23.17,1.59
2021-03-13,2021,3,13,72,0.0,35.36,18.78,26.64,36.98,23.51,1.96
2021-03-14,2021,3,14,73,0.0,35.76,19.1,26.84,38.02,23.78,1.64
2021-03-15,2021,3,15,74,0.0,35.95,19.17,26.55,36.61,23.16,1.75
2021-03-16,2021,3,16,75,0.0,35.7,19.83,26.75,36.29,22.98,1.86
2021-03-17,2021,3,17,76,0.0,35.9,19.38,26.96,36.03,19.69,1.7
2021-03-18,2021,3,18,77,0.0,34.56,21.06,26.92,38.49,19.53,1.67
2021-03-19,2021,3,19,78,0.0,35.11,19.81,26.14,38.23,21.14,2.23
2021-03-20,2021,3,20,79,0.02,35.3,19.02,25.97,39.68,22.73,2.04
2021-03-21,2021,3,21,80,0.07,35.28,20.83,26.63,40.25,22.32,1.84
2021-03-22,2021,3,22,81,2.57,33.16,21.06,26.16,47.35,20.32,1.15
2021-03-23,2021,3,23,82,0.09,35.85,20.48,27.64,44.12,18.14,1.86
2021-03-24,2021,3,24,83,0.02,36.02,23.0,28.63,39.24,21.97,1.54
2021-03-25,2021,3,25,84,1.25,36.8,20.6,28.18,34.24,22.51,1.97
2021-03-26,2021,3,26,85,0.0,37.56,19.54,28.03,29.86,23.76,1.64
2021-03-27,2021,3,27,86,0.0,38.34,19.13,28.3,27.69,24.2,1.96
2021-03-28,2021,3,28,87,0.0,38.12,19.67,28.43,28.94,24.62,1.54
2021-03-29,2021,3,29,88,0.0,39.05,20.39,28.73,31.78,25.19,1.82
2021-03-30,2021,3,30,89,0.0,36.87,19.51,27.14,38.76,25.56,2.51
2021-03-31,2021,3,31,90,0.0,37.47,17.87,26.81,35.76,27.87,2.37
2021-04-01,2021,4,1,91,0.0,36.61,18.64,26.5,51.54,26.84,2.4
2021-04-02,2021,4,2,92,0.0,36.7,17.89,26.15,56.2,27.07,2.25
2021-04-03,2021,4,3,93,0.0,37.3,18.54,26.61,57.69,26.65,2.1
2021-04-04,2021,4,4,94,0.0,37.32,19.56,27.39,56.21,26.14,2.56
2021-04-05,2021,4,5,95,0.0,38.95,20.43,28.78,44.24,25.78,2.37
2021-04-06,2021,4,6,96,0.0,39.97,21.0,29.77,36.01,26.09,2.01
2021-04-07,2021,4,7,97,0.0,39.47,21.58,29.77,29.61,24.68,2.4
2021-04-08,2021,4,8,98,0.0,38.13,20.97,28.83,37.78,15.76,2.07
2021-04-09,2021,4,9,99,0.11,35.89,22.44,28.85,40.38,23.36,1.23
2021-04-10,2021,4,10,100,0.09,36.71,23.36,29.39,34.69,19.84,1.24
2021-04-11,2021,4,11,101,0.83,36.73,22.68,29.34,40.46,20.79,1.64
2021-04-12,2021,4,12,102,1.28,36.12,22.88,29.66,41.91,21.59,0.91
2021-04-13,2021,4,13,103,5.59,34.24,25.33,29.31,46.03,20.4,0.47
2021-04-14,2021,4,14,104,1.88,35.52,22.91,28.68,46.47,21.54,1.73
2021-04-15,2021,4,15,105,0.5,36.15,22.81,28.43,42.72,24.17,1.67
2021-04-16,2021,4,16,106,0.5,36.97,20.13,27.95,43.43,25.76,2.34
2021-04-17,2021,4,17,107,0.0,37.9,19.58,28.52,40.94,25.8,2.67
2021-04-18,2021,4,18,108,0.0,38.96,20.97,29.71,35.87,25.52,2.1
2021-04-19,2021,4,19,109,0.0,37.64,21.35,28.68,44.36,26.56,2.49
2021-04-20,2021,4,20,110,0.0,36.56,19.96,27.4,53.55,26.97,2.77
2021-04-21,2021,4,21,111,0.0,35.99,20.91,27.33,53.38,25.71,2.76
2021-04-22,2021,4,22,112,0.0,37.32,19.29,27.99,47.25,24.94,1.97
2021-04-23,2021,4,23,113,0.0,37.77,19.95,28.02,49.31,23.22,2.51
2021-04-24,2021,4,24,114,0.0,37.94,20.17,28.43,41.73,26.61,1.98
2021-04-25,2021,4,25,115,0.0,39.85,21.07,30.33,37.71,24.61,2.0
2021-04-26,2021,4,26,116,0.17,37.68,22.82,29.39,51.84,23.67,2.1
2021-04-27,2021,4,27,117,1.87,38.84,22.61,29.93,46.56,23.25,1.79
2021-04-28,2021,4,28,118,0.41,37.46,23.03,29.47,41.29,25.64,2.04
2021-04-29,2021,4,29,119,0.17,38.48,21.43,29.27,48.67,23.66,2.15
2021-04-30,2021,4,30,120,0.57,37.85,23.51,30.04,43.45,24.33,2.01
2021-05-01,2021,5,1,121,0.11,37.94,24.28,30.32,40.37,17.36,1.77
2021-05-02,2021,5,2,122,8.41,36.93,22.85,29.1,52.31,18.82,1.7
2021-05-03,2021,5,3,123,4.82,35.35,23.08,28.74,59.91,22.9,1.23
2021-05-04,2021,5,4,124,6.01,35.55,23.12,28.66,57.71,23.85,1.02
2021-05-05,2021,5,5,125,0.55,36.76,23.01,29.16,52.42,24.18,1.56
2021-05-06,2021,5,6,126,4.15,35.88,23.47,29.0,56.71,21.52,1.08
2021-05-07,2021,5,7,127,1.91,35.29,22.8,28.9,60.71,21.58,0.85
2021-05-08,2021,5,8,128,0.93,37.61,23.47,29.64,53.98,22.55,1.47
2021-05-09,2021,5,9,129,0.56,37.15,23.74,29.49,54.35,22.65,2.11
2021-05-10,2021,5,10,130,0.0,38.07,22.47,29.55,55.74,24.18,2.56
2021-05-11,2021,5,11,131,0.0,36.85,21.88,29.0,53.69,26.05,2.88
2021-05-12,2021,5,12,132,0.0,37.87,21.09,28.84,53.72,25.69,3.22
2021-05-13,2021,5,13,133,0.01,35.87,23.19,28.6,50.28,22.9,2.96
2021-05-14,2021,5,14,134,2.77,37.2,23.21,30.02,46.89,22.35,0.86
2021-05-15,2021,5,15,135,6.15,33.53,25.22,29.1,60.63,17.12,3.5
2021-05-16,2021,5,16,136,16.4,32.04,23.69,26.7,73.86,9.77,7.79
2021-05-17,2021,5,17,137,129.13,27.31,23.07,24.68,86.71,3.74,8.67
2021-05-18,2021,5,18,138,33.84,29.3,23.07,25.51,85.17,14.43,6.14
2021-05-19,2021,5,19,139,13.78,28.1,22.74,25.29,86.89,14.14,3.84
2021-05-20,2021,5,20,140,0.39,30.95,21.41,25.59,79.54,24.93,2.04
2021-05-21,2021,5,21,141,0.9,31.83,21.94,26.25,76.72,22.46,2.16
2021-05-22,2021,5,22,142,1.88,30.86,22.73,26.04,78.62,21.77,2.09
2021-05-23,2021,5,23,143,0.98,31.23,21.89,25.81,77.83,21.7,2.67
2021-05-24,2021,5,24,144,0.72,32.67,22.19,26.45,75.11,24.55,2.98
2021-05-25,2021,5,25,145,0.12,32.59,22.71,26.66,77.21,22.76,3.65
2021-05-26,2021,5,26,146,0.05,31.22,22.61,26.03,78.5,24.66,4.17
2021-05-27,2021,5,27,147,0.05,31.64,21.95,26.15,76.3,21.62,4.29
2021-05-28,2021,5,28,148,0.07,32.39,23.22,26.98,76.18,20.77,3.83
2021-05-29,2021,5,29,149,11.49,31.82,23.45,26.88,78.7,19.74,2.53
2021-05-30,2021,5,30,150,7.43,30.64,22.99,26.25,81.28,20.09,1.45
2021-05-31,2021,5,31,151,11.8,29.25,23.4,25.78,83.65,18.34,2.01
2021-06-01,2021,6,1,152,14.68,30.75,22.57,26.16,83.09,18.78,2.26
2021-06-02,2021,6,2,153,15.72,30.33,23.23,26.21,82.56,19.53,1.22
2021-06-03,2021,6,3,154,3.52,31.8,23.03,26.53,78.01,22.45,1.24
2021-06-04,2021,6,4,155,2.32,30.1,22.98,26.09,80.0,17.14,1.01
2021-06-05,2021,6,5,156,18.19,26.88,22.28,24.58,84.92,13.43,1.37
2021-06-06,2021,6,6,157,8.48,29.92,21.67,25.19,80.35,19.55,2.3
2021-06-07,2021,6,7,158,3.48,29.66,21.89,25.11,81.39,17.5,3.21
2021-06-08,2021,6,8,159,17.34,29.7,21.4,25.17,84.23,14.81,3.33
2021-06-09,2021,6,9,160,28.8,28.63,23.49,25.3,86.12,6.27,4.83
2021-06-10,2021,6,10,161,28.5,26.25,22.67,24.34,90.54,14.45,5.04
2021-06-11,2021,6,11,162,17.24,28.85,22.89,25.32,86.13,12.08,4.61
2021-06-12,2021,6,12,163,23.48,27.62,24.14,25.46,91.31,12.01,4.42
2021-06-13,2021,6,13,164,13.55,27.72,23.79,25.25,89.94,16.35,4.6
2021-06-14,2021,6,14,165,4.07,29.0,22.99,25.42,85.51,18.4,4.15
2021-06-15,2021,6,15,166,19.56,27.47,23.91,25.11,88.32,12.99,5.1
2021-06-16,2021,6,16,167,41.31,26.39,23.64,24.74,92.35,11.44,4.9
2021-06-17,2021,6,17,168,48.01,27.56,23.33,24.87,89.71,9.91,5.65
2021-06-18,2021,6,18,169,51.5,27.65,23.37,24.92,89.59,12.73,6.16
2021-06-19,2021,6,19,170,40.03,25.83,23.19,24.25,91.23,14.2,5.29
2021-06-20,2021,6,20,171,13.86,27.48,22.69,24.45,88.66,17.97,4.47
2021-06-21,2021,6,21,172,4.93,27.58,22.02,24.19,89.1,15.52,3.57
2021-06-22,2021,6,22,173,5.14,27.56,21.76,24.23,88.1,18.41,3.57
2021-06-23,2021,6,23,174,6.1,27.67,21.67,24.08,88.59,16.25,3.41
2021-06-24,2021,6,24,175,7.22,27.12,21.93,23.99,88.09,10.46,3.5
2021-06-25,2021,6,25,176,14.09,26.17,21.9,23.59,89.37,10.15,3.75
2021-06-26,2021,6,26,177,5.47,27.63,21.63,24.1,87.88,19.09,3.62
2021-06-27,2021,6,27,178,5.82,25.5,21.46,23.25,90.23,10.09,2.64
2021-06-28,2021,6,28,179,17.92,26.37,21.17,23.63,91.03,15.52,2.44
2021-06-29,2021,6,29,180,3.35,28.45,22.39,24.9,88.19,18.1,3.07
2021-06-30,2021,6,30,181,2.96,27.3,22.32,24.26,90.04,15.71,2.67
2021-07-01,2021,7,1,182,2.13,26.45,22.11,23.95,90.83,16.74,3.16
2021-07-02,2021,7,2,183,0.5,28.25,21.68,24.53,87.47,19.52,3.67
2021-07-03,2021,7,3,184,2.46,28.06,21.96,24.47,87.86,20.92,2.99
2021-07-04,2021,7,4,185,1.24,28.59,21.29,24.51,86.51,22.15,2.46
2021-07-05,2021,7,5,186,4.86,27.84,21.64,24.3,87.5,21.1,2.09
2021-07-06,2021,7,6,187,2.6,28.85,21.45,24.55,86.6,19.04,1.7
2021-07-07,2021,7,7,188,3.64,27.95,22.16,24.61,87.43,17.76,2.31
2021-07-08,2021,7,8,189,15.74,26.54,22.44,24.14,90.81,13.61,2.49
2021-07-09,2021,7,9,190,10.22,26.81,21.83,23.89,88.69,12.08,1.94
2021-07-10,2021,7,10,191,9.34,28.29,21.05,24.14,83.22,12.75,1.92
2021-07-11,2021,7,11,192,13.35,26.58,21.59,23.89,92.12,12.04,3.85
2021-07-12,2021,7,12,193,48.58,25.03,22.55,23.53,93.43,9.51,4.85
2021-07-13,2021,7,13,194,25.79,26.49,22.01,23.89,91.11,9.01,4.29
2021-07-14,2021,7,14,195,17.09,25.18,21.86,23.49,92.65,9.01,4.56
2021-07-15,2021,7,15,196,31.23,25.94,23.08,24.08,94.4,12.81,4.49
2021-07-16,2021,7,16,197,14.18,27.22,22.17,24.42,90.34,10.94,3.8
2021-07-17,2021,7,17,198,35.86,26.82,22.41,24.19,92.48,11.46,3.72
2021-07-18,2021,7,18,199,44.84,25.61,23.23,24.17,94.09,10.06,5.44
2021-07-19,2021,7,19,200,73.76,25.39,22.53,23.75,94.43,6.04,5.86
2021-07-20,2021,7,20,201,37.97,25.45,22.44,23.75,93.77,11.62,5.37
2021-07-21,2021,7,21,202,95.24,24.07,22.59,23.23,95.48,4.84,6.47
2021-07-22,2021,7,22,203,60.77,25.21,22.05,23.27,93.74,3.71,6.86
2021-07-23,2021,7,23,204,84.96,24.52,22.24,23.14,95.07,3.95,5.2
2021-07-24,2021,7,24,205,38.04,26.97,22.27,24.18,91.69,14.87,4.65
2021-07-25,2021,7,25,206,27.81,26.44,22.56,24.19,93.12,13.57,5.26
2021-07-26,2021,7,26,207,19.62,26.44,22.48,23.95,92.03,13.11,6.18
2021-07-27,2021,7,27,208,15.18,26.33,21.9,23.52,91.0,14.38,6.05
2021-07-28,2021,7,28,209,12.1,25.95,21.85,23.36,90.86,11.89,6.24
2021-07-29,2021,7,29,210,12.8,24.87,21.58,22.84,93.16,8.69,5.85
2021-07-30,2021,7,30,211,10.8,24.98,21.6,22.81,92.27,6.25,5.75
2021-07-31,2021,7,31,212,8.7,25.26,21.65,23.02,91.9,11.01,6.06
2021-08-01,2021,8,1,213,6.13,25.92,21.29,22.98,90.65,11.77,5.7
2021-08-02,2021,8,2,214,10.87,26.32,21.43,23.34,90.3,13.06,5.34
2021-08-03,2021,8,3,215,14.36,26.91,21.8,23.78,90.73,13.62,5.4
2021-08-04,2021,8,4,216,14.0,26.64,21.82,23.52,91.51,13.41,5.32
2021-08-05,2021,8,5,217,7.33,26.96,21.65,23.5,90.72,14.27,5.23
2021-08-06,2021,8,6,218,4.59,27.28,21.57,23.71,90.15,15.63,4.42
2021-08-07,2021,8,7,219,2.57,27.81,21.21,23.91,89.15,13.81,2.94
2021-08-08,2021,8,8,220,3.69,27.31,20.95,23.7,90.63,14.23,2.22
2021-08-09,2021,8,9,221,1.7,27.76,21.41,23.96,89.59,17.19,2.31
2021-08-10,2021,8,10,222,2.89,27.65,21.23,23.77,89.68,14.64,2.58
2021-08-11,2021,8,11,223,3.84,27.27,21.02,23.73,89.42,14.44,2.66
2021-08-12,2021,8,12,224,8.22,27.93,21.17,23.76,88.51,9.09,3.18
2021-08-13,2021,8,13,225,5.89,27.86,21.32,23.84,88.74,13.91,3.15
2021-08-14,2021,8,14,226,15.5,27.0,21.23,23.5,89.53,11.31,3.49
2021-08-15,2021,8,15,227,12.77,27.22,21.17,23.6,89.68,8.44,3.44
2021-08-16,2021,8,16,228,6.96,27.14,21.54,23.74,88.76,11.0,2.56
2021-08-17,2021,8,17,229,9.96,24.82,20.8,22.63,92.31,8.2,2.18
2021-08-18,2021,8,18,230,18.35,24.88,19.96,22.17,91.76,7.67,2.61
2021-08-19,2021,8,19,231,17.24,25.1,20.59,22.4,92.7,7.83,2.28
2021-08-20,2021,8,20,232,10.78,26.38,20.43,22.87,90.99,10.08,2.6
2021-08-21,2021,8,21,233,19.3,25.17,20.61,22.47,92.2,8.89,2.51
2021-08-22,2021,8,22,234,1.25,25.68,19.38,22.14,89.59,14.26,1.69
2021-08-23,2021,8,23,235,0.24,27.71,19.12,23.13,87.03,21.44,1.72
2021-08-24,2021,8,24,236,1.75,26.94,20.74,23.45,89.12,19.88,1.72
2021-08-25,2021,8,25,237,1.55,27.53,20.78,23.65,89.56,18.25,2.1
2021-08-26,2021,8,26,238,2.63,27.49,20.88,23.65,89.61,13.45,2.26
2021-08-27,2021,8,27,239,3.16,27.95,20.64,23.82,88.76,13.04,2.19
2021-08-28,2021,8,28,240,0.61,27.05,20.7,23.46,88.38,17.18,1.98
2021-08-29,2021,8,29,241,0.63,26.84,20.47,23.29,87.65,16.08,1.97
2021-08-30,2021,8,30,242,6.72,24.43,20.52,22.1,91.7,10.27,3.09
2021-08-31,2021,8,31,243,38.89,23.92,20.12,21.93,95.38,4.87,3.3
2021-09-01,2021,9,1,244,7.26,27.16,21.14,23.31,91.23,11.12,3.49
2021-09-02,2021,9,2,245,4.8,25.04,20.76,22.73,93.14,14.49,2.7
2021-09-03,2021,9,3,246,10.01,26.63,20.94,23.33,91.22,14.71,2.72
2021-09-04,2021,9,4,247,12.94,27.4,20.8,23.65,90.75,14.88,2.6
2021-09-05,2021,9,5,248,13.73,26.24,21.52,23.27,91.43,12.81,2.86
2021-09-06,2021,9,6,249,14.16,25.56,21.04,23.07,93.26,16.04,2.74
2021-09-07,2021,9,7,250,32.97,25.46,21.42,23.47,95.61,8.98,2.76
2021-09-08,2021,9,8,251,23.7,24.82,22.14,23.48,96.01,11.4,4.18
2021-09-09,2021,9,9,252,13.57,26.45,21.54,23.56,92.18,10.86,5.03
2021-09-10,2021,9,10,253,14.38,26.59,21.97,23.74,91.86,10.98,4.89
2021-09-11,2021,9,11,254,24.42,26.48,22.25,23.98,92.4,10.06,4.84
2021-09-12,2021,9,12,255,36.74,26.01,22.77,24.08,93.82,11.65,4.28
2021-09-13,2021,9,13,256,30.35,26.0,22.94,23.91,94.14,7.32,4.39
2021-09-14,2021,9,14,257,12.28,25.91,21.94,23.57,92.66,12.98,4.52
2021-09-15,2021,9,15,258,3.07,26.05,21.44,23.15,92.05,13.11,3.6
2021-09-16,2021,9,16,259,0.64,26.48,21.14,23.2,91.65,17.11,3.3
2021-09-17,2021,9,17,260,0.48,25.93,20.7,22.79,91.2,15.86,2.5
2021-09-18,2021,9,18,261,1.53,27.09,20.11,23.11,90.5,14.76,2.5
2021-09-19,2021,9,19,262,8.82,27.27,20.6,23.56,90.69,16.01,2.44
2021-09-20,2021,9,20,263,9.98,26.94,21.26,23.67,91.48,13.52,2.47
2021-09-21,2021,9,21,264,26.26,26.12,21.78,23.35,93.03,8.54,2.96
2021-09-22,2021,9,22,265,18.93,26.69,21.51,23.39,91.97,7.02,2.89
2021-09-23,2021,9,23,266,7.11,27.22,21.06,23.48,90.99,11.56,2.36
2021-09-24,2021,9,24,267,1.24,26.75,20.25,23.11,90.05,15.34,1.7
2021-09-25,2021,9,25,268,2.27,26.62,20.58,23.14,90.52,14.18,1.79
2021-09-26,2021,9,26,269,2.03,26.49,20.7,23.15,90.29,13.41,1.73
2021-09-27,2021,9,27,270,7.89,25.4,21.13,22.61,91.97,10.07,2.32
2021-09-28,2021,9,28,271,34.57,23.89,20.72,21.83,93.96,7.56,3.3
2021-09-29,2021,9,29,272,9.52,25.82,20.71,22.76,91.77,12.96,3.61
2021-09-30,2021,9,30,273,4.46,27.49,21.19,23.78,90.66,13.54,2.02
2021-10-01,2021,10,1,274,8.01,28.79,20.73,24.24,88.16,17.84,1.2
2021-10-02,2021,10,2,275,3.05,27.64,22.44,24.63,89.23,17.98,1.26
2021-10-03,2021,10,3,276,4.76,28.82,21.08,24.63,88.82,17.16,1.31
2021-10-04,2021,10,4,277,9.89,28.94,21.97,25.1,88.67,18.93,1.07
2021-10-05,2021,10,5,278,4.65,28.98,22.28,25.19,88.84,21.28,1.24
2021-10-06,2021,10,6,279,11.38,27.56,21.09,24.4,87.2,16.4,0.9
2021-10-07,2021,10,7,280,1.26,29.63,21.64,25.42,85.83,17.37,1.42
2021-10-08,2021,10,8,281,3.85,25.55,22.66,23.89,94.37,15.15,1.51
2021-10-09,2021,10,9,282,20.82,27.43,21.92,24.08,91.93,16.25,1.54
2021-10-10,2021,10,10,283,5.75,27.41,21.63,24.02,89.16,16.56,0.98
2021-10-11,2021,10,11,284,2.77,28.3,21.42,24.35,87.41,16.06,0.81
2021-10-12,2021,10,12,285,4.47,28.84,20.82,24.69,84.95,18.85,1.05
2021-10-13,2021,10,13,286,0.09,28.66,19.62,23.76,82.8,19.71,1.55
2021-10-14,2021,10,14,287,0.13,28.05,18.96,23.57,80.93,19.44,1.47
2021-10-15,2021,10,15,288,0.0,29.06,20.0,23.97,82.31,20.65,1.71
2021-10-16,2021,10,16,289,0.0,28.77,18.47,23.31,79.96,20.25,1.19
2021-10-17,2021,10,17,290,0.1,28.39,20.78,23.81,86.07,16.74,1.51
2021-10-18,2021,10,18,291,0.15,26.91,19.61,22.68,88.52,18.07,2.04
2021-10-19,2021,10,19,292,0.06,26.71,18.08,21.67,86.47,20.06,1.37
2021-10-20,2021,10,20,293,0.0,28.28,17.52,22.26,82.97,20.84,0.92
2021-10-21,2021,10,21,294,0.0,28.69,16.41,22.31,76.11,20.55,1.26
2021-10-22,2021,10,22,295,0.0,28.12,16.51,21.95,77.97,21.0,1.31
2021-10-23,2021,10,23,296,0.0,27.96,16.04,21.44,80.45,21.08,1.33
2021-10-24,2021,10,24,297,0.0,27.17,15.83,20.8,84.57,20.27,1.33
2021-10-25,2021,10,25,298,0.0,27.45,15.95,21.12,81.92,20.7,1.41
2021-10-26,2021,10,26,299,0.0,26.9,15.13,20.86,78.52,20.37,1.46
2021-10-27,2021,10,27,300,0.0,26.93,15.49,20.57,76.06,19.93,2.39
2021-10-28,2021,10,28,301,0.0,26.52,15.86,20.62,80.51,18.03,2.53
2021-10-29,2021,10,29,302,0.0,27.69,15.92,21.25,80.16,19.55,2.6
2021-10-30,2021,10,30,303,0.0,28.17,16.12,21.65,78.82,19.22,2.67
2021-10-31,2021,10,31,304,0.0,28.01,17.05,21.84,79.81,18.99,2.18
2021-11-01,2021,11,1,305,0.0,28.47,16.9,22.07,81.15,16.61,1.77
2021-11-02,2021,11,2,306,0.0,27.28,16.63,21.71,81.39,16.94,2.11
2021-11-03,2021,11,3,307,0.0,26.89,18.06,22.09,84.58,16.37,2.23
2021-11-04,2021,11,4,308,0.51,28.15,19.36,23.55,84.31,16.6,1.37
2021-11-05,2021,11,5,309,4.59,25.99,20.49,22.56,89.55,16.36,2.22
2021-11-06,2021,11,6,310,3.52,26.16,19.43,22.34,86.12,12.84,1.7
2021-11-07,2021,11,7,311,2.19,26.23,18.91,22.14,85.47,11.73,1.8
2021-11-08,2021,11,8,312,0.0,26.52,16.34,20.67,76.36,18.09,2.55
2021-11-09,2021,11,9,313,0.0,26.27,14.52,19.28,73.52,18.86,2.87
2021-11-10,2021,11,10,314,0.0,26.45,13.57,18.97,71.22,17.4,2.4
2021-11-11,2021,11,11,315,0.0,25.66,13.85,18.65,72.89,16.94,2.79
2021-11-12,2021,11,12,316,0.0,27.68,14.54,20.52,74.25,17.58,2.32
2021-11-13,2021,11,13,317,0.0,28.81,19.08,23.22,85.05,15.37,2.02
2021-11-14,2021,11,14,318,0.3,28.73,19.79,23.84,85.5,15.4,1.71
2021-11-15,2021,11,15,319,0.22,28.67,21.08,24.32,86.44,13.96,1.14
2021-11-16,2021,11,16,320,5.17,27.59,21.47,23.88,88.75,12.69,2.39
2021-11-17,2021,11,17,321,4.26,26.94,21.74,23.6,90.26,12.13,2.78
2021-11-18,2021,11,18,322,5.01,28.52,20.7,24.05,82.79,14.29,1.76
2021-11-19,2021,11,19,323,0.87,28.12,20.04,23.7,84.5,13.56,1.54
2021-11-20,2021,11,20,324,0.97,28.01,20.38,23.66,87.45,12.15,2.03
2021-11-21,2021,11,21,325,11.45,28.92,20.81,24.24,84.75,8.89,2.3
2021-11-22,2021,11,22,326,2.88,28.23,21.36,23.99,88.45,13.44,1.44
2021-11-23,2021,11,23,327,0.02,28.64,21.38,24.26,87.95,17.23,0.79
2021-11-24,2021,11,24,328,0.0,28.91,20.43,23.89,83.75,16.47,2.05
2021-11-25,2021,11,25,329,0.0,27.06,18.61,22.24,80.88,16.64,1.71
2021-11-26,2021,11,26,330,0.0,27.41,16.5,21.3,79.39,16.96,1.93
2021-11-27,2021,11,27,331,0.0,27.18,15.17,20.61,75.33,17.26,1.99
2021-11-28,2021,11,28,332,0.0,25.22,15.11,18.94,76.04,16.94,2.84
2021-11-29,2021,11,29,333,0.0,26.03,14.49,19.9,76.57,14.96,3.22
2021-11-30,2021,11,30,334,0.31,22.55,17.95,19.92,89.11,11.11,2.7
2021-12-01,2021,12,1,335,64.48,20.71,17.32,18.74,92.73,3.22,2.99
2021-12-02,2021,12,2,336,14.04,23.82,15.4,19.06,89.65,6.31,2.77
2021-12-03,2021,12,3,337,0.47,26.61,17.21,21.11,88.62,10.18,1.2
2021-12-04,2021,12,4,338,0.61,26.02,17.45,20.95,86.85,12.69,1.36
2021-12-05,2021,12,5,339,0.02,25.62,15.36,19.59,84.18,17.35,1.09
2021-12-06,2021,12,6,340,0.0,25.64,13.66,19.67,81.61,16.87,1.36
2021-12-07,2021,12,7,341,0.0,26.14,14.75,19.8,79.68,15.7,2.13
2021-12-08,2021,12,8,342,0.0,25.91,15.29,19.88,77.73,15.55,2.38
2021-12-09,2021,12,9,343,0.0,26.37,14.85,20.08,79.12,15.2,1.85
2021-12-10,2021,12,10,344,0.0,26.23,16.42,20.59,83.48,15.15,2.34
2021-12-11,2021,12,11,345,0.0,26.13,16.34,20.69,82.85,15.23,2.34
2021-12-12,2021,12,12,346,0.0,26.01,15.98,20.61,79.53,14.85,2.0
2021-12-13,2021,12,13,347,0.0,24.9,15.52,19.95,81.74,14.18,1.31
2021-12-14,2021,12,14,348,0.0,25.15,15.04,19.72,83.1,15.35,1.46
2021-12-15,2021,12,15,349,0.0,25.07,15.38,19.52,83.51,12.73,1.76
2021-12-16,2021,12,16,350,0.0,25.07,15.3,20.1,82.99,12.28,1.65
2021-12-17,2021,12,17,351,0.0,24.97,15.54,19.64,79.19,16.4,1.29
2021-12-18,2021,12,18,352,0.0,25.55,13.73,18.64,75.17,16.51,2.36
2021-12-19,2021,12,19,353,0.0,24.48,12.57,17.67,74.78,16.71,2.55
2021-12-20,2021,12,20,354,0.0,24.64,11.2,17.51,68.51,15.16,2.07
2021-12-21,2021,12,21,355,0.0,25.33,10.61,17.5,68.48,15.88,1.53
2021-12-22,2021,12,22,356,0.0,26.19,11.39,18.44,69.24,16.34,1.08
2021-12-23,2021,12,23,357,0.0,26.61,11.93,18.42,72.03,16.01,1.16
2021-12-24,2021,12,24,358,0.0,25.63,13.6,18.34,73.32,16.1,1.37
2021-12-25,2021,12,25,359,0.0,26.35,12.37,18.25,70.95,16.42,1.13
2021-12-26,2021,12,26,360,0.0,26.78,11.48,18.55,71.24,17.03,1.17
2021-12-27,2021,12,27,361,0.0,26.83,12.28,19.74,64.69,15.86,1.19
2021-12-28,2021,12,28,362,0.01,26.35,13.63,19.59,70.94,15.08,1.34
2021-12-29,2021,12,29,363,0.0,25.16,11.6,18.1,71.43,17.03,1.41
2021-12-30,2021,12,30,364,0.0,24.92,12.89,18.21,80.1,15.33,2.91
2021-12-31,2021,12,31,365,0.0,25.83,14.35,19.32,78.23,15.08,3.01
2022-01-01,2022,1,1,1,0.0,26.38,15.3,20.27,77.45,15.24,1.77
2022-01-02,2022,1,2,2,0.0,26.31,14.78,20.29,78.85,14.85,1.57
2022-01-03,2022,1,3,3,0.0,26.29,15.59,20.39,76.19,14.78,1.7
2022-01-04,2022,1,4,4,0.0,26.69,14.85,20.2,71.59,15.97,1.75
2022-01-05,2022,1,5,5,0.0,26.5,13.56,19.4,72.63,15.11,1.75
2022-01-06,2022,1,6,6,0.0,26.42,14.32,19.51,76.88,15.23,1.4
2022-01-07,2022,1,7,7,0.0,26.05,14.39,18.92,82.67,15.9,1.91
2022-01-08,2022,1,8,8,0.51,25.01,15.04,18.94,84.99,13.29,1.45
2022-01-09,2022,1,9,9,0.61,23.84,13.15,17.78,85.3,16.73,1.45
2022-01-10,2022,1,10,10,0.0,24.93,10.95,16.71,75.33,18.94,1.51
2022-01-11,2022,1,11,11,0.0,22.48,10.98,15.52,72.43,18.39,1.54
2022-01-12,2022,1,12,12,0.0,23.81,8.65,15.63,81.69,16.68,1.45
2022-01-13,2022,1,13,13,0.0,23.52,10.06,16.12,82.45,13.75,1.68
2022-01-14,2022,1,14,14,0.0,24.12,11.67,17.0,82.16,15.08,1.04
2022-01-15,2022,1,15,15,0.0,25.48,13.24,18.55,77.19,16.94,1.84
2022-01-16,2022,1,16,16,0.0,26.48,13.27,19.38,77.01,16.73,2.53
2022-01-17,2022,1,17,17,0.0,26.05,15.48,20.49,75.15,15.07,1.77
2022-01-18,2022,1,18,18,0.0,27.4,14.54,20.19,71.4,18.46,1.36
2022-01-19,2022,1,19,19,0.0,27.26,12.86,19.43,66.29,18.77,1.65
2022-01-20,2022,1,20,20,0.0,27.31,14.23,19.41,61.32,19.92,1.7
2022-01-21,2022,1,21,21,0.0,26.33,14.33,19.26,67.07,19.27,1.73
2022-01-22,2022,1,22,22,0.05,24.79,13.87,18.59,85.35,15.91,2.22
2022-01-23,2022,1,23,23,0.1,21.72,10.35,16.65,82.07,13.98,2.88
2022-01-24,2022,1,24,24,0.0,21.25,6.96,13.41,68.24,18.77,1.22
2022-01-25,2022,1,25,25,0.0,23.21,5.96,14.13,56.48,17.88,1.54
2022-01-26,2022,1,26,26,0.0,24.91,7.71,15.97,56.84,19.08,1.54
2022-01-27,2022,1,27,27,0.0,25.52,8.74,16.42,59.43,18.9,1.98
2022-01-28,2022,1,28,28,0.0,26.18,9.96,17.12,57.7,19.22,2.68
2022-01-29,2022,1,29,29,0.0,26.62,9.98,18.4,46.74,20.46,2.08
2022-01-30,2022,1,30,30,0.0,27.69,10.4,19.05,48.46,20.79,1.47
2022-01-31,2022,1,31,31,0.0,28.38,11.84,19.41,51.48,20.98,1.25
2022-02-01,2022,2,1,32,0.0,28.92,11.29,19.21,52.33,21.44,1.3
2022-02-02,2022,2,2,33,0.0,29.76,12.16,19.65,54.26,21.33,1.45
2022-02-03,2022,2,3,34,0.0,26.36,12.47,18.19,69.39,21.73,1.94
2022-02-04,2022,2,4,35,0.0,25.08,13.36,17.75,73.53,21.2,1.44
2022-02-05,2022,2,5,36,0.0,27.43,9.47,17.81,56.67,21.67,1.48
2022-02-06,2022,2,6,37,0.0,29.34,9.86,18.89,54.0,20.53,1.99
2022-02-07,2022,2,7,38,0.0,28.05,12.93,19.14,70.15,20.3,1.3
2022-02-08,2022,2,8,39,0.0,28.03,12.85,18.76,76.46,20.72,1.64
2022-02-09,2022,2,9,40,0.0,27.36,13.01,18.43,73.9,21.62,1.65
2022-02-10,2022,2,10,41,0.0,28.29,10.99,19.16,59.5,21.15,1.88
2022-02-11,2022,2,11,42,0.0,29.17,13.1,20.17,51.47,19.64,2.53
2022-02-12,2022,2,12,43,0.0,29.31,12.88,20.34,50.66,19.58,2.05
2022-02-13,2022,2,13,44,0.0,29.29,13.1,20.63,55.26,20.05,1.57
2022-02-14,2022,2,14,45,0.0,29.25,12.83,19.84,58.65,20.72,1.85
2022-02-15,2022,2,15,46,0.0,28.4,12.42,18.98,64.95,21.86,1.8
2022-02-16,2022,2,16,47,0.0,26.57,11.92,18.67,66.68,21.61,1.75
2022-02-17,2022,2,17,48,0.0,27.99,12.79,19.85,59.9,22.17,1.83
2022-02-18,2022,2,18,49,0.0,29.35,13.72,20.7,58.94,21.85,1.71
2022-02-19,2022,2,19,50,0.0,31.02,13.84,21.54,63.29,20.89,1.47
2022-02-20,2022,2,20,51,0.0,31.04,15.01,22.01,52.69,22.25,1.93
2022-02-21,2022,2,21,52,0.0,32.03,14.86,22.03,43.39,22.63,1.3
2022-02-22,2022,2,22,53,0.0,33.5,14.55,22.68,43.17,22.65,1.3
2022-02-23,2022,2,23,54,0.0,33.55,14.29,23.42,48.61,21.99,1.62
2022-02-24,2022,2,24,55,0.0,32.9,16.6,23.83,49.2,20.43,1.43
2022-02-25,2022,2,25,56,0.0,32.93,17.06,24.04,48.31,20.7,1.54
2022-02-26,2022,2,26,57,0.0,32.92,17.81,23.87,47.03,20.71,1.49
2022-02-27,2022,2,27,58,0.0,32.6,15.11,22.99,46.4,21.25,1.67
2022-02-28,2022,2,28,59,0.0,32.54,14.79,22.96,40.48,22.04,1.88
2022-03-01,2022,3,1,60,0.0,32.89,15.29,23.4,39.71,21.6,1.9
2022-03-02,2022,3,2,61,0.0,33.73,16.27,24.37,40.82,21.11,1.83
2022-03-03,2022,3,3,62,0.0,33.55,16.55,24.67,40.68,20.44,1.65
2022-03-04,2022,3,4,63,0.0,33.64,17.09,24.65,39.47,22.02,2.26
2022-03-05,2022,3,5,64,0.0,33.89,17.12,25.06,39.91,21.71,1.89
2022-03-06,2022,3,6,65,0.0,34.03,18.53,25.5,43.95,19.48,1.84
2022-03-07,2022,3,7,66,0.06,33.2,19.89,25.9,46.33,18.86,2.01
2022-03-08,2022,3,8,67,0.08,33.4,19.62,26.32,47.05,18.76,1.78
2022-03-09,2022,3,9,68,0.04,34.51,21.13,26.69,44.53,17.41,1.62
2022-03-10,2022,3,10,69,0.01,32.61,19.79,25.72,42.44,16.34,1.94
2022-03-11,2022,3,11,70,0.68,33.94,20.28,27.06,45.46,17.56,1.3
2022-03-12,2022,3,12,71,0.08,33.88,19.83,26.56,47.34,21.17,1.6
2022-03-13,2022,3,13,72,0.0,35.0,18.33,25.98,37.46,22.11,2.37
2022-03-14,2022,3,14,73,0.0,35.92,17.61,26.07,27.11,23.95,2.06
2022-03-15,2022,3,15,74,0.0,36.95,17.24,26.6,32.59,24.99,1.91
2022-03-16,2022,3,16,75,0.0,37.9,18.45,27.81,31.02,25.07,2.04
2022-03-17,2022,3,17,76,0.0,38.38,18.87,28.1,31.26,25.1,1.78
2022-03-18,2022,3,18,77,0.0,38.48,21.33,28.6,31.03,23.67,1.48
2022-03-19,2022,3,19,78,0.0,37.83,20.79,27.62,40.12,23.51,2.11
2022-03-20,2022,3,20,79,0.0,36.4,18.99,26.49,45.84,17.76,2.17
2022-03-21,2022,3,21,80,0.0,36.43,18.44,26.62,46.31,19.64,1.89
2022-03-22,2022,3,22,81,0.0,37.72,19.26,27.92,33.38,17.73,2.05
2022-03-23,2022,3,23,82,0.01,37.96,19.81,28.57,34.59,18.06,1.84
2022-03-24,2022,3,24,83,0.04,37.11,19.84,27.61,40.61,15.79,2.16
2022-03-25,2022,3,25,84,0.04,37.32,20.11,27.39,47.32,17.57,1.44
2022-03-26,2022,3,26,85,0.0,37.94,20.35,27.54,48.13,19.26,1.84
2022-03-27,2022,3,27,86,0.0,39.15,19.58,28.26,48.61,22.45,1.66
2022-03-28,2022,3,28,87,0.0,39.32,19.81,28.79,48.76,23.16,2.08
2022-03-29,2022,3,29,88,0.0,39.47,20.05,28.79,38.44,25.12,2.57
2022-03-30,2022,3,30,89,0.0,38.98,21.59,28.98,30.23,26.55,2.49
2022-03-31,2022,3,31,90,0.0,38.21,20.78,27.99,31.33,26.59,2.57
2022-04-01,2022,4,1,91,0.0,39.11,19.24,28.2,25.37,27.48,2.31
2022-04-02,2022,4,2,92,0.0,39.59,21.28,28.99,28.08,25.84,1.85
2022-04-03,2022,4,3,93,0.0,40.02,18.85,28.91,35.11,24.88,1.82
2022-04-04,2022,4,4,94,0.0,39.94,20.72,29.5,33.39,21.65,1.77
2022-04-05,2022,4,5,95,0.01,40.4,20.45,29.64,46.19,23.71,1.94
2022-04-06,2022,4,6,96,0.04,40.32,20.52,29.83,49.51,23.92,1.8
2022-04-07,2022,4,7,97,0.0,40.42,21.83,30.43,36.11,24.31,2.03
2022-04-08,2022,4,8,98,0.39,39.96,22.51,30.57,29.15,23.66,1.78
2022-04-09,2022,4,9,99,0.28,37.51,22.58,29.09,45.47,22.43,2.41
2022-04-10,2022,4,10,100,0.01,36.41,21.28,28.18,53.5,23.72,2.19
2022-04-11,2022,4,11,101,0.01,38.91,21.52,29.54,39.75,22.01,2.14
2022-04-12,2022,4,12,102,0.0,39.43,22.91,30.38,35.42,21.07,1.47
2022-04-13,2022,4,13,103,0.0,38.42,24.34,30.39,29.76,20.27,1.53
2022-04-14,2022,4,14,104,0.0,36.06,23.71,28.89,35.85,22.45,2.13
2022-04-15,2022,4,15,105,0.0,36.38,21.77,27.43,54.16,24.96,2.59
2022-04-16,2022,4,16,106,0.0,38.33,19.85,28.28,48.85,26.25,2.42
2022-04-17,2022,4,17,107,0.02,39.28,19.55,28.63,50.19,26.86,2.17
2022-04-18,2022,4,18,108,0.0,39.1,20.69,28.95,50.57,26.35,2.47
2022-04-19,2022,4,19,109,0.0,35.52,20.7,27.54,52.42,24.92,2.82
2022-04-20,2022,4,20,110,0.0,37.64,21.38,28.8,49.36,23.15,2.6
2022-04-21,2022,4,21,111,0.0,38.81,24.01,31.03,30.29,18.76,2.2
2022-04-22,2022,4,22,112,6.3,39.56,24.61,31.6,33.74,23.6,2.08
2022-04-23,2022,4,23,113,1.61,35.77,23.57,29.28,55.03,22.27,1.6
2022-04-24,2022,4,24,114,0.11,36.06,23.18,28.71,49.0,16.72,1.71
2022-04-25,2022,4,25,115,0.0,38.91,21.52,30.09,45.56,24.45,1.95
2022-04-26,2022,4,26,116,0.85,39.02,22.57,30.09,37.55,26.05,1.77
2022-04-27,2022,4,27,117,0.0,40.72,23.57,31.73,29.37,25.61,2.3
2022-04-28,2022,4,28,118,0.0,41.0,24.5,32.36,29.64,24.74,2.54
2022-04-29,2022,4,29,119,0.01,39.44,23.37,30.6,42.85,25.5,2.55
2022-04-30,2022,4,30,120,0.0,39.25,22.67,29.94,40.44,27.08,2.99
2022-05-01,2022,5,1,121,0.0,38.08,21.09,28.62,55.03,27.05,3.27
2022-05-02,2022,5,2,122,0.0,36.22,21.29,27.8,58.85,27.42,2.77
2022-05-03,2022,5,3,123,0.0,33.49,22.19,27.17,63.76,26.73,2.67
2022-05-04,2022,5,4,124,0.0,38.48,21.91,28.99,54.02,26.67,2.54
2022-05-05,2022,5,5,125,0.0,38.81,21.71,29.32,52.77,25.99,3.33
2022-05-06,2022,5,6,126,0.0,39.3,21.39,29.42,53.92,25.75,3.06
2022-05-07,2022,5,7,127,0.0,38.87,22.91,29.61,54.97,25.47,3.64
2022-05-08,2022,5,8,128,0.0,40.74,22.5,30.68,50.11,22.91,3.1
2022-05-09,2022,5,9,129,0.0,39.19,23.41,30.05,52.46,21.07,4.39
2022-05-10,2022,5,10,130,0.0,37.15,23.25,28.47,61.8,19.73,4.67
2022-05-11,2022,5,11,131,0.0,38.77,23.32,29.2,63.19,19.08,4.05
2022-05-12,2022,5,12,132,0.01,37.13,24.11,28.99,63.7,14.37,4.2
2022-05-13,2022,5,13,133,0.0,35.53,23.75,28.57,61.62,19.74,4.42
2022-05-14,2022,5,14,134,0.01,37.3,23.6,28.92,60.54,24.51,4.52
2022-05-15,2022,5,15,135,0.0,37.1,23.37,28.81,60.77,24.65,4.28
2022-05-16,2022,5,16,136,0.01,39.3,23.61,30.0,58.59,25.36,3.59
2022-05-17,2022,5,17,137,0.02,37.22,23.82,29.28,60.73,22.29,3.14
2022-05-18,2022,5,18,138,0.0,35.22,23.91,28.52,61.1,21.76,3.26
2022-05-19,2022,5,19,139,2.31,35.86,24.12,28.48,59.91,17.93,2.7
2022-05-20,2022,5,20,140,0.98,32.84,23.27,27.05,65.63,13.2,3.6
2022-05-21,2022,5,21,141,0.07,33.7,22.67,26.81,68.54,22.97,4.88
2022-05-22,2022,5,22,142,0.06,33.72,22.71,27.0,69.67,23.77,5.42
2022-05-23,2022,5,23,143,0.95,33.87,23.32,27.53,71.1,24.0,5.05
2022-05-24,2022,5,24,144,0.64,34.89,23.71,27.99,68.23,21.68,4.49
2022-05-25,2022,5,25,145,0.11,35.71,22.83,27.94,63.19,24.24,3.78
2022-05-26,2022,5,26,146,0.0,35.56,21.5,27.51,60.37,24.35,3.96
2022-05-27,2022,5,27,147,0.0,34.98,22.62,27.81,60.43,25.71,4.55
2022-05-28,2022,5,28,148,0.0,35.06,22.68,27.96,60.28,24.85,4.45
2022-05-29,2022,5,29,149,0.0,34.52,23.12,27.66,61.35,23.76,4.64
2022-05-30,2022,5,30,150,0.0,35.85,22.36,27.96,62.37,23.26,4.41
2022-05-31,2022,5,31,151,2.17,36.03,22.81,28.08,62.01,23.86,4.33
2022-06-01,2022,6,1,152,2.79,35.04,22.41,27.86,63.34,14.99,3.31
2022-06-02,2022,6,2,153,0.04,35.43,23.37,28.02,60.0,20.57,4.08
2022-06-03,2022,6,3,154,0.02,36.24,23.17,28.32,60.4,24.57,4.25
2022-06-04,2022,6,4,155,0.01,35.59,22.88,28.21,59.74,24.3,3.87
2022-06-05,2022,6,5,156,2.12,37.14,23.11,28.48,60.68,23.64,3.55
2022-06-06,2022,6,6,157,2.65,34.13,22.65,27.4,64.64,17.85,3.54
2022-06-07,2022,6,7,158,0.1,33.69,23.35,27.58,64.67,16.34,3.81
2022-06-08,2022,6,8,159,0.14,33.86,23.41,27.64,67.58,19.8,3.8
2022-06-09,2022,6,9,160,1.32,33.88,23.52,27.68,68.82,17.98,3.14
2022-06-10,2022,6,10,161,9.37,32.99,23.63,26.96,74.06,18.57,3.19
2022-06-11,2022,6,11,162,13.7,29.5,22.58,25.08,82.24,16.76,3.79
2022-06-12,2022,6,12,163,3.16,30.74,22.33,25.43,76.54,18.77,3.85
2022-06-13,2022,6,13,164,0.92,32.24,21.61,26.18,72.12,22.54,3.39
2022-06-14,2022,6,14,165,0.26,33.27,22.5,26.77,67.12,23.41,3.39
2022-06-15,2022,6,15,166,1.78,31.9,22.74,26.38,74.37,23.71,4.06
2022-06-16,2022,6,16,167,5.65,31.13,23.17,25.98,77.15,20.07,3.73
2022-06-17,2022,6,17,168,3.68,30.67,22.75,25.73,77.13,17.27,3.31
2022-06-18,2022,6,18,169,3.03,31.32,21.33,25.7,74.4,19.14,3.48
2022-06-19,2022,6,19,170,16.32,30.06,22.98,25.64,81.28,16.28,4.53
2022-06-20,2022,6,20,171,9.69,29.87,23.09,25.46,81.61,8.89,4.82
2022-06-21,2022,6,21,172,6.85,28.9,23.08,25.11,83.45,11.63,4.71
2022-06-22,2022,6,22,173,11.24,28.76,22.9,25.36,83.31,15.14,3.19
2022-06-23,2022,6,23,174,13.46,30.37,21.58,25.06,78.95,16.16,1.75
2022-06-24,2022,6,24,175,11.14,28.31,22.0,24.21,86.16,13.72,2.83
2022-06-25,2022,6,25,176,9.82,26.53,22.0,24.15,91.41,15.44,4.01
2022-06-26,2022,6,26,177,15.06,27.98,22.22,24.45,88.86,14.66,3.62
2022-06-27,2022,6,27,178,13.7,27.62,22.19,24.39,86.25,9.7,4.26
2022-06-28,2022,6,28,179,9.09,28.4,22.6,24.92,84.11,12.34,4.08
2022-06-29,2022,6,29,180,20.41,28.75,22.78,24.9,86.89,16.69,4.51
2022-06-30,2022,6,30,181,28.71,26.23,22.5,24.04,87.92,11.77,4.29
2022-07-01,2022,7,1,182,33.1,27.38,22.36,24.23,88.76,9.23,4.17
2022-07-02,2022,7,2,183,17.97,27.78,22.68,24.56,86.91,14.74,4.99
2022-07-03,2022,7,3,184,13.19,28.43,22.84,24.7,86.08,15.99,5.25
2022-07-04,2022,7,4,185,41.88,25.62,23.14,24.02,91.92,10.89,5.41
2022-07-05,2022,7,5,186,61.67,25.53,22.45,23.62,92.13,6.48,5.52
2022-07-06,2022,7,6,187,55.4,27.03,22.37,24.1,90.07,7.97,5.38
2022-07-07,2022,7,7,188,36.87,25.41,22.22,23.48,91.74,6.46,5.38
2022-07-08,2022,7,8,189,48.67,24.81,22.32,23.31,93.76,7.36,5.99
2022-07-09,2022,7,9,190,33.7,25.49,22.47,23.49,92.05,4.61,6.18
2022-07-10,2022,7,10,191,41.09,23.82,22.42,22.95,94.61,9.13,5.88
2022-07-11,2022,7,11,192,63.9,24.1,21.95,22.96,94.98,5.65,6.3
2022-07-12,2022,7,12,193,60.15,23.74,21.96,22.57,94.79,6.35,6.48
2022-07-13,2022,7,13,194,78.23,23.85,21.7,22.56,95.44,3.65,7.11
2022-07-14,2022,7,14,195,81.98,23.27,21.99,22.51,95.35,6.24,6.26
2022-07-15,2022,7,15,196,31.37,24.1,21.77,22.85,93.61,7.71,6.36
2022-07-16,2022,7,16,197,27.59,26.16,21.78,23.56,92.63,10.87,6.21
2022-07-17,2022,7,17,198,14.72,26.82,22.09,23.9,91.97,13.87,5.07
2022-07-18,2022,7,18,199,14.52,24.26,21.68,22.69,94.22,7.07,4.37
2022-07-19,2022,7,19,200,14.54,26.48,21.65,23.5,91.77,13.03,4.82
2022-07-20,2022,7,20,201,9.52,26.7,21.49,23.43,91.13,11.15,4.56
2022-07-21,2022,7,21,202,8.5,26.19,21.43,23.24,91.88,12.48,3.98
2022-07-22,2022,7,22,203,6.07,25.57,21.46,23.04,92.02,14.29,3.63
2022-07-23,2022,7,23,204,17.64,25.95,21.59,23.29,92.97,10.88,4.58
2022-07-24,2022,7,24,205,16.73,25.61,21.87,23.33,91.95,9.84,4.79
2022-07-25,2022,7,25,206,11.58,26.26,21.31,23.08,91.24,12.76,4.06
2022-07-26,2022,7,26,207,4.9,26.94,20.96,23.33,90.46,10.64,3.05
2022-07-27,2022,7,27,208,12.17,27.84,21.02,23.92,88.82,14.91,1.83
2022-07-28,2022,7,28,209,19.51,27.0,21.47,23.89,89.59,18.92,1.63
2022-07-29,2022,7,29,210,4.42,27.78,22.11,24.4,90.32,16.24,1.3
2022-07-30,2022,7,30,211,3.3,27.02,22.01,24.08,91.48,17.8,2.1
2022-07-31,2022,7,31,212,2.73,27.26,21.49,23.94,90.45,19.59,2.44
2022-08-01,2022,8,1,213,0.98,27.53,21.19,23.95,89.45,17.53,2.91
2022-08-02,2022,8,2,214,3.5,27.05,21.47,23.67,91.08,15.42,2.65
2022-08-03,2022,8,3,215,13.01,26.9,21.64,23.78,92.64,16.52,2.6
2022-08-04,2022,8,4,216,14.99,26.79,21.79,23.85,91.75,15.53,2.41
2022-08-05,2022,8,5,217,13.22,27.37,21.69,23.88,91.69,12.7,3.01
2022-08-06,2022,8,6,218,19.67,26.48,21.74,23.43,90.57,12.72,4.06
2022-08-07,2022,8,7,219,36.61,25.28,21.79,23.31,95.03,10.92,4.52
2022-08-08,2022,8,8,220,51.92,24.29,22.09,23.12,96.02,8.4,5.51
2022-08-09,2022,8,9,221,55.66,24.83,21.45,22.87,94.63,7.46,6.6
2022-08-10,2022,8,10,222,37.21,25.05,21.84,22.99,94.3,7.62,7.36
2022-08-11,2022,8,11,223,34.88,24.71,21.93,22.9,94.26,11.24,7.55
2022-08-12,2022,8,12,224,21.6,25.07,21.72,23.03,92.71,9.8,7.11
2022-08-13,2022,8,13,225,18.25,25.28,21.57,23.03,92.51,12.7,5.79
2022-08-14,2022,8,14,226,12.84,25.67,21.02,22.72,92.13,11.18,5.59
2022-08-15,2022,8,15,227,26.02,23.3,20.66,21.87,95.25,8.89,4.88
2022-08-16,2022,8,16,228,22.92,23.56,20.99,22.12,94.39,6.74,5.53
2022-08-17,2022,8,17,229,16.4,25.14,21.4,22.86,92.92,12.12,5.29
2022-08-18,2022,8,18,230,10.63,25.77,21.05,22.87,92.44,12.03,4.35
2022-08-19,2022,8,19,231,10.11,26.45,20.99,23.17,92.09,11.18,4.28
2022-08-20,2022,8,20,232,9.55,26.41,21.43,23.19,91.83,10.66,4.42
2022-08-21,2022,8,21,233,7.61,25.51,21.24,22.74,92.69,11.34,4.42
2022-08-22,2022,8,22,234,13.38,25.68,21.35,23.01,92.36,11.75,5.12
2022-08-23,2022,8,23,235,14.47,26.66,21.72,23.56,91.77,11.55,4.87
2022-08-24,2022,8,24,236,9.03,26.38,21.16,23.31,90.85,10.76,3.95
2022-08-25,2022,8,25,237,4.66,26.77,20.95,23.1,91.21,14.63,2.97
2022-08-26,2022,8,26,238,1.34,26.68,20.03,23.02,90.24,17.48,2.19
2022-08-27,2022,8,27,239,0.24,26.23,20.12,22.82,89.45,19.58,2.18
2022-08-28,2022,8,28,240,0.4,26.66,20.03,22.91,89.33,17.81,2.12
2022-08-29,2022,8,29,241,0.34,27.52,20.34,23.44,86.7,17.91,1.76
2022-08-30,2022,8,30,242,5.07,28.92,20.55,24.16,88.22,14.34,1.53
2022-08-31,2022,8,31,243,15.17,28.75,22.04,24.85,90.63,18.18,1.81
2022-09-01,2022,9,1,244,6.36,27.03,22.56,24.35,92.36,20.14,1.61
2022-09-02,2022,9,2,245,2.08,29.03,21.25,25.06,86.22,19.34,0.89
2022-09-03,2022,9,3,246,5.38,29.62,21.06,25.12,87.24,19.25,1.73
2022-09-04,2022,9,4,247,5.58,27.25,21.74,24.13,91.02,13.14,1.86
2022-09-05,2022,9,5,248,5.57,26.87,21.87,23.93,91.41,17.25,1.97
2022-09-06,2022,9,6,249,10.69,27.61,21.24,23.98,88.84,18.09,1.41
2022-09-07,2022,9,7,250,13.17,28.08,21.39,24.16,90.37,16.56,1.26
2022-09-08,2022,9,8,251,47.46,27.37,22.14,24.34,88.74,14.74,1.04
2022-09-09,2022,9,9,252,9.34,27.57,21.99,24.32,90.0,16.04,1.67
2022-09-10,2022,9,10,253,7.54,27.98,21.68,24.36,89.5,15.05,0.6
2022-09-11,2022,9,11,254,23.9,27.92,22.13,24.26,91.92,14.66,2.02
2022-09-12,2022,9,12,255,27.18,25.03,21.92,22.99,95.46,12.22,3.37
2022-09-13,2022,9,13,256,23.45,26.15,22.08,23.45,93.25,6.05,4.63
2022-09-14,2022,9,14,257,19.98,25.89,21.8,23.22,92.98,10.71,4.65
2022-09-15,2022,9,15,258,32.29,26.07,22.03,23.52,93.5,12.1,5.49
2022-09-16,2022,9,16,259,39.53,24.38,22.07,23.05,95.59,3.2,4.69
2022-09-17,2022,9,17,260,21.65,26.56,21.49,23.36,92.53,13.23,3.55
2022-09-18,2022,9,18,261,18.1,26.2,20.11,22.68,91.79,9.08,2.71
2022-09-19,2022,9,19,262,7.98,25.4,19.35,21.86,91.04,9.1,2.61
2022-09-20,2022,9,20,263,6.85,24.63,19.44,21.58,92.8,7.12,2.48
2022-09-21,2022,9,21,264,2.54,24.01,19.82,21.45,93.48,8.79,2.45
2022-09-22,2022,9,22,265,2.35,24.02,19.28,21.18,92.71,11.21,2.33
2022-09-23,2022,9,23,266,5.64,24.38,19.09,21.65,92.98,13.45,2.6
2022-09-24,2022,9,24,267,3.51,25.95,19.46,22.25,91.28,16.86,2.47
2022-09-25,2022,9,25,268,4.31,27.09,19.64,22.75,90.65,16.05,2.03
2022-09-26,2022,9,26,269,3.64,24.81,19.54,22.02,92.15,14.96,1.84
2022-09-27,2022,9,27,270,1.35,27.52,20.12,22.81,90.26,14.25,1.64
2022-09-28,2022,9,28,271,1.49,26.23,20.12,22.65,92.09,11.08,2.09
2022-09-29,2022,9,29,272,9.11,26.6,20.78,22.93,91.9,13.22,2.0
2022-09-30,2022,9,30,273,15.29,28.06,20.37,23.95,89.48,18.45,1.59
2022-10-01,2022,10,1,274,9.24,27.23,21.33,23.7,91.2,15.51,2.01
2022-10-02,2022,10,2,275,5.55,26.65,20.17,22.91,90.24,19.23,1.88
2022-10-03,2022,10,3,276,0.57,26.87,19.73,22.67,89.59,20.57,1.9
2022-10-04,2022,10,4,277,1.83,28.04,19.32,23.29,88.07,19.05,1.8
2022-10-05,2022,10,5,278,1.75,26.79,20.77,23.25,89.67,14.37,2.17
2022-10-06,2022,10,6,279,9.27,24.32,19.04,21.82,90.21,10.52,2.02
2022-10-07,2022,10,7,280,30.66,25.3,21.18,22.63,94.12,9.45,3.68
2022-10-08,2022,10,8,281,8.37,25.93,20.72,22.68,92.5,9.5,3.34
2022-10-09,2022,10,9,282,0.21,28.05,19.34,23.3,86.81,21.12,1.3
2022-10-10,2022,10,10,283,3.17,28.33,20.69,24.02,89.62,14.07,1.47
2022-10-11,2022,10,11,284,12.95,27.45,21.52,24.05,90.91,11.7,1.48
2022-10-12,2022,10,12,285,13.42,25.38,21.96,23.32,95.15,11.62,1.11
2022-10-13,2022,10,13,286,7.38,26.21,20.2,22.88,90.07,10.18,2.25
2022-10-14,2022,10,14,287,34.28,26.75,20.51,23.11,91.15,13.88,2.13
2022-10-15,2022,10,15,288,4.76,27.28,19.9,23.0,87.66,16.87,2.69
2022-10-16,2022,10,16,289,0.91,28.0,17.1,22.58,85.38,17.26,2.67
2022-10-17,2022,10,17,290,24.58,27.68,21.49,24.35,89.94,13.88,1.71
2022-10-18,2022,10,18,291,24.22,25.09,20.82,22.97,94.15,12.73,1.19
2022-10-19,2022,10,19,292,4.18,28.03,20.02,23.62,88.64,17.16,0.93
2022-10-20,2022,10,20,293,4.27,27.76,20.69,23.51,88.15,16.67,1.49
2022-10-21,2022,10,21,294,12.67,26.57,21.29,23.41,91.54,15.27,1.65
2022-10-22,2022,10,22,295,0.11,25.16,17.56,21.71,85.48,15.07,2.62
2022-10-23,2022,10,23,296,0.0,25.09,15.32,19.49,78.91,21.8,2.65
2022-10-24,2022,10,24,297,0.0,25.83,14.48,20.11,72.74,21.51,1.54
2022-10-25,2022,10,25,298,0.0,26.29,15.19,20.36,69.13,21.64,1.2
2022-10-26,2022,10,26,299,0.0,26.09,13.76,19.61,76.26,21.29,1.65
2022-10-27,2022,10,27,300,0.0,25.76,14.34,19.58,77.22,20.76,1.93
2022-10-28,2022,10,28,301,0.0,25.12,14.55,18.97,76.26,20.96,2.14
2022-10-29,2022,10,29,302,0.0,25.47,13.09,18.69,75.13,21.43,2.5
2022-10-30,2022,10,30,303,0.0,26.05,14.05,19.35,79.4,21.21,2.46
2022-10-31,2022,10,31,304,0.0,25.97,14.51,19.68,81.59,19.86,2.23
2022-11-01,2022,11,1,305,0.0,25.34,14.61,19.29,80.96,19.42,2.13
2022-11-02,2022,11,2,306,0.0,27.12,14.71,20.25,81.07,17.79,2.18
2022-11-03,2022,11,3,307,0.0,26.3,14.76,19.64,77.89,19.62,2.51
2022-11-04,2022,11,4,308,0.0,26.69,13.85,19.59,76.32,19.65,2.1
2022-11-05,2022,11,5,309,0.0,27.23,14.69,20.05,73.19,19.72,2.32
2022-11-06,2022,11,6,310,0.0,27.21,14.2,19.97,70.24,19.38,2.07
2022-11-07,2022,11,7,311,0.0,26.66,15.24,20.59,71.17,18.45,1.68
2022-11-08,2022,11,8,312,0.0,27.12,15.85,21.02,75.39,17.58,1.6
2022-11-09,2022,11,9,313,0.0,27.1,15.55,20.77,78.23,17.87,1.51
2022-11-10,2022,11,10,314,0.0,25.83,14.53,19.48,79.63,18.93,2.78
2022-11-11,2022,11,11,315,0.0,25.81,13.82,19.18,80.85,18.34,2.96
2022-11-12,2022,11,12,316,0.0,26.16,15.47,19.91,83.8,18.45,2.85
2022-11-13,2022,11,13,317,0.0,26.17,15.17,19.77,80.57,18.31,2.44
2022-11-14,2022,11,14,318,0.0,27.34,14.92,20.54,81.42,17.27,1.76
2022-11-15,2022,11,15,319,0.0,26.74,15.82,20.32,79.07,17.54,1.61
2022-11-16,2022,11,16,320,0.0,25.33,13.83,18.85,78.71,18.21,1.64
2022-11-17,2022,11,17,321,0.0,25.1,12.62,18.1,78.63,18.6,2.19
2022-11-18,2022,11,18,322,0.0,24.67,12.64,17.87,78.57,18.08,2.39
2022-11-19,2022,11,19,323,0.0,24.32,13.05,17.61,77.6,17.42,2.65
2022-11-20,2022,11,20,324,0.0,23.25,10.67,16.08,74.98,18.91,2.53
2022-11-21,2022,11,21,325,0.0,24.42,10.4,16.66,71.88,18.4,1.83
2022-11-22,2022,11,22,326,0.0,25.86,12.67,19.07,77.79,17.23,1.87
2022-11-23,2022,11,23,327,0.0,26.76,16.8,20.79,82.06,16.59,1.9
2022-11-24,2022,11,24,328,0.0,27.72,15.81,21.16,80.64,16.13,1.7
2022-11-25,2022,11,25,329,0.11,27.32,16.91,21.73,84.25,14.22,1.87
2022-11-26,2022,11,26,330,0.07,27.67,17.42,21.63,83.86,13.11,1.73
2022-11-27,2022,11,27,331,0.0,27.0,16.18,21.0,82.03,14.86,1.51
2022-11-28,2022,11,28,332,0.0,27.79,16.4,21.17,79.48,15.88,1.13
2022-11-29,2022,11,29,333,0.0,27.63,14.31,20.24,75.11,16.7,1.33
2022-11-30,2022,11,30,334,0.0,25.87,14.95,19.25,76.38,16.67,2.01
2022-12-01,2022,12,1,335,0.0,25.84,13.44,18.77,70.97,17.5,2.11
2022-12-02,2022,12,2,336,0.0,26.9,12.74,19.54,70.78,16.43,1.45
2022-12-03,2022,12,3,337,0.0,27.21,15.3,20.96,77.6,14.71,1.51
2022-12-04,2022,12,4,338,0.0,27.11,18.24,22.29,82.96,13.47,1.51
2022-12-05,2022,12,5,339,0.0,26.8,18.59,21.94,82.99,14.48,1.78
2022-12-06,2022,12,6,340,0.0,26.59,16.14,20.75,77.83,15.54,2.11
2022-12-07,2022,12,7,341,0.0,26.32,15.28,19.93,81.28,15.06,1.95
2022-12-08,2022,12,8,342,0.0,25.02,12.97,17.82,76.08,13.12,2.47
2022-12-09,2022,12,9,343,0.0,24.39,10.15,16.33,66.33,18.35,3.01
2022-12-10,2022,12,10,344,0.0,26.5,11.86,18.31,71.23,18.13,2.19
2022-12-11,2022,12,11,345,0.1,27.58,16.15,21.45,81.03,14.85,2.08
2022-12-12,2022,12,12,346,0.02,26.96,18.39,22.08,85.37,11.38,2.19
2022-12-13,2022,12,13,347,0.01,26.85,18.47,21.69,85.57,10.85,2.66
2022-12-14,2022,12,14,348,0.51,27.19,18.44,22.19,84.31,13.31,2.4
2022-12-15,2022,12,15,349,0.12,27.61,18.81,22.48,83.51,14.6,1.82
2022-12-16,2022,12,16,350,0.01,28.21,19.01,22.8,80.57,15.59,2.07
2022-12-17,2022,12,17,351,0.0,28.28,18.25,22.47,79.88,14.89,1.95
2022-12-18,2022,12,18,352,0.0,27.53,17.32,21.5,78.64,15.24,2.17
2022-12-19,2022,12,19,353,0.0,26.68,14.63,19.59,71.14,18.14,2.13
2022-12-20,2022,12,20,354,0.0,27.41,13.29,19.34,66.45,17.9,1.93
2022-12-21,2022,12,21,355,0.0,27.76,13.86,19.94,67.87,17.28,2.04
2022-12-22,2022,12,22,356,0.0,27.63,13.8,20.15,66.06,17.16,1.8
2022-12-23,2022,12,23,357,0.0,27.89,13.62,19.74,70.07,16.9,1.53
2022-12-24,2022,12,24,358,0.0,27.51,13.85,19.25,62.81,17.38,1.24
2022-12-25,2022,12,25,359,0.0,27.25,12.01,19.25,66.0,17.41,1.32
2022-12-26,2022,12,26,360,0.0,27.73,12.29,19.79,74.78,17.51,1.72
2022-12-27,2022,12,27,361,0.0,27.89,15.25,21.01,79.39,16.74,1.66
2022-12-28,2022,12,28,362,0.0,28.62,15.26,21.35,69.39,17.34,1.31
2022-12-29,2022,12,29,363,0.0,27.85,13.99,20.54,66.87,17.49,1.32
2022-12-30,2022,12,30,364,0.0,27.65,13.8,20.21,63.87,16.91,1.35
2022-12-31,2022,12,31,365,0.0,27.48,12.78,18.95,65.49,17.41,1.47
2023-01-01,2023,1,1,1,0.0,27.07,11.18,18.44,64.42,17.69,1.39
2023-01-02,2023,1,2,2,0.0,27.64,12.13,18.86,65.4,17.4,1.95
2023-01-03,2023,1,3,3,0.0,27.21,12.08,18.71,66.97,15.89,1.76
2023-01-04,2023,1,4,4,0.0,26.52,12.42,19.13,67.0,14.59,1.73
2023-01-05,2023,1,5,5,0.0,26.93,14.51,20.01,76.19,14.13,2.58
2023-01-06,2023,1,6,6,0.0,26.28,16.33,20.56,79.36,14.21,2.84
2023-01-07,2023,1,7,7,0.0,26.4,15.41,20.07,77.07,12.03,2.56
2023-01-08,2023,1,8,8,0.0,25.91,13.06,18.45,68.71,16.93,2.19
2023-01-09,2023,1,9,9,0.0,26.1,10.52,17.48,54.17,19.19,2.06
2023-01-10,2023,1,10,10,0.0,26.82,9.93,17.62,50.62,19.25,2.12
2023-01-11,2023,1,11,11,0.0,27.58,10.45,18.18,52.59,18.58,1.62
2023-01-12,2023,1,12,12,0.0,26.85,12.33,18.19,49.16,18.78,1.34
2023-01-13,2023,1,13,13,0.0,25.38,9.58,16.48,68.05,19.36,1.44
2023-01-14,2023,1,14,14,0.0,26.33,8.87,16.32,67.07,19.15,1.67
2023-01-15,2023,1,15,15,0.0,27.58,9.78,17.33,62.33,18.74,1.67
2023-01-16,2023,1,16,16,0.0,26.92,12.85,18.16,58.05,19.2,1.32
2023-01-17,2023,1,17,17,0.0,27.88,11.73,18.45,57.32,19.36,1.39
2023-01-18,2023,1,18,18,0.0,28.42,11.64,19.37,54.3,19.48,1.3
2023-01-19,2023,1,19,19,0.0,28.65,11.61,19.93,56.03,19.18,1.66
2023-01-20,2023,1,20,20,0.0,28.09,14.59,20.03,58.38,18.57,1.34
2023-01-21,2023,1,21,21,0.0,27.67,11.92,18.7,67.36,18.33,1.41
2023-01-22,2023,1,22,22,0.0,27.32,12.52,18.17,67.64,18.35,1.54
2023-01-23,2023,1,23,23,0.0,27.32,12.4,17.96,63.98,18.6,1.43
2023-01-24,2023,1,24,24,0.01,25.63,11.95,17.28,67.42,17.54,1.59
2023-01-25,2023,1,25,25,0.06,26.37,12.15,18.0,69.26,16.73,1.4
2023-01-26,2023,1,26,26,0.02,27.63,14.39,19.99,73.66,16.04,1.69
2023-01-27,2023,1,27,27,0.0,29.52,16.73,21.99,63.71,18.2,2.35
2023-01-28,2023,1,28,28,0.0,29.81,13.62,21.32,55.1,20.26,2.06
2023-01-29,2023,1,29,29,0.0,28.17,15.34,20.65,75.7,17.25,1.66
2023-01-30,2023,1,30,30,0.0,28.44,15.6,20.84,75.73,17.01,1.55
2023-01-31,2023,1,31,31,0.0,28.91,14.75,20.95,64.69,16.62,2.42
2023-02-01,2023,2,1,32,0.0,28.25,15.14,20.91,63.99,13.53,2.84
2023-02-02,2023,2,2,33,0.0,28.85,14.86,20.78,59.23,16.71,2.83
2023-02-03,2023,2,3,34,0.0,28.91,12.75,20.22,43.51,20.27,2.24
2023-02-04,2023,2,4,35,0.0,30.18,11.99,20.69,42.78,20.43,1.6
2023-02-05,2023,2,5,36,0.0,30.81,12.57,20.85,45.52,20.68,1.56
2023-02-06,2023,2,6,37,0.0,30.32,14.89,20.99,42.14,20.56,1.66
2023-02-07,2023,2,7,38,0.0,30.43,11.45,20.11,44.98,20.75,1.44
2023-02-08,2023,2,8,39,0.0,32.07,12.79,21.57,41.86,20.78,2.11
2023-02-09,2023,2,9,40,0.0,32.76,13.46,22.13,39.14,21.56,2.11
2023-02-10,2023,2,10,41,0.0,32.52,13.72,22.34,37.87,22.05,1.8
2023-02-11,2023,2,11,42,0.0,32.99,13.75,22.02,35.84,22.1,1.73
2023-02-12,2023,2,12,43,0.0,33.07,13.59,21.96,35.5,22.52,2.82
2023-02-13,2023,2,13,44,0.0,32.9,14.72,22.6,31.4,22.8,3.07
2023-02-14,2023,2,14,45,0.0,33.34,13.5,22.45,27.88,23.3,2.52
2023-02-15,2023,2,15,46,0.0,33.5,12.85,22.39,28.23,23.44,2.46
2023-02-16,2023,2,16,47,0.0,34.43,13.86,23.09,28.85,23.29,2.57
2023-02-17,2023,2,17,48,0.0,34.39,14.32,23.44,29.87,23.37,2.74
2023-02-18,2023,2,18,49,0.0,33.99,14.47,23.55,29.51,23.55,2.72
2023-02-19,2023,2,19,50,0.0,34.61,14.16,23.6,29.76,23.45,2.69
2023-02-20,2023,2,20,51,0.0,34.0,14.31,23.54,31.7,22.94,1.56
2023-02-21,2023,2,21,52,0.0,34.57,16.37,23.87,31.44,22.73,1.37
2023-02-22,2023,2,22,53,0.0,34.64,14.56,23.39,34.06,20.92,1.62
2023-02-23,2023,2,23,54,0.0,34.54,14.69,23.98,30.43,22.59,1.67
2023-02-24,2023,2,24,55,0.0,34.58,14.07,24.15,26.83,22.79,2.19
2023-02-25,2023,2,25,56,0.0,34.19,14.01,23.94,29.55,22.47,1.78
2023-02-26,2023,2,26,57,0.0,34.2,14.83,23.96,30.25,22.37,1.83
2023-02-27,2023,2,27,58,0.0,34.5,14.46,23.63,29.1,21.97,1.96
2023-02-28,2023,2,28,59,0.0,33.59,15.62,24.1,33.61,21.19,1.45
2023-03-01,2023,3,1,60,0.0,33.63,16.17,24.59,34.46,21.89,1.66
2023-03-02,2023,3,2,61,0.0,33.94,16.91,25.53,34.85,21.72,2.08
2023-03-03,2023,3,3,62,0.0,34.31,17.36,26.09,35.2,21.1,2.07
2023-03-04,2023,3,4,63,0.0,34.42,19.25,26.54,37.73,19.09,1.7
2023-03-05,2023,3,5,64,0.0,33.91,19.45,26.24,39.73,18.62,1.38
2023-03-06,2023,3,6,65,0.21,34.03,18.68,26.24,39.31,19.81,2.03
2023-03-07,2023,3,7,66,1.35,32.42,18.98,24.92,40.3,15.71,2.52
2023-03-08,2023,3,8,67,0.03,33.47,18.17,25.53,37.95,20.84,1.95
2023-03-09,2023,3,9,68,0.0,33.43,18.92,25.52,38.43,18.91,2.14
2023-03-10,2023,3,10,69,0.0,33.63,17.22,25.11,35.85,20.82,1.85
2023-03-11,2023,3,11,70,0.0,34.38,18.17,26.13,36.2,20.54,2.17
2023-03-12,2023,3,12,71,0.0,34.68,19.74,27.23,35.34,18.58,2.06
2023-03-13,2023,3,13,72,0.0,34.15,19.63,26.79,35.48,18.34,2.0
2023-03-14,2023,3,14,73,0.0,33.85,20.66,27.25,37.07,19.25,1.36
2023-03-15,2023,3,15,74,0.67,33.61,20.53,26.16,41.05,13.62,1.59
2023-03-16,2023,3,16,75,2.29,31.53,18.84,25.0,51.48,15.64,1.49
2023-03-17,2023,3,17,76,1.09,30.75,17.94,24.05,59.47,20.51,1.56
2023-03-18,2023,3,18,77,0.35,31.25,17.87,24.0,55.44,20.58,1.85
2023-03-19,2023,3,19,78,0.36,30.82,17.42,22.72,58.48,24.33,2.26
2023-03-20,2023,3,20,79,0.76,30.12,15.96,22.02,64.67,25.24,2.49
2023-03-21,2023,3,21,80,4.72,28.5,16.81,21.99,70.36,17.83,2.24
2023-03-22,2023,3,22,81,0.01,31.25,16.27,22.61,63.48,24.62,2.32
2023-03-23,2023,3,23,82,0.0,30.65,14.99,22.31,64.02,24.15,2.66
2023-03-24,2023,3,24,83,0.0,33.21,16.45,23.69,61.25,26.2,2.48
2023-03-25,2023,3,25,84,0.0,33.6,14.53,22.95,51.5,26.78,2.38
2023-03-26,2023,3,26,85,0.0,33.26,14.42,22.87,48.55,27.03,2.41
2023-03-27,2023,3,27,86,0.0,34.07,15.05,23.22,59.53,26.88,2.28
2023-03-28,2023,3,28,87,0.0,34.58,15.71,24.1,57.19,26.45,2.01
2023-03-29,2023,3,29,88,0.0,36.2,15.7,24.61,55.21,26.1,2.42
2023-03-30,2023,3,30,89,0.0,33.75,16.02,23.88,60.25,25.31,2.58
2023-03-31,2023,3,31,90,0.0,31.69,17.62,23.64,62.97,22.73,2.86
2023-04-01,2023,4,1,91,0.0,34.37,16.14,24.54,46.02,27.83,2.16
2023-04-02,2023,4,2,92,0.0,34.57,16.9,24.56,58.9,27.21,2.45
2023-04-03,2023,4,3,93,0.0,35.41,16.24,24.71,56.37,27.08,2.21
2023-04-04,2023,4,4,94,0.0,36.49,17.05,26.1,52.79,26.38,2.26
2023-04-05,2023,4,5,95,0.0,37.84,18.95,27.48,42.46,26.13,2.21
2023-04-06,2023,4,6,96,0.57,36.77,19.63,28.17,40.75,23.33,1.95
2023-04-07,2023,4,7,97,1.34,35.34,22.55,28.38,38.98,19.55,1.87
2023-04-08,2023,4,8,98,0.57,34.46,22.93,28.69,45.43,20.42,1.95
2023-04-09,2023,4,9,99,2.07,35.92,22.25,28.72,48.68,21.59,1.6
2023-04-10,2023,4,10,100,0.05,38.09,21.89,29.75,40.98,24.5,2.19
2023-04-11,2023,4,11,101,0.01,38.45,21.82,30.25,38.64,23.33,2.05
2023-04-12,2023,4,12,102,0.51,37.57,24.62,30.92,37.54,23.61,1.6
2023-04-13,2023,4,13,103,0.03,35.71,26.06,30.57,35.98,16.65,1.59
2023-04-14,2023,4,14,104,8.04,34.03,24.14,27.77,50.13,18.62,1.69
2023-04-15,2023,4,15,105,0.85,35.15,21.32,27.84,52.14,22.06,2.13
2023-04-16,2023,4,16,106,2.29,37.21,23.02,28.97,47.4,23.23,1.5
2023-04-17,2023,4,17,107,0.0,37.17,22.63,28.92,42.42,21.06,1.64
2023-04-18,2023,4,18,108,0.0,39.33,22.89,30.92,35.19,24.61,1.6
2023-04-19,2023,4,19,109,0.01,39.83,23.24,31.13,32.41,23.77,2.28
2023-04-20,2023,4,20,110,1.48,38.29,22.17,29.36,38.63,21.59,2.32
2023-04-21,2023,4,21,111,0.29,37.24,19.71,27.44,44.96,26.22,2.58
2023-04-22,2023,4,22,112,0.0,35.15,18.37,26.02,54.58,27.52,2.95
2023-04-23,2023,4,23,113,0.0,36.33,18.46,26.78,54.39,26.47,2.87
2023-04-24,2023,4,24,114,0.0,36.95,20.91,28.54,37.74,26.96,1.91
2023-04-25,2023,4,25,115,0.0,38.28,21.48,29.07,30.2,26.47,2.57
2023-04-26,2023,4,26,116,0.01,33.97,20.5,26.61,57.62,23.34,2.65
2023-04-27,2023,4,27,117,0.18,36.05,20.38,27.79,54.1,22.18,2.26
2023-04-28,2023,4,28,118,0.45,35.52,22.15,27.83,54.63,21.07,2.28
2023-04-29,2023,4,29,119,2.55,34.55,20.79,27.21,57.0,24.68,2.45
2023-04-30,2023,4,30,120,0.02,34.77,19.17,26.33,53.83,26.26,2.88
2023-05-01,2023,5,1,121,0.01,34.82,19.63,26.09,50.56,26.49,2.88
2023-05-02,2023,5,2,122,0.55,34.99,17.79,25.95,54.56,22.92,2.46
2023-05-03,2023,5,3,123,0.58,34.67,20.68,26.48,61.26,24.04,2.86
2023-05-04,2023,5,4,124,0.71,35.14,19.72,27.07,57.14,23.56,2.27
2023-05-05,2023,5,5,125,0.01,35.71,20.98,27.61,55.5,23.7,2.37
2023-05-06,2023,5,6,126,0.03,35.43,22.14,28.25,56.33,21.83,2.72
2023-05-07,2023,5,7,127,1.9,34.38,22.77,27.46,62.64,17.8,2.39
2023-05-08,2023,5,8,128,2.77,34.26,23.04,28.39,60.72,19.15,1.57
2023-05-09,2023,5,9,129,3.08,35.5,23.38,28.74,61.47,17.12,1.85
2023-05-10,2023,5,10,130,0.4,39.08,22.46,30.62,50.21,23.31,1.9
2023-05-11,2023,5,11,131,0.0,40.32,23.08,31.06,41.03,23.93,2.03
2023-05-12,2023,5,12,132,0.0,39.34,21.9,30.16,51.75,25.91,2.76
2023-05-13,2023,5,13,133,0.0,38.61,22.63,29.93,53.63,26.22,3.22
2023-05-14,2023,5,14,134,0.0,37.2,22.85,28.83,55.19,27.34,3.66
2023-05-15,2023,5,15,135,0.0,36.12,22.1,28.19,59.39,26.62,3.58
2023-05-16,2023,5,16,136,0.0,35.52,22.37,27.97,62.79,26.75,3.31
2023-05-17,2023,5,17,137,0.0,38.0,22.12,29.27,56.33,27.92,3.33
2023-05-18,2023,5,18,138,0.0,38.73,21.78,29.76,51.44,26.75,3.08
2023-05-19,2023,5,19,139,0.0,38.86,22.06,30.02,48.77,27.54,3.06
2023-05-20,2023,5,20,140,0.0,37.71,22.2,29.21,55.34,27.25,3.08
2023-05-21,2023,5,21,141,0.01,38.52,22.75,29.54,55.83,26.68,3.38
2023-05-22,2023,5,22,142,0.16,39.15,22.27,29.88,50.45,25.72,3.23
2023-05-23,2023,5,23,143,0.0,39.77,21.91,30.15,45.39,25.47,2.36
2023-05-24,2023,5,24,144,0.0,37.44,22.45,29.11,50.19,25.75,3.33
2023-05-25,2023,5,25,145,0.11,36.29,22.21,28.09,57.16,26.35,4.2
2023-05-26,2023,5,26,146,2.27,34.79,22.85,27.8,62.18,24.62,4.24
2023-05-27,2023,5,27,147,0.02,35.46,22.1,27.69,60.52,24.86,4.12
2023-05-28,2023,5,28,148,0.07,37.02,22.84,28.69,58.93,26.72,3.96
2023-05-29,2023,5,29,149,2.03,39.42,22.52,29.93,55.51,26.06,3.05
2023-05-30,2023,5,30,150,2.74,37.51,22.72,29.44,54.23,25.31,2.8
2023-05-31,2023,5,31,151,0.34,37.92,23.16,29.99,52.77,25.25,2.57
2023-06-01,2023,6,1,152,0.87,37.72,22.58,29.37,53.39,25.61,2.95
2023-06-02,2023,6,2,153,2.21,35.2,22.86,27.79,61.51,26.98,3.82
2023-06-03,2023,6,3,154,0.14,33.7,22.6,27.42,67.17,25.91,3.59
2023-06-04,2023,6,4,155,3.36,32.72,23.26,27.17,71.49,18.79,2.99
2023-06-05,2023,6,5,156,4.27,32.64,23.1,26.72,71.16,23.78,2.87
2023-06-06,2023,6,6,157,0.02,35.6,22.47,28.06,66.89,23.43,3.28
2023-06-07,2023,6,7,158,0.03,35.61,23.24,28.35,63.66,26.1,3.56
2023-06-08,2023,6,8,159,1.46,35.54,23.62,28.66,65.23,24.85,3.02
2023-06-09,2023,6,9,160,3.38,33.12,23.78,27.77,71.77,23.26,3.17
2023-06-10,2023,6,10,161,2.2,32.83,24.08,27.48,72.54,23.99,4.1
2023-06-11,2023,6,11,162,0.23,33.46,23.82,27.72,66.91,21.56,4.98
2023-06-12,2023,6,12,163,2.47,33.36,23.36,27.56,66.93,22.35,5.47
2023-06-13,2023,6,13,164,1.69,32.79,22.9,27.03,70.79,18.17,5.38
2023-06-14,2023,6,14,165,6.14,32.26,23.03,26.8,73.39,18.1,5.26
2023-06-15,2023,6,15,166,1.66,32.46,23.12,26.88,74.77,21.59,5.36
2023-06-16,2023,6,16,167,1.37,32.65,23.54,27.15,74.93,16.97,6.11
2023-06-17,2023,6,17,168,1.11,32.31,23.89,27.03,76.03,17.59,5.63
2023-06-18,2023,6,18,169,0.37,32.5,23.51,27.06,74.77,17.98,5.14
2023-06-19,2023,6,19,170,0.08,32.73,23.52,27.14,73.77,18.82,4.38
2023-06-20,2023,6,20,171,0.08,33.43,23.54,27.53,72.79,20.26,4.32
2023-06-21,2023,6,21,172,0.22,31.21,23.79,26.71,74.03,19.83,3.92
2023-06-22,2023,6,22,173,0.9,32.82,23.58,27.15,71.15,20.97,4.02
2023-06-23,2023,6,23,174,1.42,32.77,23.08,26.97,72.15,19.39,3.95
2023-06-24,2023,6,24,175,39.91,29.34,22.66,25.51,82.1,10.83,3.89
2023-06-25,2023,6,25,176,33.15,28.04,22.21,24.64,83.48,9.31,3.57
2023-06-26,2023,6,26,177,46.52,26.6,21.64,23.89,87.72,11.7,4.4
2023-06-27,2023,6,27,178,38.73,25.21,20.98,23.09,89.01,9.91,4.14
2023-06-28,2023,6,28,179,26.72,26.37,21.46,23.58,89.34,7.79,5.49
2023-06-29,2023,6,29,180,16.77,26.62,21.51,23.4,84.87,9.78,5.53
2023-06-30,2023,6,30,181,64.8,26.32,21.49,23.86,90.17,7.64,6.04
2023-07-01,2023,7,1,182,24.84,26.27,22.18,23.88,89.49,8.91,5.29
2023-07-02,2023,7,2,183,19.11,28.18,22.82,24.88,88.04,10.46,5.06
2023-07-03,2023,7,3,184,27.65,27.85,23.41,25.04,90.18,14.29,4.21
2023-07-04,2023,7,4,185,20.32,27.69,23.17,24.71,90.8,11.61,3.72
2023-07-05,2023,7,5,186,10.79,28.22,22.46,24.31,89.44,12.55,4.08
2023-07-06,2023,7,6,187,30.37,25.87,22.22,23.93,91.56,11.27,4.33
2023-07-07,2023,7,7,188,38.2,27.27,23.25,24.49,90.99,9.2,6.47
2023-07-08,2023,7,8,189,17.81,27.22,22.47,24.4,88.16,13.3,6.34
2023-07-09,2023,7,9,190,8.16,27.44,22.24,24.06,88.9,14.84,5.62
2023-07-10,2023,7,10,191,4.56,27.7,22.08,24.3,87.83,14.38,4.69
2023-07-11,2023,7,11,192,3.32,27.78,21.67,24.23,87.6,12.23,4.23
2023-07-12,2023,7,12,193,4.58,26.52,21.83,23.94,88.52,12.41,3.51
2023-07-13,2023,7,13,194,12.12,25.98,21.29,23.47,87.7,13.37,3.62
2023-07-14,2023,7,14,195,16.84,27.16,22.41,24.22,87.95,9.06,4.18
2023-07-15,2023,7,15,196,9.22,27.36,22.17,24.32,88.38,14.87,4.54
2023-07-16,2023,7,16,197,15.26,26.35,22.83,24.1,91.65,13.09,4.54
2023-07-17,2023,7,17,198,31.63,26.12,22.82,24.09,90.93,6.75,5.02
2023-07-18,2023,7,18,199,82.44,26.49,22.82,24.05,92.17,7.53,6.22
2023-07-19,2023,7,19,200,94.4,25.3,22.16,23.58,93.23,5.67,6.04
2023-07-20,2023,7,20,201,45.73,24.91,21.26,23.03,94.27,10.36,6.17
2023-07-21,2023,7,21,202,42.9,24.55,20.67,22.55,93.97,7.84,5.26
2023-07-22,2023,7,22,203,40.17,24.65,21.73,23.09,94.9,7.32,5.26
2023-07-23,2023,7,23,204,38.31,25.77,21.77,23.82,93.18,9.33,6.1
2023-07-24,2023,7,24,205,47.54,26.2,22.57,23.95,93.14,10.29,5.87
2023-07-25,2023,7,25,206,44.66,24.44,22.62,23.35,95.26,6.76,5.1
2023-07-26,2023,7,26,207,64.93,24.81,22.25,23.42,95.31,7.11,5.34
2023-07-27,2023,7,27,208,58.67,24.34,22.34,23.21,95.41,3.65,5.84
2023-07-28,2023,7,28,209,34.73,26.05,21.99,23.54,92.99,6.94,5.87
2023-07-29,2023,7,29,210,18.67,25.91,21.59,23.37,92.5,10.67,5.43
2023-07-30,2023,7,30,211,15.89,26.18,22.1,23.57,92.6,13.37,5.16
2023-07-31,2023,7,31,212,17.48,26.14,22.62,23.84,92.84,8.21,5.61
2023-08-01,2023,8,1,213,16.68,26.2,22.38,23.73,92.73,9.42,5.78
2023-08-02,2023,8,2,214,6.12,25.21,21.59,23.0,93.6,8.54,5.62
2023-08-03,2023,8,3,215,5.94,25.83,21.56,23.14,92.0,8.53,5.77
2023-08-04,2023,8,4,216,11.05,26.63,21.63,23.51,91.3,10.61,5.75
2023-08-05,2023,8,5,217,7.09,25.72,21.55,23.25,91.76,10.12,4.97
2023-08-06,2023,8,6,218,5.75,26.66,21.49,23.42,90.64,11.19,5.07
2023-08-07,2023,8,7,219,3.11,26.33,21.51,23.24,90.78,11.02,5.09
2023-08-08,2023,8,8,220,3.51,26.38,21.6,23.33,90.47,11.3,4.7
2023-08-09,2023,8,9,221,4.99,26.36,21.64,23.4,91.19,13.63,3.91
2023-08-10,2023,8,10,222,5.51,26.87,21.25,23.25,91.09,13.71,3.55
2023-08-11,2023,8,11,223,3.03,27.47,20.64,23.45,89.71,16.45,3.37
2023-08-12,2023,8,12,224,4.51,26.89,20.6,23.17,89.82,15.04,3.73
2023-08-13,2023,8,13,225,6.16,25.44,21.09,22.7,91.33,12.95,3.88
2023-08-14,2023,8,14,226,2.77,26.28,21.09,23.04,89.89,14.85,3.9
2023-08-15,2023,8,15,227,2.98,26.46,20.95,23.03,89.34,10.88,3.44
2023-08-16,2023,8,16,228,3.69,27.05,20.73,23.23,89.38,16.89,3.17
2023-08-17,2023,8,17,229,4.11,27.13,20.64,23.31,89.4,13.03,3.55
2023-08-18,2023,8,18,230,3.4,26.22,21.12,22.95,90.83,13.62,3.55
2023-08-19,2023,8,19,231,8.48,26.91,21.39,23.31,90.65,11.23,3.81
2023-08-20,2023,8,20,232,8.48,26.51,21.24,23.46,89.97,11.93,3.98
2023-08-21,2023,8,21,233,3.92,27.02,20.51,23.17,89.41,15.48,3.22
2023-08-22,2023,8,22,234,6.1,26.92,20.28,23.16,89.84,10.14,3.03
2023-08-23,2023,8,23,235,3.85,26.13,20.9,23.13,90.59,16.05,3.2
2023-08-24,2023,8,24,236,9.84,26.98,20.96,23.57,89.63,14.73,3.71
2023-08-25,2023,8,25,237,14.53,27.36,21.65,23.97,90.66,11.31,3.66
2023-08-26,2023,8,26,238,13.71,27.1,21.88,23.85,90.42,13.39,3.84
2023-08-27,2023,8,27,239,12.2,27.74,21.64,23.91,89.33,14.42,3.8
2023-08-28,2023,8,28,240,9.05,27.07,21.35,23.55,90.3,16.03,3.34
2023-08-29,2023,8,29,241,1.65,27.51,20.63,23.57,89.27,20.02,2.34
2023-08-30,2023,8,30,242,0.18,27.94,20.2,23.7,87.57,21.79,1.77
2023-08-31,2023,8,31,243,1.37,28.79,20.59,24.28,86.84,22.3,1.43
2023-09-01,2023,9,1,244,12.8,29.85,21.25,24.83,86.79,18.76,1.68
2023-09-02,2023,9,2,245,17.73,26.55,21.78,23.57,92.04,7.45,2.33
2023-09-03,2023,9,3,246,3.86,27.31,21.12,23.52,90.05,9.01,2.45
2023-09-04,2023,9,4,247,2.43,27.35,20.91,23.34,89.37,15.34,3.04
2023-09-05,2023,9,5,248,0.35,27.48,19.41,23.07,88.51,23.05,2.48
2023-09-06,2023,9,6,249,3.73,27.39,20.26,23.38,89.93,18.31,2.94
2023-09-07,2023,9,7,250,38.47,24.36,21.69,22.72,93.73,7.05,4.09
2023-09-08,2023,9,8,251,46.07,24.6,22.15,23.22,95.5,3.73,4.55
2023-09-09,2023,9,9,252,16.04,26.88,22.75,24.08,92.45,10.7,4.15
2023-09-10,2023,9,10,253,7.67,27.16,22.28,24.14,90.93,14.85,3.7
2023-09-11,2023,9,11,254,4.07,27.93,21.71,24.12,90.36,18.01,3.65
2023-09-12,2023,9,12,255,1.52,27.06,20.66,23.35,90.58,19.82,3.13
2023-09-13,2023,9,13,256,3.62,26.54,20.63,23.13,90.94,18.07,2.96
2023-09-14,2023,9,14,257,3.62,26.65,20.41,23.06,90.16,15.17,2.21
2023-09-15,2023,9,15,258,1.66,25.65,20.41,22.94,91.87,16.64,2.34
2023-09-16,2023,9,16,259,4.85,25.38,22.02,23.38,92.9,10.44,3.93
2023-09-17,2023,9,17,260,5.88,27.19,22.14,24.04,90.6,13.7,4.12
2023-09-18,2023,9,18,261,12.01,27.73,22.02,24.18,90.26,14.79,4.02
2023-09-19,2023,9,19,262,10.48,27.38,21.98,24.04,90.55,14.62,3.57
2023-09-20,2023,9,20,263,14.18,27.97,21.65,24.22,90.98,13.08,3.09
2023-09-21,2023,9,21,264,23.02,27.67,22.5,24.31,92.81,14.82,2.62
2023-09-22,2023,9,22,265,15.92,26.51,21.79,23.78,91.81,10.71,1.82
2023-09-23,2023,9,23,266,29.98,26.56,21.63,23.35,93.13,9.53,2.19
2023-09-24,2023,9,24,267,7.92,26.51,20.76,22.91,91.3,11.99,2.11
2023-09-25,2023,9,25,268,7.28,27.42,19.74,23.14,90.72,15.56,1.9
2023-09-26,2023,9,26,269,22.38,27.33,21.43,23.86,91.74,16.0,1.74
2023-09-27,2023,9,27,270,20.12,27.31,22.16,24.22,91.38,8.8,1.96
2023-09-28,2023,9,28,271,16.02,28.15,22.01,24.5,90.11,12.74,1.87
2023-09-29,2023,9,29,272,14.33,27.95,21.72,24.44,90.28,15.23,2.31
2023-09-30,2023,9,30,273,12.5,28.5,21.91,24.56,89.1,15.7,2.47
2023-10-01,2023,10,1,274,25.36,26.5,21.21,23.58,92.79,6.45,3.12
2023-10-02,2023,10,2,275,8.84,25.18,20.65,22.42,92.18,12.28,1.97
2023-10-03,2023,10,3,276,0.12,27.59,20.47,23.42,88.5,18.24,1.6
2023-10-04,2023,10,4,277,0.0,28.21,20.37,23.49,87.99,19.59,1.54
2023-10-05,2023,10,5,278,0.0,27.65,19.19,22.76,85.94,21.4,1.54
2023-10-06,2023,10,6,279,0.0,28.71,19.43,23.27,85.22,21.42,1.3
2023-10-07,2023,10,7,280,0.0,29.77,19.99,24.15,83.74,21.58,0.99
2023-10-08,2023,10,8,281,0.0,30.05,19.17,24.25,81.92,20.76,1.15
2023-10-09,2023,10,9,282,0.0,29.81,18.97,23.87,81.79,20.18,1.36
2023-10-10,2023,10,10,283,0.0,29.15,19.08,23.44,83.26,20.36,1.54
2023-10-11,2023,10,11,284,0.0,29.13,19.32,23.65,84.11,18.68,1.32
2023-10-12,2023,10,12,285,0.0,29.74,19.31,24.12,78.77,19.09,1.57
2023-10-13,2023,10,13,286,0.0,29.82,19.18,24.3,75.38,20.23,1.97
2023-10-14,2023,10,14,287,0.0,29.62,18.58,23.97,74.33,19.98,1.4
2023-10-15,2023,10,15,288,0.05,29.07,19.39,24.03,79.28,17.74,1.34
2023-10-16,2023,10,16,289,0.07,28.9,19.68,24.23,77.45,16.58,1.46
2023-10-17,2023,10,17,290,0.93,29.09,19.54,24.08,79.11,18.03,1.35
2023-10-18,2023,10,18,291,0.15,29.24,19.35,23.74,80.47,18.33,1.79
2023-10-19,2023,10,19,292,0.12,29.09,19.49,24.23,76.22,16.23,1.35
2023-10-20,2023,10,20,293,0.12,28.46,20.08,24.07,79.17,13.07,1.42
2023-10-21,2023,10,21,294,0.02,28.29,20.39,23.7,81.07,15.24,1.6
2023-10-22,2023,10,22,295,0.0,28.83,19.22,23.43,79.57,17.95,1.57
2023-10-23,2023,10,23,296,0.0,28.81,17.8,22.9,76.3,19.07,1.7
2023-10-24,2023,10,24,297,0.0,28.59,18.06,22.74,78.05,19.33,1.61
2023-10-25,2023,10,25,298,0.0,28.47,17.32,22.17,74.26,18.21,1.89
2023-10-26,2023,10,26,299,0.0,27.36,16.28,21.09,69.38,19.84,2.26
2023-10-27,2023,10,27,300,0.0,27.27,14.66,20.73,66.73,20.48,2.0
2023-10-28,2023,10,28,301,0.0,28.04,14.92,20.85,69.58,20.33,1.79
2023-10-29,2023,10,29,302,0.0,28.74,14.59,21.17,69.04,19.41,1.59
2023-10-30,2023,10,30,303,0.0,28.16,15.13,20.9,70.19,17.85,2.05
2023-10-31,2023,10,31,304,0.0,27.78,14.8,20.65,72.45,17.38,2.17
2023-11-01,2023,11,1,305,0.0,28.0,15.18,20.65,75.65,19.77,2.09
2023-11-02,2023,11,2,306,0.0,28.17,15.47,21.21,74.68,18.94,1.79
2023-11-03,2023,11,3,307,0.0,28.61,15.81,21.6,73.67,17.6,1.83
2023-11-04,2023,11,4,308,0.0,29.16,16.1,22.46,71.42,17.01,2.31
2023-11-05,2023,11,5,309,0.0,27.93,18.58,22.63,78.89,14.62,2.04
2023-11-06,2023,11,6,310,0.0,27.5,18.08,21.73,76.0,14.08,2.59
2023-11-07,2023,11,7,311,0.01,28.26,18.02,22.87,81.69,15.47,1.93
2023-11-08,2023,11,8,312,3.55,26.8,19.87,22.95,86.06,11.46,1.99
2023-11-09,2023,11,9,313,0.52,27.84,19.93,23.44,86.53,14.72,1.37
2023-11-10,2023,11,10,314,13.34,25.88,20.78,22.67,89.82,13.24,1.56
2023-11-11,2023,11,11,315,2.8,27.62,18.65,22.69,80.57,16.13,2.06
2023-11-12,2023,11,12,316,0.0,28.76,17.61,22.24,72.84,17.29,2.31
2023-11-13,2023,11,13,317,0.0,28.2,16.9,21.93,74.19,16.74,2.14
2023-11-14,2023,11,14,318,0.0,27.49,16.19,21.25,75.72,15.92,1.56
2023-11-15,2023,11,15,319,0.0,27.69,14.98,20.84,72.93,16.43,1.5
2023-11-16,2023,11,16,320,0.0,27.46,14.36,20.07,70.86,16.92,1.87
2023-11-17,2023,11,17,321,0.0,27.41,14.26,20.22,68.44,16.6,1.92
2023-11-18,2023,11,18,322,0.0,28.43,14.39,20.79,71.94,15.9,1.72
2023-11-19,2023,11,19,323,0.0,28.85,16.51,22.56,74.01,15.15,1.65
2023-11-20,2023,11,20,324,0.0,28.58,17.75,22.56,74.84,14.95,1.91
2023-11-21,2023,11,21,325,0.0,28.1,16.08,21.07,71.41,17.0,2.21
2023-11-22,2023,11,22,326,0.0,27.48,14.52,20.1,69.44,17.18,2.08
2023-11-23,2023,11,23,327,0.0,27.7,14.39,21.03,72.41,15.62,1.66
2023-11-24,2023,11,24,328,0.0,28.42,17.43,22.65,77.27,15.03,2.01
2023-11-25,2023,11,25,329,3.33,28.75,18.32,22.9,79.77,14.83,2.25
2023-11-26,2023,11,26,330,6.34,27.14,19.83,22.73,85.69,12.22,2.37
2023-11-27,2023,11,27,331,3.32,27.22,19.51,22.57,87.18,12.77,1.58
2023-11-28,2023,11,28,332,0.27,26.88,18.72,22.12,86.2,12.36,1.23
2023-11-29,2023,11,29,333,0.2,27.15,17.73,21.56,86.76,16.53,1.3
2023-11-30,2023,11,30,334,1.38,27.78,17.29,21.59,85.93,16.0,1.62
2023-12-01,2023,12,1,335,0.75,27.52,17.44,21.32,84.23,16.64,1.17
2023-12-02,2023,12,2,336,0.29,28.37,16.47,22.08,78.37,15.28,1.89
2023-12-03,2023,12,3,337,0.0,29.23,17.06,22.92,73.09,16.99,2.19
2023-12-04,2023,12,4,338,0.0,28.66,17.89,22.78,77.09,16.34,1.99
2023-12-05,2023,12,5,339,0.01,27.91,17.4,21.68,75.98,14.57,2.37
2023-12-06,2023,12,6,340,0.01,26.04,16.71,20.9,79.05,13.55,2.21
2023-12-07,2023,12,7,341,0.0,26.2,16.84,20.99,78.64,14.15,1.64
2023-12-08,2023,12,8,342,0.0,27.39,15.41,20.89,76.04,16.09,1.71
2023-12-09,2023,12,9,343,0.0,28.01,14.87,20.99,75.25,17.04,1.41
2023-12-10,2023,12,10,344,0.0,27.76,15.21,20.89,75.86,16.79,1.75
2023-12-11,2023,12,11,345,0.0,27.66,14.28,20.33,74.77,17.18,1.34
2023-12-12,2023,12,12,346,0.0,27.45,13.93,20.15,74.54,16.57,1.19
2023-12-13,2023,12,13,347,0.0,27.2,13.88,20.27,72.25,16.47,1.47
2023-12-14,2023,12,14,348,0.0,26.56,14.64,19.62,70.31,16.23,2.51
2023-12-15,2023,12,15,349,0.0,26.03,13.22,18.83,67.53,16.89,2.23
2023-12-16,2023,12,16,350,0.0,26.01,11.53,18.46,70.29,16.01,1.49
2023-12-17,2023,12,17,351,0.0,26.77,14.57,19.9,75.69,13.1,2.43
2023-12-18,2023,12,18,352,0.0,25.42,15.61,19.76,71.2,12.18,3.46
2023-12-19,2023,12,19,353,0.0,24.49,15.14,18.5,66.47,13.68,3.83
2023-12-20,2023,12,20,354,0.0,24.6,13.78,18.42,58.88,12.91,2.96
2023-12-21,2023,12,21,355,0.0,24.02,14.66,18.52,58.77,13.94,2.41
2023-12-22,2023,12,22,356,0.0,28.59,14.52,20.2,55.08,11.27,1.68
2023-12-23,2023,12,23,357,0.0,29.44,13.46,20.71,53.41,16.49,1.85
2023-12-24,2023,12,24,358,0.0,28.34,14.01,20.0,59.99,14.84,2.62
2023-12-25,2023,12,25,359,0.0,29.21,14.5,20.57,55.2,16.21,2.57
2023-12-26,2023,12,26,360,0.0,29.09,13.54,20.08,58.01,16.95,2.1
2023-12-27,2023,12,27,361,0.0,28.3,13.71,19.84,62.16,15.8,2.5
2023-12-28,2023,12,28,362,0.0,28.57,13.64,20.38,61.0,16.49,2.28
2023-12-29,2023,12,29,363,0.0,28.85,14.05,20.76,60.67,17.44,2.02
2023-12-30,2023,12,30,364,0.0,28.8,14.37,21.2,61.43,17.83,1.55
2023-12-31,2023,12,31,365,0.0,28.64,13.82,21.15,58.41,17.92,1.62
